T_h,T_ell,n_h,n_ell,sigma_ratio,eps_ell,cap_K_minus_nh,r1_lower,r2_upper,has_real_roots,upper_root_exceeds_cap
1,5,4,1,1.1,0.0,5.0,0.8894205879556547,5.110579412044345,True,True
1,5,4,1,1.1,0.25,5.0,1.1041569041160524,5.145843095883947,True,True
1,5,4,1,1.1,0.5,5.0,1.3149759221606099,5.18502407783939,True,True
1,5,4,1,1.1,0.75,5.0,1.5213334859110859,5.228666514088914,True,True
1,5,4,1,1.1,1.0,5.0,1.7226168367257133,5.277383163274287,True,True
1,5,4,1,1.2000000000000002,0.0,5.0,0.8015156736211799,5.19848432637882,True,True
1,5,4,1,1.2000000000000002,0.25,5.0,0.9902185904250835,5.2597814095749165,True,True
1,5,4,1,1.2000000000000002,0.5,5.0,1.1733440342704813,5.326655965729518,True,True
1,5,4,1,1.2000000000000002,0.75,5.0,1.3504115644572763,5.399588435542723,True,True
1,5,4,1,1.2000000000000002,1.0,5.0,1.5209429854936802,5.47905701450632,True,True
1,5,4,1,1.3000000000000003,0.0,5.0,0.7297916056348144,5.270208394365186,True,True
1,5,4,1,1.3000000000000003,0.25,5.0,0.8983584275174206,5.351641572482579,True,True
1,5,4,1,1.3000000000000003,0.5,5.0,1.0606463897375482,5.439353610262452,True,True
1,5,4,1,1.3000000000000003,0.75,5.0,1.216330092573028,5.533669907426972,True,True
1,5,4,1,1.3000000000000003,1.0,5.0,1.3651247559418587,5.634875244058142,True,True
1,5,4,1,1.4000000000000004,0.0,5.0,0.6700705099571298,5.32992949004287,True,True
1,5,4,1,1.4000000000000004,0.25,5.0,0.822536257459352,5.427463742540648,True,True
1,5,4,1,1.4000000000000004,0.5,5.0,0.9684748209022231,5.531525179097777,True,True
1,5,4,1,1.4000000000000004,0.75,5.0,1.1077053565978683,5.642294643402131,True,True
1,5,4,1,1.4000000000000004,1.0,5.0,1.2401011400633748,5.759898859936625,True,True
1,5,4,1,1.5000000000000007,0.0,5.0,0.6195238571523829,5.380476142847617,True,True
1,5,4,1,1.5000000000000007,0.25,5.0,0.7587881892498856,5.491211810750114,True,True
1,5,4,1,1.5000000000000007,0.5,5.0,0.8915047169858488,5.608495283014151,True,True
1,5,4,1,1.5000000000000007,0.75,5.0,1.0176091400307268,5.732390859969273,True,True
1,5,4,1,1.5000000000000007,1.0,5.0,1.1370921868736952,5.862907813126305,True,True
1,5,4,1,1.6000000000000005,0.0,5.0,0.5761600712918353,5.423839928708165,True,True
1,5,4,1,1.6000000000000005,0.25,5.0,0.7043854086203645,5.5456145913796355,True,True
1,5,4,1,1.6000000000000005,0.5,5.0,0.8261600712918353,5.673839928708165,True,True
1,5,4,1,1.6000000000000005,0.75,5.0,0.9415097082585264,5.808490291741474,True,True
1,5,4,1,1.6000000000000005,1.0,5.0,1.0505102572168217,5.949489742783179,True,True
1,5,4,1,1.7000000000000006,0.0,5.0,0.5385322408343907,5.461467759165609,True,True
1,5,4,1,1.7000000000000006,0.25,5.0,0.6573787949191416,5.592621205080858,True,True
1,5,4,1,1.7000000000000006,0.5,5.0,0.7699324013007933,5.730067598699207,True,True
1,5,4,1,1.7000000000000006,0.75,5.0,0.8762870960291194,5.873712903970881,True,True
1,5,4,1,1.7000000000000006,1.0,5.0,0.9765802848468645,6.0234197151531355,True,True
1,5,4,1,1.8000000000000005,0.0,5.0,0.5055617421507055,5.4944382578492945,True,True
1,5,4,1,1.8000000000000005,0.25,5.0,0.6163344627516048,5.633665537248396,True,True
1,5,4,1,1.8000000000000005,0.5,5.0,0.7210015157510798,5.77899848424892,True,True
1,5,4,1,1.8000000000000005,0.75,5.0,0.8197086489230059,5.930291351076994,True,True
1,5,4,1,1.8000000000000005,1.0,5.0,0.9126375506233289,6.087362449376672,True,True
1,5,4,1,1.9000000000000008,0.0,5.0,0.4764269274238204,5.52357307257618,True,True
1,5,4,1,1.9000000000000008,0.25,5.0,0.580171652981389,5.669828347018611,True,True
1,5,4,1,1.9000000000000008,0.5,5.0,0.6780101907380405,5.821989809261959,True,True
1,5,4,1,1.9000000000000008,0.75,5.0,0.7701272886942698,5.97987271130573,True,True
1,5,4,1,1.9000000000000008,1.0,5.0,0.8567364669289668,6.143263533071034,True,True
1,5,4,1,2.000000000000001,0.0,5.0,0.4504902432036073,5.549509756796393,True,True
1,5,4,1,2.000000000000001,0.25,5.0,0.548058983988962,5.7019410160110375,True,True
1,5,4,1,2.000000000000001,0.5,5.0,0.6399233727723623,5.860076627227638,True,True
1,5,4,1,2.000000000000001,0.75,5.0,0.7262974874478632,6.023702512552137,True,True
1,5,4,1,2.000000000000001,1.0,5.0,0.8074175964327477,6.192582403567252,True,True
1,5,4,1,2.100000000000001,0.0,5.0,0.4272490172876,5.5727509827123995,True,True
1,5,4,1,2.100000000000001,0.25,5.0,0.5193456630225248,5.730654336977475,True,True
1,5,4,1,2.100000000000001,0.5,5.0,0.6059365687314857,5.894063431268514,True,True
1,5,4,1,2.100000000000001,0.75,5.0,0.6872577628549768,6.062742237145024,True,True
1,5,4,1,2.100000000000001,1.0,5.0,0.7635615778725735,6.236438422127426,True,True
1,5,4,1,2.200000000000001,0.0,5.0,0.40630134223870806,5.593698657761292,True,True
1,5,4,1,2.200000000000001,0.25,5.0,0.4935145052478611,5.756485494752139,True,True
1,5,4,1,2.200000000000001,0.5,5.0,0.5754142206859223,5.924585779314078,True,True
1,5,4,1,2.200000000000001,0.75,5.0,0.6522528077826846,6.097747192217316,True,True
1,5,4,1,2.200000000000001,1.0,5.0,0.724293701677813,6.275706298322187,True,True
1,5,4,1,2.300000000000001,0.0,5.0,0.3873218804219798,5.61267811957802,True,True
1,5,4,1,2.300000000000001,0.25,5.0,0.4701490257168528,5.779850974283147,True,True
1,5,4,1,2.300000000000001,0.5,5.0,0.5478470741309605,5.95215292586904,True,True
1,5,4,1,2.300000000000001,0.75,5.0,0.6206802702095304,6.12931972979047,True,True
1,5,4,1,2.300000000000001,1.0,5.0,0.6889194403141912,6.311080559685809,True,True
1,5,4,1,2.4000000000000012,0.0,5.0,0.3700443603234165,5.6299556396765835,True,True
1,5,4,1,2.4000000000000012,0.25,5.0,0.44890987944476457,5.801090120555235,True,True
1,5,4,1,2.4000000000000012,0.5,5.0,0.5228219713410711,5.977178028658929,True,True
1,5,4,1,2.4000000000000012,0.75,5.0,0.5920534200839089,6.157946579916091,True,True
1,5,4,1,2.4000000000000012,1.0,5.0,0.6568796484613362,6.343120351538664,True,True
1,5,4,1,2.5000000000000013,0.0,5.0,0.3542486889354093,5.645751311064591,True,True
1,5,4,1,2.5000000000000013,0.25,5.0,0.4295176683940216,5.820482331605978,True,True
1,5,4,1,2.5000000000000013,0.5,5.0,0.49999999999999956,6.0,True,True
1,5,4,1,2.5000000000000013,0.75,5.0,0.5659743682194707,6.184025631780529,True,True
1,5,4,1,2.5000000000000013,1.0,5.0,0.6277186767309852,6.372281323269014,True,True
1,5,4,1,2.6000000000000014,0.0,5.0,0.3397513129552947,5.660248687044705,True,True
1,5,4,1,2.6000000000000014,0.25,5.0,0.4117401808610648,5.838259819138935,True,True
1,5,4,1,2.6000000000000014,0.5,5.0,0.47910039601132137,6.020899603988679,True,True
1,5,4,1,2.6000000000000014,0.75,5.0,0.5421144773190383,6.207885522680962,True,True
1,5,4,1,2.6000000000000014,1.0,5.0,0.6010612021213424,6.398938797878658,True,True
1,5,4,1,2.700000000000002,0.0,5.0,0.32639790766311894,5.673602092336881,True,True
1,5,4,1,2.700000000000002,0.25,5.0,0.3953827768008962,5.854617223199104,True,True
1,5,4,1,2.700000000000002,0.5,5.0,0.4598884928694651,6.0401115071305345,True,True
1,5,4,1,2.700000000000002,0.75,5.0,0.5201997864545298,6.22980021354547,True,True
1,5,4,1,2.700000000000002,1.0,5.0,0.5765950851282509,6.42340491487175,True,True
1,5,4,1,2.8000000000000016,0.0,5.0,0.31405776043383327,5.685942239566167,True,True
1,5,4,1,2.8000000000000016,0.25,5.0,0.38028104483225,5.86971895516775,True,True
1,5,4,1,2.8000000000000016,0.5,5.0,0.44216656985700586,6.057833430142994,True,True
1,5,4,1,2.8000000000000016,0.75,5.0,0.49999999999999956,6.25,True,True
1,5,4,1,2.8000000000000016,1.0,5.0,0.5540584818141023,6.445941518185897,True,True
1,5,4,1,2.9000000000000017,0.0,5.0,0.30261940598559267,5.697380594014407,True,True
1,5,4,1,2.9000000000000017,0.25,5.0,0.3662951252069573,5.883704874793043,True,True
1,5,4,1,2.9000000000000017,0.5,5.0,0.42576681142504125,6.074233188574959,True,True
1,5,4,1,2.9000000000000017,0.75,5.0,0.4813200555884456,6.268679944411554,True,True
1,5,4,1,2.9000000000000017,1.0,5.0,0.5332300160054477,6.466769983994553,True,True
1,5,4,1,3.0000000000000018,0.0,5.0,0.2919871984546796,5.708012801545321,True,True
1,5,4,1,3.0000000000000018,0.25,5.0,0.3533052717395684,5.896694728260432,True,True
1,5,4,1,3.0000000000000018,0.5,5.0,0.41054582709986276,6.089454172900137,True,True
1,5,4,1,3.0000000000000018,0.75,5.0,0.46399358754857145,6.286006412451428,True,True
1,5,4,1,3.0000000000000018,1.0,5.0,0.5139211888051802,6.48607881119482,True,True
1,5,4,2,1.1,0.0,5.0,1.7788411759113094,10.22115882408869,True,True
1,5,4,2,1.1,0.25,5.0,1.994494032754032,10.255505967245968,True,True
1,5,4,2,1.1,0.5,5.0,2.2083138082321048,10.291686191767894,True,True
1,5,4,2,1.1,0.75,5.0,2.420176995110906,10.329823004889095,True,True
1,5,4,2,1.1,1.0,5.0,2.6299518443212198,10.37004815567878,True,True
1,5,4,2,1.2000000000000002,0.0,5.0,1.6030313472423598,10.39696865275764,True,True
1,5,4,2,1.2000000000000002,0.25,5.0,1.7930691372091356,10.456930862790864,True,True
1,5,4,2,1.2000000000000002,0.5,5.0,1.980437180850167,10.519562819149833,True,True
1,5,4,2,1.2000000000000002,0.75,5.0,2.1650168250534145,10.584983174946586,True,True
1,5,4,2,1.2000000000000002,1.0,5.0,2.3466880685409626,10.653311931459037,True,True
1,5,4,2,1.3000000000000003,0.0,5.0,1.4595832112696288,10.540416788730372,True,True
1,5,4,2,1.3000000000000003,0.25,5.0,1.6296765753388005,10.6203234246612,True,True
1,5,4,2,1.3000000000000003,0.5,5.0,1.7967168550348411,10.703283144965159,True,True
1,5,4,2,1.3000000000000003,0.75,5.0,1.9606168215532254,10.789383178446775,True,True
1,5,4,2,1.3000000000000003,1.0,5.0,2.1212927794750964,10.878707220524904,True,True
1,5,4,2,1.4000000000000004,0.0,5.0,1.3401410199142596,10.65985898008574,True,True
1,5,4,2,1.4000000000000004,0.25,5.0,1.4942121157872679,10.755787884212733,True,True
1,5,4,2,1.4000000000000004,0.5,5.0,1.645072514918704,10.854927485081296,True,True
1,5,4,2,1.4000000000000004,0.75,5.0,1.792667858268799,10.9573321417312,True,True
1,5,4,2,1.4000000000000004,1.0,5.0,1.9369496418044463,11.063050358195554,True,True
1,5,4,2,1.5000000000000007,0.0,5.0,1.2390477143047658,10.760952285695234,True,True
1,5,4,2,1.5000000000000007,0.25,5.0,1.3799367759744223,10.870063224025579,True,True
1,5,4,2,1.5000000000000007,0.5,5.0,1.5175763784997711,10.982423621500228,True,True
1,5,4,2,1.5000000000000007,0.75,5.0,1.651940433716014,11.098059566283986,True,True
1,5,4,2,1.5000000000000007,1.0,5.0,1.7830094339716975,11.216990566028302,True,True
1,5,4,2,1.6000000000000005,0.0,5.0,1.1523201425836707,10.84767985741633,True,True
1,5,4,2,1.6000000000000005,0.25,5.0,1.2821573430473707,10.96784265695263,True,True
1,5,4,2,1.6000000000000005,0.5,5.0,1.408770817240729,11.091229182759271,True,True
1,5,4,2,1.6000000000000005,0.75,5.0,1.5321573430473707,11.21784265695263,True,True
1,5,4,2,1.6000000000000005,1.0,5.0,1.6523201425836707,11.34767985741633,True,True
1,5,4,2,1.7000000000000006,0.0,5.0,1.0770644816687813,10.922935518331219,True,True
1,5,4,2,1.7000000000000006,0.25,5.0,1.1974924269613805,11.05250757303862,True,True
1,5,4,2,1.7000000000000006,0.5,5.0,1.3147575898382833,11.185242410161717,True,True
1,5,4,2,1.7000000000000006,0.75,5.0,1.4288748083206881,11.321125191679311,True,True
1,5,4,2,1.7000000000000006,1.0,5.0,1.5398648026015866,11.460135197398413,True,True
1,5,4,2,1.8000000000000005,0.0,5.0,1.011123484301411,10.988876515698589,True,True
1,5,4,2,1.8000000000000005,0.25,5.0,1.1234377440643604,11.126562255935639,True,True
1,5,4,2,1.8000000000000005,0.5,5.0,1.2326689255032095,11.267331074496791,True,True
1,5,4,2,1.8000000000000005,0.75,5.0,1.3388459890287088,11.411154010971291,True,True
1,5,4,2,1.8000000000000005,1.0,5.0,1.4420030315021597,11.55799696849784,True,True
1,5,4,2,1.9000000000000008,0.0,5.0,0.9528538548476408,11.04714614515236,True,True
1,5,4,2,1.9000000000000008,0.25,5.0,1.0580956455798267,11.191904354420174,True,True
1,5,4,2,1.9000000000000008,0.5,5.0,1.160343305962778,11.339656694037222,True,True
1,5,4,2,1.9000000000000008,0.75,5.0,1.2596367881181996,11.4903632118818,True,True
1,5,4,2,1.9000000000000008,1.0,5.0,1.356020381476081,11.643979618523918,True,True
1,5,4,2,2.000000000000001,0.0,5.0,0.9009804864072146,11.099019513592786,True,True
1,5,4,2,2.000000000000001,0.25,5.0,1.0,11.25,True,True
1,5,4,2,2.000000000000001,0.5,5.0,1.096117967977924,11.403882032022075,True,True
1,5,4,2,2.000000000000001,0.75,5.0,1.1893828718271147,11.560617128172886,True,True
1,5,4,2,2.000000000000001,1.0,5.0,1.2798467455447247,11.720153254455276,True,True
1,5,4,2,2.100000000000001,0.0,5.0,0.8544980345752,11.145501965424799,True,True
1,5,4,2,2.100000000000001,0.25,5.0,0.9479990065951993,11.3020009934048,True,True
1,5,4,2,2.100000000000001,0.5,5.0,1.0386913260450497,11.46130867395495,True,True
1,5,4,2,2.100000000000001,0.75,5.0,1.1266300716544464,11.623369928345554,True,True
1,5,4,2,2.100000000000001,1.0,5.0,1.2118731374629714,11.788126862537029,True,True
1,5,4,2,2.200000000000001,0.0,5.0,0.8126026844774161,11.187397315522585,True,True
1,5,4,2,2.200000000000001,0.25,5.0,0.9011745556797868,11.348825444320212,True,True
1,5,4,2,2.200000000000001,0.5,5.0,0.9870290104957222,11.512970989504279,True,True
1,5,4,2,2.200000000000001,0.75,5.0,1.070226206519263,11.679773793480738,True,True
1,5,4,2,2.200000000000001,1.0,5.0,1.1508284413718446,11.849171558628155,True,True
1,5,4,2,2.300000000000001,0.0,5.0,0.7746437608439596,11.22535623915604,True,True
1,5,4,2,2.300000000000001,0.25,5.0,0.858785391351029,11.391214608648971,True,True
1,5,4,2,2.300000000000001,0.5,5.0,0.9402980514337056,11.559701948566294,True,True
1,5,4,2,2.300000000000001,0.75,5.0,1.0192457803900696,11.730754219609931,True,True
1,5,4,2,2.300000000000001,1.0,5.0,1.095694148261921,11.90430585173808,True,True
1,5,4,2,2.4000000000000012,0.0,5.0,0.740088720646833,11.259911279353167,True,True
1,5,4,2,2.4000000000000012,0.25,5.0,0.8202262065192629,11.429773793480738,True,True
1,5,4,2,2.4000000000000012,0.5,5.0,0.8978197588895291,11.60218024111047,True,True
1,5,4,2,2.4000000000000012,0.75,5.0,0.9729363511092659,11.777063648890735,True,True
1,5,4,2,2.4000000000000012,1.0,5.0,1.0456439426821422,11.954356057317858,True,True
1,5,4,2,2.5000000000000013,0.0,5.0,0.7084973778708186,11.291502622129181,True,True
1,5,4,2,2.5000000000000013,0.25,5.0,0.7849976591765424,11.465002340823457,True,True
1,5,4,2,2.5000000000000013,0.5,5.0,0.8590353367880432,11.640964663211957,True,True
1,5,4,2,2.5000000000000013,0.75,5.0,0.9306795649043575,11.819320435095642,True,True
1,5,4,2,2.5000000000000013,1.0,5.0,0.9999999999999991,12.0,True,True
1,5,4,2,2.6000000000000014,0.0,5.0,0.6795026259105894,11.32049737408941,True,True
1,5,4,2,2.6000000000000014,0.25,5.0,0.752684033291243,11.497315966708758,True,True
1,5,4,2,2.6000000000000014,0.5,5.0,0.8234803617221296,11.67651963827787,True,True
1,5,4,2,2.6000000000000014,0.75,5.0,0.8919623452800431,11.858037654719958,True,True
1,5,4,2,2.6000000000000014,1.0,5.0,0.9582007920226427,12.041799207977357,True,True
1,5,4,2,2.700000000000002,0.0,5.0,0.6527958153262379,11.347204184673762,True,True
1,5,4,2,2.700000000000002,0.25,5.0,0.7229363511092659,11.527063648890735,True,True
1,5,4,2,2.700000000000002,0.5,5.0,0.7907655536017923,11.709234446398208,True,True
1,5,4,2,2.700000000000002,0.75,5.0,0.8563552556071503,11.89364474439285,True,True
1,5,4,2,2.700000000000002,1.0,5.0,0.9197769857389302,12.080223014261069,True,True
1,5,4,2,2.8000000000000016,0.0,5.0,0.6281155208676665,11.371884479132333,True,True
1,5,4,2,2.8000000000000016,0.25,5.0,0.6954594380108254,11.554540561989175,True,True
1,5,4,2,2.8000000000000016,0.5,5.0,0.7605620896645,11.7394379103355,True,True
1,5,4,2,2.8000000000000016,0.75,5.0,0.8234960210253446,11.926503978974655,True,True
1,5,4,2,2.8000000000000016,1.0,5.0,0.8843331397140117,12.115666860285987,True,True
1,5,4,2,2.9000000000000017,0.0,5.0,0.6052388119711853,11.394761188028815,True,True
1,5,4,2,2.9000000000000017,0.25,5.0,0.6700018963940204,11.57999810360598,True,True
1,5,4,2,2.9000000000000017,0.5,5.0,0.7325902504139146,11.767409749586086,True,True
1,5,4,2,2.9000000000000017,0.75,5.0,0.7930768207265384,11.956923179273462,True,True
1,5,4,2,2.9000000000000017,1.0,5.0,0.8515336228500825,12.148466377149918,True,True
1,5,4,2,3.0000000000000018,0.0,5.0,0.5839743969093592,11.416025603090642,True,True
1,5,4,2,3.0000000000000018,0.25,5.0,0.6463482497972182,11.603651750202783,True,True
1,5,4,2,3.0000000000000018,0.5,5.0,0.7066105434791368,11.793389456520863,True,True
1,5,4,2,3.0000000000000018,0.75,5.0,0.7648343755880669,11.985165624411934,True,True
1,5,4,2,3.0000000000000018,1.0,5.0,0.8210916541997255,12.178908345800274,True,True
1,5,4,3,1.1,0.0,5.0,2.6682617638669637,15.331738236133036,True,True
1,5,4,3,1.1,0.25,5.0,2.8842113333475083,15.365788666652492,True,True
1,5,4,3,1.1,0.5,5.0,3.0989653494125653,15.401034650587434,True,True
1,5,4,3,1.1,0.75,5.0,3.3124707123481567,15.437529287651843,True,True
1,5,4,3,1.1,1.0,5.0,3.524671937496196,15.475328062503804,True,True
1,5,4,3,1.2000000000000002,0.0,5.0,2.40454702086354,15.59545297913646,True,True
1,5,4,3,1.2000000000000002,0.25,5.0,2.5950210566955114,15.654978943304489,True,True
1,5,4,3,1.2000000000000002,0.5,5.0,2.783741421811218,15.716258578188782,True,True
1,5,4,3,1.2000000000000002,0.75,5.0,2.9706557712752506,15.77934422872475,True,True
1,5,4,3,1.2000000000000002,1.0,5.0,3.155711229775239,15.844288770224761,True,True
1,5,4,3,1.3000000000000003,0.0,5.0,2.1893748169044436,15.810625183095556,True,True
1,5,4,3,1.3000000000000003,0.25,5.0,2.3599704361325955,15.890029563867405,True,True
1,5,4,3,1.3000000000000003,0.5,5.0,2.528550408179451,15.971449591820548,True,True
1,5,4,3,1.3000000000000003,0.75,5.0,2.6950752825522617,16.05492471744774,True,True
1,5,4,3,1.3000000000000003,1.0,5.0,2.8595065058270066,16.140493494172993,True,True
1,5,4,3,1.4000000000000004,0.0,5.0,2.0102115298713894,15.98978847012861,True,True
1,5,4,3,1.4000000000000004,0.25,5.0,2.164813477458278,16.085186522541722,True,True
1,5,4,3,1.4000000000000004,0.5,5.0,2.3172876880689763,16.182712311931024,True,True
1,5,4,3,1.4000000000000004,0.75,5.0,2.467608772378057,16.282391227621943,True,True
1,5,4,3,1.4000000000000004,1.0,5.0,2.6157529719760095,16.384247028023992,True,True
1,5,4,3,1.5000000000000007,0.0,5.0,1.8585715714571487,16.141428428542852,True,True
1,5,4,3,1.5000000000000007,0.25,5.0,1.9999999999999991,16.25,True,True
1,5,4,3,1.5000000000000007,0.5,5.0,2.139268673336053,16.360731326663945,True,True
1,5,4,3,1.5000000000000007,0.75,5.0,2.276364567749657,16.473635432250344,True,True
1,5,4,3,1.5000000000000007,1.0,5.0,2.4112765606210864,16.588723439378914,True,True
1,5,4,3,1.6000000000000005,0.0,5.0,1.728480213875505,16.271519786124493,True,True
1,5,4,3,1.6000000000000005,0.25,5.0,1.8588541853331888,16.39114581466681,True,True
1,5,4,3,1.6000000000000005,0.5,5.0,1.9870804768330244,16.512919523166975,True,True
1,5,4,3,1.6000000000000005,0.75,5.0,2.1131562258610925,16.636843774138907,True,True
1,5,4,3,1.6000000000000005,1.0,5.0,2.2370804768330244,16.762919523166975,True,True
1,5,4,3,1.7000000000000006,0.0,5.0,1.615596722503172,16.38440327749683,True,True
1,5,4,3,1.7000000000000006,0.25,5.0,1.7365526386280106,16.513447361371988,True,True
1,5,4,3,1.7000000000000006,0.5,5.0,1.8553974373991178,16.64460256260088,True,True
1,5,4,3,1.7000000000000006,0.75,5.0,1.972136384757425,16.777863615242573,True,True
1,5,4,3,1.7000000000000006,1.0,5.0,2.0867765207744355,16.913223479225564,True,True
1,5,4,3,1.8000000000000005,0.0,5.0,1.5166852264521165,16.48331477354788,True,True
1,5,4,3,1.8000000000000005,0.25,5.0,1.6295152480532211,16.62048475194678,True,True
1,5,4,3,1.8000000000000005,0.5,5.0,1.740284071062785,16.759715928937215,True,True
1,5,4,3,1.8000000000000005,0.75,5.0,1.8490033882548147,16.900996611745185,True,True
1,5,4,3,1.8000000000000005,1.0,5.0,1.9556864681624822,17.044313531837517,True,True
1,5,4,3,1.9000000000000008,0.0,5.0,1.4292807822714613,16.570719217728538,True,True
1,5,4,3,1.9000000000000008,0.25,5.0,1.5350243568797994,16.7149756431202,True,True
1,5,4,3,1.9000000000000008,0.5,5.0,1.638763500413905,16.861236499586095,True,True
1,5,4,3,1.9000000000000008,0.75,5.0,1.7405149589441677,17.009485041055832,True,True
1,5,4,3,1.9000000000000008,1.0,5.0,1.8402968313661816,17.15970316863382,True,True
1,5,4,3,2.000000000000001,0.0,5.0,1.3514707296108215,16.64852927038918,True,True
1,5,4,3,2.000000000000001,0.25,5.0,1.450977260914585,16.799022739085416,True,True
1,5,4,3,2.000000000000001,0.5,5.0,1.5485390996253177,16.951460900374684,True,True
1,5,4,3,2.000000000000001,0.75,5.0,1.6441769519668856,17.105823048033116,True,True
1,5,4,3,2.000000000000001,1.0,5.0,1.737912651869987,17.262087348130013,True,True
1,5,4,3,2.100000000000001,0.0,5.0,1.2817470518627996,16.7182529481372,True,True
1,5,4,3,2.100000000000001,0.25,5.0,1.3757200795354994,16.874279920464502,True,True
1,5,4,3,2.100000000000001,0.5,5.0,1.467808791863309,17.03219120813669,True,True
1,5,4,3,2.100000000000001,0.75,5.0,1.558036989067575,17.191963010932426,True,True
1,5,4,3,2.100000000000001,1.0,5.0,1.6464293834860415,17.35357061651396,True,True
1,5,4,3,2.200000000000001,0.0,5.0,1.2189040267161237,16.781095973283875,True,True
1,5,4,3,2.200000000000001,0.25,5.0,1.3079331529716915,16.942066847028308,True,True
1,5,4,3,2.200000000000001,0.5,5.0,1.3951375800486714,17.104862419951328,True,True
1,5,4,3,2.200000000000001,0.75,5.0,1.480543515743583,17.269456484256416,True,True
1,5,4,3,2.200000000000001,1.0,5.0,1.5641778795595007,17.4358221204405,True,True
1,5,4,3,2.300000000000001,0.0,5.0,1.1619656412659394,16.83803435873406,True,True
1,5,4,3,2.300000000000001,0.25,5.0,1.2465501000458872,17.003449899954113,True,True
1,5,4,3,2.300000000000001,0.5,5.0,1.3293678886418236,17.170632111358177,True,True
1,5,4,3,2.300000000000001,0.75,5.0,1.4104470771505584,17.339552922849442,True,True
1,5,4,3,2.300000000000001,1.0,5.0,1.489816264388132,17.510183735611868,True,True
1,5,4,3,2.4000000000000012,0.0,5.0,1.1101330809702494,16.88986691902975,True,True
1,5,4,3,2.4000000000000012,0.25,5.0,1.1906994637208248,17.059300536279174,True,True
1,5,4,3,2.4000000000000012,0.5,5.0,1.2695551502438152,17.230444849756186,True,True
1,5,4,3,2.4000000000000012,0.75,5.0,1.3467296383342937,17.403270361665705,True,True
1,5,4,3,2.4000000000000012,1.0,5.0,1.422252789298243,17.57774721070176,True,True
1,5,4,3,2.5000000000000013,0.0,5.0,1.062746066806227,16.937253933193773,True,True
1,5,4,3,2.5000000000000013,0.25,5.0,1.1396618731577801,17.11033812684222,True,True
1,5,4,3,2.5000000000000013,0.5,5.0,1.2149206600059,17.2850793399941,True,True
1,5,4,3,2.5000000000000013,0.75,5.0,1.2885530051820648,17.461446994817933,True,True
1,5,4,3,2.5000000000000013,1.0,5.0,1.3605897019501452,17.639410298049853,True,True
1,5,4,3,2.6000000000000014,0.0,5.0,1.0192539388658846,16.980746061134116,True,True
1,5,4,3,2.6000000000000014,0.25,5.0,1.0928380867913283,17.15716191320867,True,True
1,5,4,3,2.6000000000000014,0.5,5.0,1.1648164951132784,17.33518350488672,True,True
1,5,4,3,2.6000000000000014,0.75,5.0,1.2352205425831944,17.514779457416807,True,True
1,5,4,3,2.6000000000000014,1.0,5.0,1.3040816912882214,17.69591830871178,True,True
1,5,4,3,2.700000000000002,0.0,5.0,0.9791937229893559,17.020806277010642,True,True
1,5,4,3,2.700000000000002,0.25,5.0,1.0497248068908238,17.200275193109178,True,True
1,5,4,3,2.700000000000002,0.5,5.0,1.1186990244146315,17.38130097558537,True,True
1,5,4,3,2.700000000000002,0.75,5.0,1.1861483304026876,17.563851669597312,True,True
1,5,4,3,2.700000000000002,1.0,5.0,1.2521046455609177,17.74789535443908,True,True
1,5,4,3,2.8000000000000016,0.0,5.0,0.9421732813014998,17.0578267186985,True,True
1,5,4,3,2.8000000000000016,0.25,5.0,1.0098961365681998,17.2401038634318,True,True
1,5,4,3,2.8000000000000016,0.5,5.0,1.0761086378640918,17.423891362135908,True,True
1,5,4,3,2.8000000000000016,0.75,5.0,1.14084313449675,17.60915686550325,True,True
1,5,4,3,2.8000000000000016,1.0,5.0,1.2041318373886511,17.79586816261135,True,True
1,5,4,3,2.9000000000000017,0.0,5.0,0.9078582179567771,17.09214178204322,True,True
1,5,4,3,2.9000000000000017,0.25,5.0,0.9729891945352644,17.277010805464734,True,True
1,5,4,3,2.9000000000000017,0.5,5.0,1.0366540481885256,17.463345951811476,True,True
1,5,4,3,2.9000000000000017,0.75,5.0,1.0988853756208723,17.651114624379126,True,True
1,5,4,3,2.9000000000000017,1.0,5.0,1.1597155427655697,17.840284457234432,True,True
1,5,4,3,3.0000000000000018,0.0,5.0,0.8759615953640392,17.12403840463596,True,True
1,5,4,3,3.0000000000000018,0.25,5.0,0.9386928349835291,17.311307165016473,True,True
1,5,4,3,3.0000000000000018,0.5,5.0,1.0,17.5,True,True
1,5,4,3,3.0000000000000018,0.75,5.0,1.0599158152187051,17.690084184781295,True,True
1,5,4,3,3.0000000000000018,1.0,5.0,1.1184726928798945,17.881527307120106,True,True
1,5,5,1,1.1,0.0,4.0,0.8894205879556547,5.110579412044345,True,True
1,5,5,1,1.1,0.25,4.0,1.1041569041160524,5.145843095883947,True,True
1,5,5,1,1.1,0.5,4.0,1.3149759221606099,5.18502407783939,True,True
1,5,5,1,1.1,0.75,4.0,1.5213334859110859,5.228666514088914,True,True
1,5,5,1,1.1,1.0,4.0,1.7226168367257133,5.277383163274287,True,True
1,5,5,1,1.2000000000000002,0.0,4.0,0.8015156736211799,5.19848432637882,True,True
1,5,5,1,1.2000000000000002,0.25,4.0,0.9902185904250835,5.2597814095749165,True,True
1,5,5,1,1.2000000000000002,0.5,4.0,1.1733440342704813,5.326655965729518,True,True
1,5,5,1,1.2000000000000002,0.75,4.0,1.3504115644572763,5.399588435542723,True,True
1,5,5,1,1.2000000000000002,1.0,4.0,1.5209429854936802,5.47905701450632,True,True
1,5,5,1,1.3000000000000003,0.0,4.0,0.7297916056348144,5.270208394365186,True,True
1,5,5,1,1.3000000000000003,0.25,4.0,0.8983584275174206,5.351641572482579,True,True
1,5,5,1,1.3000000000000003,0.5,4.0,1.0606463897375482,5.439353610262452,True,True
1,5,5,1,1.3000000000000003,0.75,4.0,1.216330092573028,5.533669907426972,True,True
1,5,5,1,1.3000000000000003,1.0,4.0,1.3651247559418587,5.634875244058142,True,True
1,5,5,1,1.4000000000000004,0.0,4.0,0.6700705099571298,5.32992949004287,True,True
1,5,5,1,1.4000000000000004,0.25,4.0,0.822536257459352,5.427463742540648,True,True
1,5,5,1,1.4000000000000004,0.5,4.0,0.9684748209022231,5.531525179097777,True,True
1,5,5,1,1.4000000000000004,0.75,4.0,1.1077053565978683,5.642294643402131,True,True
1,5,5,1,1.4000000000000004,1.0,4.0,1.2401011400633748,5.759898859936625,True,True
1,5,5,1,1.5000000000000007,0.0,4.0,0.6195238571523829,5.380476142847617,True,True
1,5,5,1,1.5000000000000007,0.25,4.0,0.7587881892498856,5.491211810750114,True,True
1,5,5,1,1.5000000000000007,0.5,4.0,0.8915047169858488,5.608495283014151,True,True
1,5,5,1,1.5000000000000007,0.75,4.0,1.0176091400307268,5.732390859969273,True,True
1,5,5,1,1.5000000000000007,1.0,4.0,1.1370921868736952,5.862907813126305,True,True
1,5,5,1,1.6000000000000005,0.0,4.0,0.5761600712918353,5.423839928708165,True,True
1,5,5,1,1.6000000000000005,0.25,4.0,0.7043854086203645,5.5456145913796355,True,True
1,5,5,1,1.6000000000000005,0.5,4.0,0.8261600712918353,5.673839928708165,True,True
1,5,5,1,1.6000000000000005,0.75,4.0,0.9415097082585264,5.808490291741474,True,True
1,5,5,1,1.6000000000000005,1.0,4.0,1.0505102572168217,5.949489742783179,True,True
1,5,5,1,1.7000000000000006,0.0,4.0,0.5385322408343907,5.461467759165609,True,True
1,5,5,1,1.7000000000000006,0.25,4.0,0.6573787949191416,5.592621205080858,True,True
1,5,5,1,1.7000000000000006,0.5,4.0,0.7699324013007933,5.730067598699207,True,True
1,5,5,1,1.7000000000000006,0.75,4.0,0.8762870960291194,5.873712903970881,True,True
1,5,5,1,1.7000000000000006,1.0,4.0,0.9765802848468645,6.0234197151531355,True,True
1,5,5,1,1.8000000000000005,0.0,4.0,0.5055617421507055,5.4944382578492945,True,True
1,5,5,1,1.8000000000000005,0.25,4.0,0.6163344627516048,5.633665537248396,True,True
1,5,5,1,1.8000000000000005,0.5,4.0,0.7210015157510798,5.77899848424892,True,True
1,5,5,1,1.8000000000000005,0.75,4.0,0.8197086489230059,5.930291351076994,True,True
1,5,5,1,1.8000000000000005,1.0,4.0,0.9126375506233289,6.087362449376672,True,True
1,5,5,1,1.9000000000000008,0.0,4.0,0.4764269274238204,5.52357307257618,True,True
1,5,5,1,1.9000000000000008,0.25,4.0,0.580171652981389,5.669828347018611,True,True
1,5,5,1,1.9000000000000008,0.5,4.0,0.6780101907380405,5.821989809261959,True,True
1,5,5,1,1.9000000000000008,0.75,4.0,0.7701272886942698,5.97987271130573,True,True
1,5,5,1,1.9000000000000008,1.0,4.0,0.8567364669289668,6.143263533071034,True,True
1,5,5,1,2.000000000000001,0.0,4.0,0.4504902432036073,5.549509756796393,True,True
1,5,5,1,2.000000000000001,0.25,4.0,0.548058983988962,5.7019410160110375,True,True
1,5,5,1,2.000000000000001,0.5,4.0,0.6399233727723623,5.860076627227638,True,True
1,5,5,1,2.000000000000001,0.75,4.0,0.7262974874478632,6.023702512552137,True,True
1,5,5,1,2.000000000000001,1.0,4.0,0.8074175964327477,6.192582403567252,True,True
1,5,5,1,2.100000000000001,0.0,4.0,0.4272490172876,5.5727509827123995,True,True
1,5,5,1,2.100000000000001,0.25,4.0,0.5193456630225248,5.730654336977475,True,True
1,5,5,1,2.100000000000001,0.5,4.0,0.6059365687314857,5.894063431268514,True,True
1,5,5,1,2.100000000000001,0.75,4.0,0.6872577628549768,6.062742237145024,True,True
1,5,5,1,2.100000000000001,1.0,4.0,0.7635615778725735,6.236438422127426,True,True
1,5,5,1,2.200000000000001,0.0,4.0,0.40630134223870806,5.593698657761292,True,True
1,5,5,1,2.200000000000001,0.25,4.0,0.4935145052478611,5.756485494752139,True,True
1,5,5,1,2.200000000000001,0.5,4.0,0.5754142206859223,5.924585779314078,True,True
1,5,5,1,2.200000000000001,0.75,4.0,0.6522528077826846,6.097747192217316,True,True
1,5,5,1,2.200000000000001,1.0,4.0,0.724293701677813,6.275706298322187,True,True
1,5,5,1,2.300000000000001,0.0,4.0,0.3873218804219798,5.61267811957802,True,True
1,5,5,1,2.300000000000001,0.25,4.0,0.4701490257168528,5.779850974283147,True,True
1,5,5,1,2.300000000000001,0.5,4.0,0.5478470741309605,5.95215292586904,True,True
1,5,5,1,2.300000000000001,0.75,4.0,0.6206802702095304,6.12931972979047,True,True
1,5,5,1,2.300000000000001,1.0,4.0,0.6889194403141912,6.311080559685809,True,True
1,5,5,1,2.4000000000000012,0.0,4.0,0.3700443603234165,5.6299556396765835,True,True
1,5,5,1,2.4000000000000012,0.25,4.0,0.44890987944476457,5.801090120555235,True,True
1,5,5,1,2.4000000000000012,0.5,4.0,0.5228219713410711,5.977178028658929,True,True
1,5,5,1,2.4000000000000012,0.75,4.0,0.5920534200839089,6.157946579916091,True,True
1,5,5,1,2.4000000000000012,1.0,4.0,0.6568796484613362,6.343120351538664,True,True
1,5,5,1,2.5000000000000013,0.0,4.0,0.3542486889354093,5.645751311064591,True,True
1,5,5,1,2.5000000000000013,0.25,4.0,0.4295176683940216,5.820482331605978,True,True
1,5,5,1,2.5000000000000013,0.5,4.0,0.49999999999999956,6.0,True,True
1,5,5,1,2.5000000000000013,0.75,4.0,0.5659743682194707,6.184025631780529,True,True
1,5,5,1,2.5000000000000013,1.0,4.0,0.6277186767309852,6.372281323269014,True,True
1,5,5,1,2.6000000000000014,0.0,4.0,0.3397513129552947,5.660248687044705,True,True
1,5,5,1,2.6000000000000014,0.25,4.0,0.4117401808610648,5.838259819138935,True,True
1,5,5,1,2.6000000000000014,0.5,4.0,0.47910039601132137,6.020899603988679,True,True
1,5,5,1,2.6000000000000014,0.75,4.0,0.5421144773190383,6.207885522680962,True,True
1,5,5,1,2.6000000000000014,1.0,4.0,0.6010612021213424,6.398938797878658,True,True
1,5,5,1,2.700000000000002,0.0,4.0,0.32639790766311894,5.673602092336881,True,True
1,5,5,1,2.700000000000002,0.25,4.0,0.3953827768008962,5.854617223199104,True,True
1,5,5,1,2.700000000000002,0.5,4.0,0.4598884928694651,6.0401115071305345,True,True
1,5,5,1,2.700000000000002,0.75,4.0,0.5201997864545298,6.22980021354547,True,True
1,5,5,1,2.700000000000002,1.0,4.0,0.5765950851282509,6.42340491487175,True,True
1,5,5,1,2.8000000000000016,0.0,4.0,0.31405776043383327,5.685942239566167,True,True
1,5,5,1,2.8000000000000016,0.25,4.0,0.38028104483225,5.86971895516775,True,True
1,5,5,1,2.8000000000000016,0.5,4.0,0.44216656985700586,6.057833430142994,True,True
1,5,5,1,2.8000000000000016,0.75,4.0,0.49999999999999956,6.25,True,True
1,5,5,1,2.8000000000000016,1.0,4.0,0.5540584818141023,6.445941518185897,True,True
1,5,5,1,2.9000000000000017,0.0,4.0,0.30261940598559267,5.697380594014407,True,True
1,5,5,1,2.9000000000000017,0.25,4.0,0.3662951252069573,5.883704874793043,True,True
1,5,5,1,2.9000000000000017,0.5,4.0,0.42576681142504125,6.074233188574959,True,True
1,5,5,1,2.9000000000000017,0.75,4.0,0.4813200555884456,6.268679944411554,True,True
1,5,5,1,2.9000000000000017,1.0,4.0,0.5332300160054477,6.466769983994553,True,True
1,5,5,1,3.0000000000000018,0.0,4.0,0.2919871984546796,5.708012801545321,True,True
1,5,5,1,3.0000000000000018,0.25,4.0,0.3533052717395684,5.896694728260432,True,True
1,5,5,1,3.0000000000000018,0.5,4.0,0.41054582709986276,6.089454172900137,True,True
1,5,5,1,3.0000000000000018,0.75,4.0,0.46399358754857145,6.286006412451428,True,True
1,5,5,1,3.0000000000000018,1.0,4.0,0.5139211888051802,6.48607881119482,True,True
1,5,5,2,1.1,0.0,4.0,1.7788411759113094,10.22115882408869,True,True
1,5,5,2,1.1,0.25,4.0,1.994494032754032,10.255505967245968,True,True
1,5,5,2,1.1,0.5,4.0,2.2083138082321048,10.291686191767894,True,True
1,5,5,2,1.1,0.75,4.0,2.420176995110906,10.329823004889095,True,True
1,5,5,2,1.1,1.0,4.0,2.6299518443212198,10.37004815567878,True,True
1,5,5,2,1.2000000000000002,0.0,4.0,1.6030313472423598,10.39696865275764,True,True
1,5,5,2,1.2000000000000002,0.25,4.0,1.7930691372091356,10.456930862790864,True,True
1,5,5,2,1.2000000000000002,0.5,4.0,1.980437180850167,10.519562819149833,True,True
1,5,5,2,1.2000000000000002,0.75,4.0,2.1650168250534145,10.584983174946586,True,True
1,5,5,2,1.2000000000000002,1.0,4.0,2.3466880685409626,10.653311931459037,True,True
1,5,5,2,1.3000000000000003,0.0,4.0,1.4595832112696288,10.540416788730372,True,True
1,5,5,2,1.3000000000000003,0.25,4.0,1.6296765753388005,10.6203234246612,True,True
1,5,5,2,1.3000000000000003,0.5,4.0,1.7967168550348411,10.703283144965159,True,True
1,5,5,2,1.3000000000000003,0.75,4.0,1.9606168215532254,10.789383178446775,True,True
1,5,5,2,1.3000000000000003,1.0,4.0,2.1212927794750964,10.878707220524904,True,True
1,5,5,2,1.4000000000000004,0.0,4.0,1.3401410199142596,10.65985898008574,True,True
1,5,5,2,1.4000000000000004,0.25,4.0,1.4942121157872679,10.755787884212733,True,True
1,5,5,2,1.4000000000000004,0.5,4.0,1.645072514918704,10.854927485081296,True,True
1,5,5,2,1.4000000000000004,0.75,4.0,1.792667858268799,10.9573321417312,True,True
1,5,5,2,1.4000000000000004,1.0,4.0,1.9369496418044463,11.063050358195554,True,True
1,5,5,2,1.5000000000000007,0.0,4.0,1.2390477143047658,10.760952285695234,True,True
1,5,5,2,1.5000000000000007,0.25,4.0,1.3799367759744223,10.870063224025579,True,True
1,5,5,2,1.5000000000000007,0.5,4.0,1.5175763784997711,10.982423621500228,True,True
1,5,5,2,1.5000000000000007,0.75,4.0,1.651940433716014,11.098059566283986,True,True
1,5,5,2,1.5000000000000007,1.0,4.0,1.7830094339716975,11.216990566028302,True,True
1,5,5,2,1.6000000000000005,0.0,4.0,1.1523201425836707,10.84767985741633,True,True
1,5,5,2,1.6000000000000005,0.25,4.0,1.2821573430473707,10.96784265695263,True,True
1,5,5,2,1.6000000000000005,0.5,4.0,1.408770817240729,11.091229182759271,True,True
1,5,5,2,1.6000000000000005,0.75,4.0,1.5321573430473707,11.21784265695263,True,True
1,5,5,2,1.6000000000000005,1.0,4.0,1.6523201425836707,11.34767985741633,True,True
1,5,5,2,1.7000000000000006,0.0,4.0,1.0770644816687813,10.922935518331219,True,True
1,5,5,2,1.7000000000000006,0.25,4.0,1.1974924269613805,11.05250757303862,True,True
1,5,5,2,1.7000000000000006,0.5,4.0,1.3147575898382833,11.185242410161717,True,True
1,5,5,2,1.7000000000000006,0.75,4.0,1.4288748083206881,11.321125191679311,True,True
1,5,5,2,1.7000000000000006,1.0,4.0,1.5398648026015866,11.460135197398413,True,True
1,5,5,2,1.8000000000000005,0.0,4.0,1.011123484301411,10.988876515698589,True,True
1,5,5,2,1.8000000000000005,0.25,4.0,1.1234377440643604,11.126562255935639,True,True
1,5,5,2,1.8000000000000005,0.5,4.0,1.2326689255032095,11.267331074496791,True,True
1,5,5,2,1.8000000000000005,0.75,4.0,1.3388459890287088,11.411154010971291,True,True
1,5,5,2,1.8000000000000005,1.0,4.0,1.4420030315021597,11.55799696849784,True,True
1,5,5,2,1.9000000000000008,0.0,4.0,0.9528538548476408,11.04714614515236,True,True
1,5,5,2,1.9000000000000008,0.25,4.0,1.0580956455798267,11.191904354420174,True,True
1,5,5,2,1.9000000000000008,0.5,4.0,1.160343305962778,11.339656694037222,True,True
1,5,5,2,1.9000000000000008,0.75,4.0,1.2596367881181996,11.4903632118818,True,True
1,5,5,2,1.9000000000000008,1.0,4.0,1.356020381476081,11.643979618523918,True,True
1,5,5,2,2.000000000000001,0.0,4.0,0.9009804864072146,11.099019513592786,True,True
1,5,5,2,2.000000000000001,0.25,4.0,1.0,11.25,True,True
1,5,5,2,2.000000000000001,0.5,4.0,1.096117967977924,11.403882032022075,True,True
1,5,5,2,2.000000000000001,0.75,4.0,1.1893828718271147,11.560617128172886,True,True
1,5,5,2,2.000000000000001,1.0,4.0,1.2798467455447247,11.720153254455276,True,True
1,5,5,2,2.100000000000001,0.0,4.0,0.8544980345752,11.145501965424799,True,True
1,5,5,2,2.100000000000001,0.25,4.0,0.9479990065951993,11.3020009934048,True,True
1,5,5,2,2.100000000000001,0.5,4.0,1.0386913260450497,11.46130867395495,True,True
1,5,5,2,2.100000000000001,0.75,4.0,1.1266300716544464,11.623369928345554,True,True
1,5,5,2,2.100000000000001,1.0,4.0,1.2118731374629714,11.788126862537029,True,True
1,5,5,2,2.200000000000001,0.0,4.0,0.8126026844774161,11.187397315522585,True,True
1,5,5,2,2.200000000000001,0.25,4.0,0.9011745556797868,11.348825444320212,True,True
1,5,5,2,2.200000000000001,0.5,4.0,0.9870290104957222,11.512970989504279,True,True
1,5,5,2,2.200000000000001,0.75,4.0,1.070226206519263,11.679773793480738,True,True
1,5,5,2,2.200000000000001,1.0,4.0,1.1508284413718446,11.849171558628155,True,True
1,5,5,2,2.300000000000001,0.0,4.0,0.7746437608439596,11.22535623915604,True,True
1,5,5,2,2.300000000000001,0.25,4.0,0.858785391351029,11.391214608648971,True,True
1,5,5,2,2.300000000000001,0.5,4.0,0.9402980514337056,11.559701948566294,True,True
1,5,5,2,2.300000000000001,0.75,4.0,1.0192457803900696,11.730754219609931,True,True
1,5,5,2,2.300000000000001,1.0,4.0,1.095694148261921,11.90430585173808,True,True
1,5,5,2,2.4000000000000012,0.0,4.0,0.740088720646833,11.259911279353167,True,True
1,5,5,2,2.4000000000000012,0.25,4.0,0.8202262065192629,11.429773793480738,True,True
1,5,5,2,2.4000000000000012,0.5,4.0,0.8978197588895291,11.60218024111047,True,True
1,5,5,2,2.4000000000000012,0.75,4.0,0.9729363511092659,11.777063648890735,True,True
1,5,5,2,2.4000000000000012,1.0,4.0,1.0456439426821422,11.954356057317858,True,True
1,5,5,2,2.5000000000000013,0.0,4.0,0.7084973778708186,11.291502622129181,True,True
1,5,5,2,2.5000000000000013,0.25,4.0,0.7849976591765424,11.465002340823457,True,True
1,5,5,2,2.5000000000000013,0.5,4.0,0.8590353367880432,11.640964663211957,True,True
1,5,5,2,2.5000000000000013,0.75,4.0,0.9306795649043575,11.819320435095642,True,True
1,5,5,2,2.5000000000000013,1.0,4.0,0.9999999999999991,12.0,True,True
1,5,5,2,2.6000000000000014,0.0,4.0,0.6795026259105894,11.32049737408941,True,True
1,5,5,2,2.6000000000000014,0.25,4.0,0.752684033291243,11.497315966708758,True,True
1,5,5,2,2.6000000000000014,0.5,4.0,0.8234803617221296,11.67651963827787,True,True
1,5,5,2,2.6000000000000014,0.75,4.0,0.8919623452800431,11.858037654719958,True,True
1,5,5,2,2.6000000000000014,1.0,4.0,0.9582007920226427,12.041799207977357,True,True
1,5,5,2,2.700000000000002,0.0,4.0,0.6527958153262379,11.347204184673762,True,True
1,5,5,2,2.700000000000002,0.25,4.0,0.7229363511092659,11.527063648890735,True,True
1,5,5,2,2.700000000000002,0.5,4.0,0.7907655536017923,11.709234446398208,True,True
1,5,5,2,2.700000000000002,0.75,4.0,0.8563552556071503,11.89364474439285,True,True
1,5,5,2,2.700000000000002,1.0,4.0,0.9197769857389302,12.080223014261069,True,True
1,5,5,2,2.8000000000000016,0.0,4.0,0.6281155208676665,11.371884479132333,True,True
1,5,5,2,2.8000000000000016,0.25,4.0,0.6954594380108254,11.554540561989175,True,True
1,5,5,2,2.8000000000000016,0.5,4.0,0.7605620896645,11.7394379103355,True,True
1,5,5,2,2.8000000000000016,0.75,4.0,0.8234960210253446,11.926503978974655,True,True
1,5,5,2,2.8000000000000016,1.0,4.0,0.8843331397140117,12.115666860285987,True,True
1,5,5,2,2.9000000000000017,0.0,4.0,0.6052388119711853,11.394761188028815,True,True
1,5,5,2,2.9000000000000017,0.25,4.0,0.6700018963940204,11.57999810360598,True,True
1,5,5,2,2.9000000000000017,0.5,4.0,0.7325902504139146,11.767409749586086,True,True
1,5,5,2,2.9000000000000017,0.75,4.0,0.7930768207265384,11.956923179273462,True,True
1,5,5,2,2.9000000000000017,1.0,4.0,0.8515336228500825,12.148466377149918,True,True
1,5,5,2,3.0000000000000018,0.0,4.0,0.5839743969093592,11.416025603090642,True,True
1,5,5,2,3.0000000000000018,0.25,4.0,0.6463482497972182,11.603651750202783,True,True
1,5,5,2,3.0000000000000018,0.5,4.0,0.7066105434791368,11.793389456520863,True,True
1,5,5,2,3.0000000000000018,0.75,4.0,0.7648343755880669,11.985165624411934,True,True
1,5,5,2,3.0000000000000018,1.0,4.0,0.8210916541997255,12.178908345800274,True,True
1,5,5,3,1.1,0.0,4.0,2.6682617638669637,15.331738236133036,True,True
1,5,5,3,1.1,0.25,4.0,2.8842113333475083,15.365788666652492,True,True
1,5,5,3,1.1,0.5,4.0,3.0989653494125653,15.401034650587434,True,True
1,5,5,3,1.1,0.75,4.0,3.3124707123481567,15.437529287651843,True,True
1,5,5,3,1.1,1.0,4.0,3.524671937496196,15.475328062503804,True,True
1,5,5,3,1.2000000000000002,0.0,4.0,2.40454702086354,15.59545297913646,True,True
1,5,5,3,1.2000000000000002,0.25,4.0,2.5950210566955114,15.654978943304489,True,True
1,5,5,3,1.2000000000000002,0.5,4.0,2.783741421811218,15.716258578188782,True,True
1,5,5,3,1.2000000000000002,0.75,4.0,2.9706557712752506,15.77934422872475,True,True
1,5,5,3,1.2000000000000002,1.0,4.0,3.155711229775239,15.844288770224761,True,True
1,5,5,3,1.3000000000000003,0.0,4.0,2.1893748169044436,15.810625183095556,True,True
1,5,5,3,1.3000000000000003,0.25,4.0,2.3599704361325955,15.890029563867405,True,True
1,5,5,3,1.3000000000000003,0.5,4.0,2.528550408179451,15.971449591820548,True,True
1,5,5,3,1.3000000000000003,0.75,4.0,2.6950752825522617,16.05492471744774,True,True
1,5,5,3,1.3000000000000003,1.0,4.0,2.8595065058270066,16.140493494172993,True,True
1,5,5,3,1.4000000000000004,0.0,4.0,2.0102115298713894,15.98978847012861,True,True
1,5,5,3,1.4000000000000004,0.25,4.0,2.164813477458278,16.085186522541722,True,True
1,5,5,3,1.4000000000000004,0.5,4.0,2.3172876880689763,16.182712311931024,True,True
1,5,5,3,1.4000000000000004,0.75,4.0,2.467608772378057,16.282391227621943,True,True
1,5,5,3,1.4000000000000004,1.0,4.0,2.6157529719760095,16.384247028023992,True,True
1,5,5,3,1.5000000000000007,0.0,4.0,1.8585715714571487,16.141428428542852,True,True
1,5,5,3,1.5000000000000007,0.25,4.0,1.9999999999999991,16.25,True,True
1,5,5,3,1.5000000000000007,0.5,4.0,2.139268673336053,16.360731326663945,True,True
1,5,5,3,1.5000000000000007,0.75,4.0,2.276364567749657,16.473635432250344,True,True
1,5,5,3,1.5000000000000007,1.0,4.0,2.4112765606210864,16.588723439378914,True,True
1,5,5,3,1.6000000000000005,0.0,4.0,1.728480213875505,16.271519786124493,True,True
1,5,5,3,1.6000000000000005,0.25,4.0,1.8588541853331888,16.39114581466681,True,True
1,5,5,3,1.6000000000000005,0.5,4.0,1.9870804768330244,16.512919523166975,True,True
1,5,5,3,1.6000000000000005,0.75,4.0,2.1131562258610925,16.636843774138907,True,True
1,5,5,3,1.6000000000000005,1.0,4.0,2.2370804768330244,16.762919523166975,True,True
1,5,5,3,1.7000000000000006,0.0,4.0,1.615596722503172,16.38440327749683,True,True
1,5,5,3,1.7000000000000006,0.25,4.0,1.7365526386280106,16.513447361371988,True,True
1,5,5,3,1.7000000000000006,0.5,4.0,1.8553974373991178,16.64460256260088,True,True
1,5,5,3,1.7000000000000006,0.75,4.0,1.972136384757425,16.777863615242573,True,True
1,5,5,3,1.7000000000000006,1.0,4.0,2.0867765207744355,16.913223479225564,True,True
1,5,5,3,1.8000000000000005,0.0,4.0,1.5166852264521165,16.48331477354788,True,True
1,5,5,3,1.8000000000000005,0.25,4.0,1.6295152480532211,16.62048475194678,True,True
1,5,5,3,1.8000000000000005,0.5,4.0,1.740284071062785,16.759715928937215,True,True
1,5,5,3,1.8000000000000005,0.75,4.0,1.8490033882548147,16.900996611745185,True,True
1,5,5,3,1.8000000000000005,1.0,4.0,1.9556864681624822,17.044313531837517,True,True
1,5,5,3,1.9000000000000008,0.0,4.0,1.4292807822714613,16.570719217728538,True,True
1,5,5,3,1.9000000000000008,0.25,4.0,1.5350243568797994,16.7149756431202,True,True
1,5,5,3,1.9000000000000008,0.5,4.0,1.638763500413905,16.861236499586095,True,True
1,5,5,3,1.9000000000000008,0.75,4.0,1.7405149589441677,17.009485041055832,True,True
1,5,5,3,1.9000000000000008,1.0,4.0,1.8402968313661816,17.15970316863382,True,True
1,5,5,3,2.000000000000001,0.0,4.0,1.3514707296108215,16.64852927038918,True,True
1,5,5,3,2.000000000000001,0.25,4.0,1.450977260914585,16.799022739085416,True,True
1,5,5,3,2.000000000000001,0.5,4.0,1.5485390996253177,16.951460900374684,True,True
1,5,5,3,2.000000000000001,0.75,4.0,1.6441769519668856,17.105823048033116,True,True
1,5,5,3,2.000000000000001,1.0,4.0,1.737912651869987,17.262087348130013,True,True
1,5,5,3,2.100000000000001,0.0,4.0,1.2817470518627996,16.7182529481372,True,True
1,5,5,3,2.100000000000001,0.25,4.0,1.3757200795354994,16.874279920464502,True,True
1,5,5,3,2.100000000000001,0.5,4.0,1.467808791863309,17.03219120813669,True,True
1,5,5,3,2.100000000000001,0.75,4.0,1.558036989067575,17.191963010932426,True,True
1,5,5,3,2.100000000000001,1.0,4.0,1.6464293834860415,17.35357061651396,True,True
1,5,5,3,2.200000000000001,0.0,4.0,1.2189040267161237,16.781095973283875,True,True
1,5,5,3,2.200000000000001,0.25,4.0,1.3079331529716915,16.942066847028308,True,True
1,5,5,3,2.200000000000001,0.5,4.0,1.3951375800486714,17.104862419951328,True,True
1,5,5,3,2.200000000000001,0.75,4.0,1.480543515743583,17.269456484256416,True,True
1,5,5,3,2.200000000000001,1.0,4.0,1.5641778795595007,17.4358221204405,True,True
1,5,5,3,2.300000000000001,0.0,4.0,1.1619656412659394,16.83803435873406,True,True
1,5,5,3,2.300000000000001,0.25,4.0,1.2465501000458872,17.003449899954113,True,True
1,5,5,3,2.300000000000001,0.5,4.0,1.3293678886418236,17.170632111358177,True,True
1,5,5,3,2.300000000000001,0.75,4.0,1.4104470771505584,17.339552922849442,True,True
1,5,5,3,2.300000000000001,1.0,4.0,1.489816264388132,17.510183735611868,True,True
1,5,5,3,2.4000000000000012,0.0,4.0,1.1101330809702494,16.88986691902975,True,True
1,5,5,3,2.4000000000000012,0.25,4.0,1.1906994637208248,17.059300536279174,True,True
1,5,5,3,2.4000000000000012,0.5,4.0,1.2695551502438152,17.230444849756186,True,True
1,5,5,3,2.4000000000000012,0.75,4.0,1.3467296383342937,17.403270361665705,True,True
1,5,5,3,2.4000000000000012,1.0,4.0,1.422252789298243,17.57774721070176,True,True
1,5,5,3,2.5000000000000013,0.0,4.0,1.062746066806227,16.937253933193773,True,True
1,5,5,3,2.5000000000000013,0.25,4.0,1.1396618731577801,17.11033812684222,True,True
1,5,5,3,2.5000000000000013,0.5,4.0,1.2149206600059,17.2850793399941,True,True
1,5,5,3,2.5000000000000013,0.75,4.0,1.2885530051820648,17.461446994817933,True,True
1,5,5,3,2.5000000000000013,1.0,4.0,1.3605897019501452,17.639410298049853,True,True
1,5,5,3,2.6000000000000014,0.0,4.0,1.0192539388658846,16.980746061134116,True,True
1,5,5,3,2.6000000000000014,0.25,4.0,1.0928380867913283,17.15716191320867,True,True
1,5,5,3,2.6000000000000014,0.5,4.0,1.1648164951132784,17.33518350488672,True,True
1,5,5,3,2.6000000000000014,0.75,4.0,1.2352205425831944,17.514779457416807,True,True
1,5,5,3,2.6000000000000014,1.0,4.0,1.3040816912882214,17.69591830871178,True,True
1,5,5,3,2.700000000000002,0.0,4.0,0.9791937229893559,17.020806277010642,True,True
1,5,5,3,2.700000000000002,0.25,4.0,1.0497248068908238,17.200275193109178,True,True
1,5,5,3,2.700000000000002,0.5,4.0,1.1186990244146315,17.38130097558537,True,True
1,5,5,3,2.700000000000002,0.75,4.0,1.1861483304026876,17.563851669597312,True,True
1,5,5,3,2.700000000000002,1.0,4.0,1.2521046455609177,17.74789535443908,True,True
1,5,5,3,2.8000000000000016,0.0,4.0,0.9421732813014998,17.0578267186985,True,True
1,5,5,3,2.8000000000000016,0.25,4.0,1.0098961365681998,17.2401038634318,True,True
1,5,5,3,2.8000000000000016,0.5,4.0,1.0761086378640918,17.423891362135908,True,True
1,5,5,3,2.8000000000000016,0.75,4.0,1.14084313449675,17.60915686550325,True,True
1,5,5,3,2.8000000000000016,1.0,4.0,1.2041318373886511,17.79586816261135,True,True
1,5,5,3,2.9000000000000017,0.0,4.0,0.9078582179567771,17.09214178204322,True,True
1,5,5,3,2.9000000000000017,0.25,4.0,0.9729891945352644,17.277010805464734,True,True
1,5,5,3,2.9000000000000017,0.5,4.0,1.0366540481885256,17.463345951811476,True,True
1,5,5,3,2.9000000000000017,0.75,4.0,1.0988853756208723,17.651114624379126,True,True
1,5,5,3,2.9000000000000017,1.0,4.0,1.1597155427655697,17.840284457234432,True,True
1,5,5,3,3.0000000000000018,0.0,4.0,0.8759615953640392,17.12403840463596,True,True
1,5,5,3,3.0000000000000018,0.25,4.0,0.9386928349835291,17.311307165016473,True,True
1,5,5,3,3.0000000000000018,0.5,4.0,1.0,17.5,True,True
1,5,5,3,3.0000000000000018,0.75,4.0,1.0599158152187051,17.690084184781295,True,True
1,5,5,3,3.0000000000000018,1.0,4.0,1.1184726928798945,17.881527307120106,True,True
1,5,6,1,1.1,0.0,3.0,0.8894205879556547,5.110579412044345,True,True
1,5,6,1,1.1,0.25,3.0,1.1041569041160524,5.145843095883947,True,True
1,5,6,1,1.1,0.5,3.0,1.3149759221606099,5.18502407783939,True,True
1,5,6,1,1.1,0.75,3.0,1.5213334859110859,5.228666514088914,True,True
1,5,6,1,1.1,1.0,3.0,1.7226168367257133,5.277383163274287,True,True
1,5,6,1,1.2000000000000002,0.0,3.0,0.8015156736211799,5.19848432637882,True,True
1,5,6,1,1.2000000000000002,0.25,3.0,0.9902185904250835,5.2597814095749165,True,True
1,5,6,1,1.2000000000000002,0.5,3.0,1.1733440342704813,5.326655965729518,True,True
1,5,6,1,1.2000000000000002,0.75,3.0,1.3504115644572763,5.399588435542723,True,True
1,5,6,1,1.2000000000000002,1.0,3.0,1.5209429854936802,5.47905701450632,True,True
1,5,6,1,1.3000000000000003,0.0,3.0,0.7297916056348144,5.270208394365186,True,True
1,5,6,1,1.3000000000000003,0.25,3.0,0.8983584275174206,5.351641572482579,True,True
1,5,6,1,1.3000000000000003,0.5,3.0,1.0606463897375482,5.439353610262452,True,True
1,5,6,1,1.3000000000000003,0.75,3.0,1.216330092573028,5.533669907426972,True,True
1,5,6,1,1.3000000000000003,1.0,3.0,1.3651247559418587,5.634875244058142,True,True
1,5,6,1,1.4000000000000004,0.0,3.0,0.6700705099571298,5.32992949004287,True,True
1,5,6,1,1.4000000000000004,0.25,3.0,0.822536257459352,5.427463742540648,True,True
1,5,6,1,1.4000000000000004,0.5,3.0,0.9684748209022231,5.531525179097777,True,True
1,5,6,1,1.4000000000000004,0.75,3.0,1.1077053565978683,5.642294643402131,True,True
1,5,6,1,1.4000000000000004,1.0,3.0,1.2401011400633748,5.759898859936625,True,True
1,5,6,1,1.5000000000000007,0.0,3.0,0.6195238571523829,5.380476142847617,True,True
1,5,6,1,1.5000000000000007,0.25,3.0,0.7587881892498856,5.491211810750114,True,True
1,5,6,1,1.5000000000000007,0.5,3.0,0.8915047169858488,5.608495283014151,True,True
1,5,6,1,1.5000000000000007,0.75,3.0,1.0176091400307268,5.732390859969273,True,True
1,5,6,1,1.5000000000000007,1.0,3.0,1.1370921868736952,5.862907813126305,True,True
1,5,6,1,1.6000000000000005,0.0,3.0,0.5761600712918353,5.423839928708165,True,True
1,5,6,1,1.6000000000000005,0.25,3.0,0.7043854086203645,5.5456145913796355,True,True
1,5,6,1,1.6000000000000005,0.5,3.0,0.8261600712918353,5.673839928708165,True,True
1,5,6,1,1.6000000000000005,0.75,3.0,0.9415097082585264,5.808490291741474,True,True
1,5,6,1,1.6000000000000005,1.0,3.0,1.0505102572168217,5.949489742783179,True,True
1,5,6,1,1.7000000000000006,0.0,3.0,0.5385322408343907,5.461467759165609,True,True
1,5,6,1,1.7000000000000006,0.25,3.0,0.6573787949191416,5.592621205080858,True,True
1,5,6,1,1.7000000000000006,0.5,3.0,0.7699324013007933,5.730067598699207,True,True
1,5,6,1,1.7000000000000006,0.75,3.0,0.8762870960291194,5.873712903970881,True,True
1,5,6,1,1.7000000000000006,1.0,3.0,0.9765802848468645,6.0234197151531355,True,True
1,5,6,1,1.8000000000000005,0.0,3.0,0.5055617421507055,5.4944382578492945,True,True
1,5,6,1,1.8000000000000005,0.25,3.0,0.6163344627516048,5.633665537248396,True,True
1,5,6,1,1.8000000000000005,0.5,3.0,0.7210015157510798,5.77899848424892,True,True
1,5,6,1,1.8000000000000005,0.75,3.0,0.8197086489230059,5.930291351076994,True,True
1,5,6,1,1.8000000000000005,1.0,3.0,0.9126375506233289,6.087362449376672,True,True
1,5,6,1,1.9000000000000008,0.0,3.0,0.4764269274238204,5.52357307257618,True,True
1,5,6,1,1.9000000000000008,0.25,3.0,0.580171652981389,5.669828347018611,True,True
1,5,6,1,1.9000000000000008,0.5,3.0,0.6780101907380405,5.821989809261959,True,True
1,5,6,1,1.9000000000000008,0.75,3.0,0.7701272886942698,5.97987271130573,True,True
1,5,6,1,1.9000000000000008,1.0,3.0,0.8567364669289668,6.143263533071034,True,True
1,5,6,1,2.000000000000001,0.0,3.0,0.4504902432036073,5.549509756796393,True,True
1,5,6,1,2.000000000000001,0.25,3.0,0.548058983988962,5.7019410160110375,True,True
1,5,6,1,2.000000000000001,0.5,3.0,0.6399233727723623,5.860076627227638,True,True
1,5,6,1,2.000000000000001,0.75,3.0,0.7262974874478632,6.023702512552137,True,True
1,5,6,1,2.000000000000001,1.0,3.0,0.8074175964327477,6.192582403567252,True,True
1,5,6,1,2.100000000000001,0.0,3.0,0.4272490172876,5.5727509827123995,True,True
1,5,6,1,2.100000000000001,0.25,3.0,0.5193456630225248,5.730654336977475,True,True
1,5,6,1,2.100000000000001,0.5,3.0,0.6059365687314857,5.894063431268514,True,True
1,5,6,1,2.100000000000001,0.75,3.0,0.6872577628549768,6.062742237145024,True,True
1,5,6,1,2.100000000000001,1.0,3.0,0.7635615778725735,6.236438422127426,True,True
1,5,6,1,2.200000000000001,0.0,3.0,0.40630134223870806,5.593698657761292,True,True
1,5,6,1,2.200000000000001,0.25,3.0,0.4935145052478611,5.756485494752139,True,True
1,5,6,1,2.200000000000001,0.5,3.0,0.5754142206859223,5.924585779314078,True,True
1,5,6,1,2.200000000000001,0.75,3.0,0.6522528077826846,6.097747192217316,True,True
1,5,6,1,2.200000000000001,1.0,3.0,0.724293701677813,6.275706298322187,True,True
1,5,6,1,2.300000000000001,0.0,3.0,0.3873218804219798,5.61267811957802,True,True
1,5,6,1,2.300000000000001,0.25,3.0,0.4701490257168528,5.779850974283147,True,True
1,5,6,1,2.300000000000001,0.5,3.0,0.5478470741309605,5.95215292586904,True,True
1,5,6,1,2.300000000000001,0.75,3.0,0.6206802702095304,6.12931972979047,True,True
1,5,6,1,2.300000000000001,1.0,3.0,0.6889194403141912,6.311080559685809,True,True
1,5,6,1,2.4000000000000012,0.0,3.0,0.3700443603234165,5.6299556396765835,True,True
1,5,6,1,2.4000000000000012,0.25,3.0,0.44890987944476457,5.801090120555235,True,True
1,5,6,1,2.4000000000000012,0.5,3.0,0.5228219713410711,5.977178028658929,True,True
1,5,6,1,2.4000000000000012,0.75,3.0,0.5920534200839089,6.157946579916091,True,True
1,5,6,1,2.4000000000000012,1.0,3.0,0.6568796484613362,6.343120351538664,True,True
1,5,6,1,2.5000000000000013,0.0,3.0,0.3542486889354093,5.645751311064591,True,True
1,5,6,1,2.5000000000000013,0.25,3.0,0.4295176683940216,5.820482331605978,True,True
1,5,6,1,2.5000000000000013,0.5,3.0,0.49999999999999956,6.0,True,True
1,5,6,1,2.5000000000000013,0.75,3.0,0.5659743682194707,6.184025631780529,True,True
1,5,6,1,2.5000000000000013,1.0,3.0,0.6277186767309852,6.372281323269014,True,True
1,5,6,1,2.6000000000000014,0.0,3.0,0.3397513129552947,5.660248687044705,True,True
1,5,6,1,2.6000000000000014,0.25,3.0,0.4117401808610648,5.838259819138935,True,True
1,5,6,1,2.6000000000000014,0.5,3.0,0.47910039601132137,6.020899603988679,True,True
1,5,6,1,2.6000000000000014,0.75,3.0,0.5421144773190383,6.207885522680962,True,True
1,5,6,1,2.6000000000000014,1.0,3.0,0.6010612021213424,6.398938797878658,True,True
1,5,6,1,2.700000000000002,0.0,3.0,0.32639790766311894,5.673602092336881,True,True
1,5,6,1,2.700000000000002,0.25,3.0,0.3953827768008962,5.854617223199104,True,True
1,5,6,1,2.700000000000002,0.5,3.0,0.4598884928694651,6.0401115071305345,True,True
1,5,6,1,2.700000000000002,0.75,3.0,0.5201997864545298,6.22980021354547,True,True
1,5,6,1,2.700000000000002,1.0,3.0,0.5765950851282509,6.42340491487175,True,True
1,5,6,1,2.8000000000000016,0.0,3.0,0.31405776043383327,5.685942239566167,True,True
1,5,6,1,2.8000000000000016,0.25,3.0,0.38028104483225,5.86971895516775,True,True
1,5,6,1,2.8000000000000016,0.5,3.0,0.44216656985700586,6.057833430142994,True,True
1,5,6,1,2.8000000000000016,0.75,3.0,0.49999999999999956,6.25,True,True
1,5,6,1,2.8000000000000016,1.0,3.0,0.5540584818141023,6.445941518185897,True,True
1,5,6,1,2.9000000000000017,0.0,3.0,0.30261940598559267,5.697380594014407,True,True
1,5,6,1,2.9000000000000017,0.25,3.0,0.3662951252069573,5.883704874793043,True,True
1,5,6,1,2.9000000000000017,0.5,3.0,0.42576681142504125,6.074233188574959,True,True
1,5,6,1,2.9000000000000017,0.75,3.0,0.4813200555884456,6.268679944411554,True,True
1,5,6,1,2.9000000000000017,1.0,3.0,0.5332300160054477,6.466769983994553,True,True
1,5,6,1,3.0000000000000018,0.0,3.0,0.2919871984546796,5.708012801545321,True,True
1,5,6,1,3.0000000000000018,0.25,3.0,0.3533052717395684,5.896694728260432,True,True
1,5,6,1,3.0000000000000018,0.5,3.0,0.41054582709986276,6.089454172900137,True,True
1,5,6,1,3.0000000000000018,0.75,3.0,0.46399358754857145,6.286006412451428,True,True
1,5,6,1,3.0000000000000018,1.0,3.0,0.5139211888051802,6.48607881119482,True,True
1,5,6,2,1.1,0.0,3.0,1.7788411759113094,10.22115882408869,True,True
1,5,6,2,1.1,0.25,3.0,1.994494032754032,10.255505967245968,True,True
1,5,6,2,1.1,0.5,3.0,2.2083138082321048,10.291686191767894,True,True
1,5,6,2,1.1,0.75,3.0,2.420176995110906,10.329823004889095,True,True
1,5,6,2,1.1,1.0,3.0,2.6299518443212198,10.37004815567878,True,True
1,5,6,2,1.2000000000000002,0.0,3.0,1.6030313472423598,10.39696865275764,True,True
1,5,6,2,1.2000000000000002,0.25,3.0,1.7930691372091356,10.456930862790864,True,True
1,5,6,2,1.2000000000000002,0.5,3.0,1.980437180850167,10.519562819149833,True,True
1,5,6,2,1.2000000000000002,0.75,3.0,2.1650168250534145,10.584983174946586,True,True
1,5,6,2,1.2000000000000002,1.0,3.0,2.3466880685409626,10.653311931459037,True,True
1,5,6,2,1.3000000000000003,0.0,3.0,1.4595832112696288,10.540416788730372,True,True
1,5,6,2,1.3000000000000003,0.25,3.0,1.6296765753388005,10.6203234246612,True,True
1,5,6,2,1.3000000000000003,0.5,3.0,1.7967168550348411,10.703283144965159,True,True
1,5,6,2,1.3000000000000003,0.75,3.0,1.9606168215532254,10.789383178446775,True,True
1,5,6,2,1.3000000000000003,1.0,3.0,2.1212927794750964,10.878707220524904,True,True
1,5,6,2,1.4000000000000004,0.0,3.0,1.3401410199142596,10.65985898008574,True,True
1,5,6,2,1.4000000000000004,0.25,3.0,1.4942121157872679,10.755787884212733,True,True
1,5,6,2,1.4000000000000004,0.5,3.0,1.645072514918704,10.854927485081296,True,True
1,5,6,2,1.4000000000000004,0.75,3.0,1.792667858268799,10.9573321417312,True,True
1,5,6,2,1.4000000000000004,1.0,3.0,1.9369496418044463,11.063050358195554,True,True
1,5,6,2,1.5000000000000007,0.0,3.0,1.2390477143047658,10.760952285695234,True,True
1,5,6,2,1.5000000000000007,0.25,3.0,1.3799367759744223,10.870063224025579,True,True
1,5,6,2,1.5000000000000007,0.5,3.0,1.5175763784997711,10.982423621500228,True,True
1,5,6,2,1.5000000000000007,0.75,3.0,1.651940433716014,11.098059566283986,True,True
1,5,6,2,1.5000000000000007,1.0,3.0,1.7830094339716975,11.216990566028302,True,True
1,5,6,2,1.6000000000000005,0.0,3.0,1.1523201425836707,10.84767985741633,True,True
1,5,6,2,1.6000000000000005,0.25,3.0,1.2821573430473707,10.96784265695263,True,True
1,5,6,2,1.6000000000000005,0.5,3.0,1.408770817240729,11.091229182759271,True,True
1,5,6,2,1.6000000000000005,0.75,3.0,1.5321573430473707,11.21784265695263,True,True
1,5,6,2,1.6000000000000005,1.0,3.0,1.6523201425836707,11.34767985741633,True,True
1,5,6,2,1.7000000000000006,0.0,3.0,1.0770644816687813,10.922935518331219,True,True
1,5,6,2,1.7000000000000006,0.25,3.0,1.1974924269613805,11.05250757303862,True,True
1,5,6,2,1.7000000000000006,0.5,3.0,1.3147575898382833,11.185242410161717,True,True
1,5,6,2,1.7000000000000006,0.75,3.0,1.4288748083206881,11.321125191679311,True,True
1,5,6,2,1.7000000000000006,1.0,3.0,1.5398648026015866,11.460135197398413,True,True
1,5,6,2,1.8000000000000005,0.0,3.0,1.011123484301411,10.988876515698589,True,True
1,5,6,2,1.8000000000000005,0.25,3.0,1.1234377440643604,11.126562255935639,True,True
1,5,6,2,1.8000000000000005,0.5,3.0,1.2326689255032095,11.267331074496791,True,True
1,5,6,2,1.8000000000000005,0.75,3.0,1.3388459890287088,11.411154010971291,True,True
1,5,6,2,1.8000000000000005,1.0,3.0,1.4420030315021597,11.55799696849784,True,True
1,5,6,2,1.9000000000000008,0.0,3.0,0.9528538548476408,11.04714614515236,True,True
1,5,6,2,1.9000000000000008,0.25,3.0,1.0580956455798267,11.191904354420174,True,True
1,5,6,2,1.9000000000000008,0.5,3.0,1.160343305962778,11.339656694037222,True,True
1,5,6,2,1.9000000000000008,0.75,3.0,1.2596367881181996,11.4903632118818,True,True
1,5,6,2,1.9000000000000008,1.0,3.0,1.356020381476081,11.643979618523918,True,True
1,5,6,2,2.000000000000001,0.0,3.0,0.9009804864072146,11.099019513592786,True,True
1,5,6,2,2.000000000000001,0.25,3.0,1.0,11.25,True,True
1,5,6,2,2.000000000000001,0.5,3.0,1.096117967977924,11.403882032022075,True,True
1,5,6,2,2.000000000000001,0.75,3.0,1.1893828718271147,11.560617128172886,True,True
1,5,6,2,2.000000000000001,1.0,3.0,1.2798467455447247,11.720153254455276,True,True
1,5,6,2,2.100000000000001,0.0,3.0,0.8544980345752,11.145501965424799,True,True
1,5,6,2,2.100000000000001,0.25,3.0,0.9479990065951993,11.3020009934048,True,True
1,5,6,2,2.100000000000001,0.5,3.0,1.0386913260450497,11.46130867395495,True,True
1,5,6,2,2.100000000000001,0.75,3.0,1.1266300716544464,11.623369928345554,True,True
1,5,6,2,2.100000000000001,1.0,3.0,1.2118731374629714,11.788126862537029,True,True
1,5,6,2,2.200000000000001,0.0,3.0,0.8126026844774161,11.187397315522585,True,True
1,5,6,2,2.200000000000001,0.25,3.0,0.9011745556797868,11.348825444320212,True,True
1,5,6,2,2.200000000000001,0.5,3.0,0.9870290104957222,11.512970989504279,True,True
1,5,6,2,2.200000000000001,0.75,3.0,1.070226206519263,11.679773793480738,True,True
1,5,6,2,2.200000000000001,1.0,3.0,1.1508284413718446,11.849171558628155,True,True
1,5,6,2,2.300000000000001,0.0,3.0,0.7746437608439596,11.22535623915604,True,True
1,5,6,2,2.300000000000001,0.25,3.0,0.858785391351029,11.391214608648971,True,True
1,5,6,2,2.300000000000001,0.5,3.0,0.9402980514337056,11.559701948566294,True,True
1,5,6,2,2.300000000000001,0.75,3.0,1.0192457803900696,11.730754219609931,True,True
1,5,6,2,2.300000000000001,1.0,3.0,1.095694148261921,11.90430585173808,True,True
1,5,6,2,2.4000000000000012,0.0,3.0,0.740088720646833,11.259911279353167,True,True
1,5,6,2,2.4000000000000012,0.25,3.0,0.8202262065192629,11.429773793480738,True,True
1,5,6,2,2.4000000000000012,0.5,3.0,0.8978197588895291,11.60218024111047,True,True
1,5,6,2,2.4000000000000012,0.75,3.0,0.9729363511092659,11.777063648890735,True,True
1,5,6,2,2.4000000000000012,1.0,3.0,1.0456439426821422,11.954356057317858,True,True
1,5,6,2,2.5000000000000013,0.0,3.0,0.7084973778708186,11.291502622129181,True,True
1,5,6,2,2.5000000000000013,0.25,3.0,0.7849976591765424,11.465002340823457,True,True
1,5,6,2,2.5000000000000013,0.5,3.0,0.8590353367880432,11.640964663211957,True,True
1,5,6,2,2.5000000000000013,0.75,3.0,0.9306795649043575,11.819320435095642,True,True
1,5,6,2,2.5000000000000013,1.0,3.0,0.9999999999999991,12.0,True,True
1,5,6,2,2.6000000000000014,0.0,3.0,0.6795026259105894,11.32049737408941,True,True
1,5,6,2,2.6000000000000014,0.25,3.0,0.752684033291243,11.497315966708758,True,True
1,5,6,2,2.6000000000000014,0.5,3.0,0.8234803617221296,11.67651963827787,True,True
1,5,6,2,2.6000000000000014,0.75,3.0,0.8919623452800431,11.858037654719958,True,True
1,5,6,2,2.6000000000000014,1.0,3.0,0.9582007920226427,12.041799207977357,True,True
1,5,6,2,2.700000000000002,0.0,3.0,0.6527958153262379,11.347204184673762,True,True
1,5,6,2,2.700000000000002,0.25,3.0,0.7229363511092659,11.527063648890735,True,True
1,5,6,2,2.700000000000002,0.5,3.0,0.7907655536017923,11.709234446398208,True,True
1,5,6,2,2.700000000000002,0.75,3.0,0.8563552556071503,11.89364474439285,True,True
1,5,6,2,2.700000000000002,1.0,3.0,0.9197769857389302,12.080223014261069,True,True
1,5,6,2,2.8000000000000016,0.0,3.0,0.6281155208676665,11.371884479132333,True,True
1,5,6,2,2.8000000000000016,0.25,3.0,0.6954594380108254,11.554540561989175,True,True
1,5,6,2,2.8000000000000016,0.5,3.0,0.7605620896645,11.7394379103355,True,True
1,5,6,2,2.8000000000000016,0.75,3.0,0.8234960210253446,11.926503978974655,True,True
1,5,6,2,2.8000000000000016,1.0,3.0,0.8843331397140117,12.115666860285987,True,True
1,5,6,2,2.9000000000000017,0.0,3.0,0.6052388119711853,11.394761188028815,True,True
1,5,6,2,2.9000000000000017,0.25,3.0,0.6700018963940204,11.57999810360598,True,True
1,5,6,2,2.9000000000000017,0.5,3.0,0.7325902504139146,11.767409749586086,True,True
1,5,6,2,2.9000000000000017,0.75,3.0,0.7930768207265384,11.956923179273462,True,True
1,5,6,2,2.9000000000000017,1.0,3.0,0.8515336228500825,12.148466377149918,True,True
1,5,6,2,3.0000000000000018,0.0,3.0,0.5839743969093592,11.416025603090642,True,True
1,5,6,2,3.0000000000000018,0.25,3.0,0.6463482497972182,11.603651750202783,True,True
1,5,6,2,3.0000000000000018,0.5,3.0,0.7066105434791368,11.793389456520863,True,True
1,5,6,2,3.0000000000000018,0.75,3.0,0.7648343755880669,11.985165624411934,True,True
1,5,6,2,3.0000000000000018,1.0,3.0,0.8210916541997255,12.178908345800274,True,True
1,5,6,3,1.1,0.0,3.0,2.6682617638669637,15.331738236133036,True,True
1,5,6,3,1.1,0.25,3.0,2.8842113333475083,15.365788666652492,True,True
1,5,6,3,1.1,0.5,3.0,3.0989653494125653,15.401034650587434,True,True
1,5,6,3,1.1,0.75,3.0,3.3124707123481567,15.437529287651843,True,True
1,5,6,3,1.1,1.0,3.0,3.524671937496196,15.475328062503804,True,True
1,5,6,3,1.2000000000000002,0.0,3.0,2.40454702086354,15.59545297913646,True,True
1,5,6,3,1.2000000000000002,0.25,3.0,2.5950210566955114,15.654978943304489,True,True
1,5,6,3,1.2000000000000002,0.5,3.0,2.783741421811218,15.716258578188782,True,True
1,5,6,3,1.2000000000000002,0.75,3.0,2.9706557712752506,15.77934422872475,True,True
1,5,6,3,1.2000000000000002,1.0,3.0,3.155711229775239,15.844288770224761,True,True
1,5,6,3,1.3000000000000003,0.0,3.0,2.1893748169044436,15.810625183095556,True,True
1,5,6,3,1.3000000000000003,0.25,3.0,2.3599704361325955,15.890029563867405,True,True
1,5,6,3,1.3000000000000003,0.5,3.0,2.528550408179451,15.971449591820548,True,True
1,5,6,3,1.3000000000000003,0.75,3.0,2.6950752825522617,16.05492471744774,True,True
1,5,6,3,1.3000000000000003,1.0,3.0,2.8595065058270066,16.140493494172993,True,True
1,5,6,3,1.4000000000000004,0.0,3.0,2.0102115298713894,15.98978847012861,True,True
1,5,6,3,1.4000000000000004,0.25,3.0,2.164813477458278,16.085186522541722,True,True
1,5,6,3,1.4000000000000004,0.5,3.0,2.3172876880689763,16.182712311931024,True,True
1,5,6,3,1.4000000000000004,0.75,3.0,2.467608772378057,16.282391227621943,True,True
1,5,6,3,1.4000000000000004,1.0,3.0,2.6157529719760095,16.384247028023992,True,True
1,5,6,3,1.5000000000000007,0.0,3.0,1.8585715714571487,16.141428428542852,True,True
1,5,6,3,1.5000000000000007,0.25,3.0,1.9999999999999991,16.25,True,True
1,5,6,3,1.5000000000000007,0.5,3.0,2.139268673336053,16.360731326663945,True,True
1,5,6,3,1.5000000000000007,0.75,3.0,2.276364567749657,16.473635432250344,True,True
1,5,6,3,1.5000000000000007,1.0,3.0,2.4112765606210864,16.588723439378914,True,True
1,5,6,3,1.6000000000000005,0.0,3.0,1.728480213875505,16.271519786124493,True,True
1,5,6,3,1.6000000000000005,0.25,3.0,1.8588541853331888,16.39114581466681,True,True
1,5,6,3,1.6000000000000005,0.5,3.0,1.9870804768330244,16.512919523166975,True,True
1,5,6,3,1.6000000000000005,0.75,3.0,2.1131562258610925,16.636843774138907,True,True
1,5,6,3,1.6000000000000005,1.0,3.0,2.2370804768330244,16.762919523166975,True,True
1,5,6,3,1.7000000000000006,0.0,3.0,1.615596722503172,16.38440327749683,True,True
1,5,6,3,1.7000000000000006,0.25,3.0,1.7365526386280106,16.513447361371988,True,True
1,5,6,3,1.7000000000000006,0.5,3.0,1.8553974373991178,16.64460256260088,True,True
1,5,6,3,1.7000000000000006,0.75,3.0,1.972136384757425,16.777863615242573,True,True
1,5,6,3,1.7000000000000006,1.0,3.0,2.0867765207744355,16.913223479225564,True,True
1,5,6,3,1.8000000000000005,0.0,3.0,1.5166852264521165,16.48331477354788,True,True
1,5,6,3,1.8000000000000005,0.25,3.0,1.6295152480532211,16.62048475194678,True,True
1,5,6,3,1.8000000000000005,0.5,3.0,1.740284071062785,16.759715928937215,True,True
1,5,6,3,1.8000000000000005,0.75,3.0,1.8490033882548147,16.900996611745185,True,True
1,5,6,3,1.8000000000000005,1.0,3.0,1.9556864681624822,17.044313531837517,True,True
1,5,6,3,1.9000000000000008,0.0,3.0,1.4292807822714613,16.570719217728538,True,True
1,5,6,3,1.9000000000000008,0.25,3.0,1.5350243568797994,16.7149756431202,True,True
1,5,6,3,1.9000000000000008,0.5,3.0,1.638763500413905,16.861236499586095,True,True
1,5,6,3,1.9000000000000008,0.75,3.0,1.7405149589441677,17.009485041055832,True,True
1,5,6,3,1.9000000000000008,1.0,3.0,1.8402968313661816,17.15970316863382,True,True
1,5,6,3,2.000000000000001,0.0,3.0,1.3514707296108215,16.64852927038918,True,True
1,5,6,3,2.000000000000001,0.25,3.0,1.450977260914585,16.799022739085416,True,True
1,5,6,3,2.000000000000001,0.5,3.0,1.5485390996253177,16.951460900374684,True,True
1,5,6,3,2.000000000000001,0.75,3.0,1.6441769519668856,17.105823048033116,True,True
1,5,6,3,2.000000000000001,1.0,3.0,1.737912651869987,17.262087348130013,True,True
1,5,6,3,2.100000000000001,0.0,3.0,1.2817470518627996,16.7182529481372,True,True
1,5,6,3,2.100000000000001,0.25,3.0,1.3757200795354994,16.874279920464502,True,True
1,5,6,3,2.100000000000001,0.5,3.0,1.467808791863309,17.03219120813669,True,True
1,5,6,3,2.100000000000001,0.75,3.0,1.558036989067575,17.191963010932426,True,True
1,5,6,3,2.100000000000001,1.0,3.0,1.6464293834860415,17.35357061651396,True,True
1,5,6,3,2.200000000000001,0.0,3.0,1.2189040267161237,16.781095973283875,True,True
1,5,6,3,2.200000000000001,0.25,3.0,1.3079331529716915,16.942066847028308,True,True
1,5,6,3,2.200000000000001,0.5,3.0,1.3951375800486714,17.104862419951328,True,True
1,5,6,3,2.200000000000001,0.75,3.0,1.480543515743583,17.269456484256416,True,True
1,5,6,3,2.200000000000001,1.0,3.0,1.5641778795595007,17.4358221204405,True,True
1,5,6,3,2.300000000000001,0.0,3.0,1.1619656412659394,16.83803435873406,True,True
1,5,6,3,2.300000000000001,0.25,3.0,1.2465501000458872,17.003449899954113,True,True
1,5,6,3,2.300000000000001,0.5,3.0,1.3293678886418236,17.170632111358177,True,True
1,5,6,3,2.300000000000001,0.75,3.0,1.4104470771505584,17.339552922849442,True,True
1,5,6,3,2.300000000000001,1.0,3.0,1.489816264388132,17.510183735611868,True,True
1,5,6,3,2.4000000000000012,0.0,3.0,1.1101330809702494,16.88986691902975,True,True
1,5,6,3,2.4000000000000012,0.25,3.0,1.1906994637208248,17.059300536279174,True,True
1,5,6,3,2.4000000000000012,0.5,3.0,1.2695551502438152,17.230444849756186,True,True
1,5,6,3,2.4000000000000012,0.75,3.0,1.3467296383342937,17.403270361665705,True,True
1,5,6,3,2.4000000000000012,1.0,3.0,1.422252789298243,17.57774721070176,True,True
1,5,6,3,2.5000000000000013,0.0,3.0,1.062746066806227,16.937253933193773,True,True
1,5,6,3,2.5000000000000013,0.25,3.0,1.1396618731577801,17.11033812684222,True,True
1,5,6,3,2.5000000000000013,0.5,3.0,1.2149206600059,17.2850793399941,True,True
1,5,6,3,2.5000000000000013,0.75,3.0,1.2885530051820648,17.461446994817933,True,True
1,5,6,3,2.5000000000000013,1.0,3.0,1.3605897019501452,17.639410298049853,True,True
1,5,6,3,2.6000000000000014,0.0,3.0,1.0192539388658846,16.980746061134116,True,True
1,5,6,3,2.6000000000000014,0.25,3.0,1.0928380867913283,17.15716191320867,True,True
1,5,6,3,2.6000000000000014,0.5,3.0,1.1648164951132784,17.33518350488672,True,True
1,5,6,3,2.6000000000000014,0.75,3.0,1.2352205425831944,17.514779457416807,True,True
1,5,6,3,2.6000000000000014,1.0,3.0,1.3040816912882214,17.69591830871178,True,True
1,5,6,3,2.700000000000002,0.0,3.0,0.9791937229893559,17.020806277010642,True,True
1,5,6,3,2.700000000000002,0.25,3.0,1.0497248068908238,17.200275193109178,True,True
1,5,6,3,2.700000000000002,0.5,3.0,1.1186990244146315,17.38130097558537,True,True
1,5,6,3,2.700000000000002,0.75,3.0,1.1861483304026876,17.563851669597312,True,True
1,5,6,3,2.700000000000002,1.0,3.0,1.2521046455609177,17.74789535443908,True,True
1,5,6,3,2.8000000000000016,0.0,3.0,0.9421732813014998,17.0578267186985,True,True
1,5,6,3,2.8000000000000016,0.25,3.0,1.0098961365681998,17.2401038634318,True,True
1,5,6,3,2.8000000000000016,0.5,3.0,1.0761086378640918,17.423891362135908,True,True
1,5,6,3,2.8000000000000016,0.75,3.0,1.14084313449675,17.60915686550325,True,True
1,5,6,3,2.8000000000000016,1.0,3.0,1.2041318373886511,17.79586816261135,True,True
1,5,6,3,2.9000000000000017,0.0,3.0,0.9078582179567771,17.09214178204322,True,True
1,5,6,3,2.9000000000000017,0.25,3.0,0.9729891945352644,17.277010805464734,True,True
1,5,6,3,2.9000000000000017,0.5,3.0,1.0366540481885256,17.463345951811476,True,True
1,5,6,3,2.9000000000000017,0.75,3.0,1.0988853756208723,17.651114624379126,True,True
1,5,6,3,2.9000000000000017,1.0,3.0,1.1597155427655697,17.840284457234432,True,True
1,5,6,3,3.0000000000000018,0.0,3.0,0.8759615953640392,17.12403840463596,True,True
1,5,6,3,3.0000000000000018,0.25,3.0,0.9386928349835291,17.311307165016473,True,True
1,5,6,3,3.0000000000000018,0.5,3.0,1.0,17.5,True,True
1,5,6,3,3.0000000000000018,0.75,3.0,1.0599158152187051,17.690084184781295,True,True
1,5,6,3,3.0000000000000018,1.0,3.0,1.1184726928798945,17.881527307120106,True,True
1,5,7,1,1.1,0.0,2.0,0.8894205879556547,5.110579412044345,True,True
1,5,7,1,1.1,0.25,2.0,1.1041569041160524,5.145843095883947,True,True
1,5,7,1,1.1,0.5,2.0,1.3149759221606099,5.18502407783939,True,True
1,5,7,1,1.1,0.75,2.0,1.5213334859110859,5.228666514088914,True,True
1,5,7,1,1.1,1.0,2.0,1.7226168367257133,5.277383163274287,True,True
1,5,7,1,1.2000000000000002,0.0,2.0,0.8015156736211799,5.19848432637882,True,True
1,5,7,1,1.2000000000000002,0.25,2.0,0.9902185904250835,5.2597814095749165,True,True
1,5,7,1,1.2000000000000002,0.5,2.0,1.1733440342704813,5.326655965729518,True,True
1,5,7,1,1.2000000000000002,0.75,2.0,1.3504115644572763,5.399588435542723,True,True
1,5,7,1,1.2000000000000002,1.0,2.0,1.5209429854936802,5.47905701450632,True,True
1,5,7,1,1.3000000000000003,0.0,2.0,0.7297916056348144,5.270208394365186,True,True
1,5,7,1,1.3000000000000003,0.25,2.0,0.8983584275174206,5.351641572482579,True,True
1,5,7,1,1.3000000000000003,0.5,2.0,1.0606463897375482,5.439353610262452,True,True
1,5,7,1,1.3000000000000003,0.75,2.0,1.216330092573028,5.533669907426972,True,True
1,5,7,1,1.3000000000000003,1.0,2.0,1.3651247559418587,5.634875244058142,True,True
1,5,7,1,1.4000000000000004,0.0,2.0,0.6700705099571298,5.32992949004287,True,True
1,5,7,1,1.4000000000000004,0.25,2.0,0.822536257459352,5.427463742540648,True,True
1,5,7,1,1.4000000000000004,0.5,2.0,0.9684748209022231,5.531525179097777,True,True
1,5,7,1,1.4000000000000004,0.75,2.0,1.1077053565978683,5.642294643402131,True,True
1,5,7,1,1.4000000000000004,1.0,2.0,1.2401011400633748,5.759898859936625,True,True
1,5,7,1,1.5000000000000007,0.0,2.0,0.6195238571523829,5.380476142847617,True,True
1,5,7,1,1.5000000000000007,0.25,2.0,0.7587881892498856,5.491211810750114,True,True
1,5,7,1,1.5000000000000007,0.5,2.0,0.8915047169858488,5.608495283014151,True,True
1,5,7,1,1.5000000000000007,0.75,2.0,1.0176091400307268,5.732390859969273,True,True
1,5,7,1,1.5000000000000007,1.0,2.0,1.1370921868736952,5.862907813126305,True,True
1,5,7,1,1.6000000000000005,0.0,2.0,0.5761600712918353,5.423839928708165,True,True
1,5,7,1,1.6000000000000005,0.25,2.0,0.7043854086203645,5.5456145913796355,True,True
1,5,7,1,1.6000000000000005,0.5,2.0,0.8261600712918353,5.673839928708165,True,True
1,5,7,1,1.6000000000000005,0.75,2.0,0.9415097082585264,5.808490291741474,True,True
1,5,7,1,1.6000000000000005,1.0,2.0,1.0505102572168217,5.949489742783179,True,True
1,5,7,1,1.7000000000000006,0.0,2.0,0.5385322408343907,5.461467759165609,True,True
1,5,7,1,1.7000000000000006,0.25,2.0,0.6573787949191416,5.592621205080858,True,True
1,5,7,1,1.7000000000000006,0.5,2.0,0.7699324013007933,5.730067598699207,True,True
1,5,7,1,1.7000000000000006,0.75,2.0,0.8762870960291194,5.873712903970881,True,True
1,5,7,1,1.7000000000000006,1.0,2.0,0.9765802848468645,6.0234197151531355,True,True
1,5,7,1,1.8000000000000005,0.0,2.0,0.5055617421507055,5.4944382578492945,True,True
1,5,7,1,1.8000000000000005,0.25,2.0,0.6163344627516048,5.633665537248396,True,True
1,5,7,1,1.8000000000000005,0.5,2.0,0.7210015157510798,5.77899848424892,True,True
1,5,7,1,1.8000000000000005,0.75,2.0,0.8197086489230059,5.930291351076994,True,True
1,5,7,1,1.8000000000000005,1.0,2.0,0.9126375506233289,6.087362449376672,True,True
1,5,7,1,1.9000000000000008,0.0,2.0,0.4764269274238204,5.52357307257618,True,True
1,5,7,1,1.9000000000000008,0.25,2.0,0.580171652981389,5.669828347018611,True,True
1,5,7,1,1.9000000000000008,0.5,2.0,0.6780101907380405,5.821989809261959,True,True
1,5,7,1,1.9000000000000008,0.75,2.0,0.7701272886942698,5.97987271130573,True,True
1,5,7,1,1.9000000000000008,1.0,2.0,0.8567364669289668,6.143263533071034,True,True
1,5,7,1,2.000000000000001,0.0,2.0,0.4504902432036073,5.549509756796393,True,True
1,5,7,1,2.000000000000001,0.25,2.0,0.548058983988962,5.7019410160110375,True,True
1,5,7,1,2.000000000000001,0.5,2.0,0.6399233727723623,5.860076627227638,True,True
1,5,7,1,2.000000000000001,0.75,2.0,0.7262974874478632,6.023702512552137,True,True
1,5,7,1,2.000000000000001,1.0,2.0,0.8074175964327477,6.192582403567252,True,True
1,5,7,1,2.100000000000001,0.0,2.0,0.4272490172876,5.5727509827123995,True,True
1,5,7,1,2.100000000000001,0.25,2.0,0.5193456630225248,5.730654336977475,True,True
1,5,7,1,2.100000000000001,0.5,2.0,0.6059365687314857,5.894063431268514,True,True
1,5,7,1,2.100000000000001,0.75,2.0,0.6872577628549768,6.062742237145024,True,True
1,5,7,1,2.100000000000001,1.0,2.0,0.7635615778725735,6.236438422127426,True,True
1,5,7,1,2.200000000000001,0.0,2.0,0.40630134223870806,5.593698657761292,True,True
1,5,7,1,2.200000000000001,0.25,2.0,0.4935145052478611,5.756485494752139,True,True
1,5,7,1,2.200000000000001,0.5,2.0,0.5754142206859223,5.924585779314078,True,True
1,5,7,1,2.200000000000001,0.75,2.0,0.6522528077826846,6.097747192217316,True,True
1,5,7,1,2.200000000000001,1.0,2.0,0.724293701677813,6.275706298322187,True,True
1,5,7,1,2.300000000000001,0.0,2.0,0.3873218804219798,5.61267811957802,True,True
1,5,7,1,2.300000000000001,0.25,2.0,0.4701490257168528,5.779850974283147,True,True
1,5,7,1,2.300000000000001,0.5,2.0,0.5478470741309605,5.95215292586904,True,True
1,5,7,1,2.300000000000001,0.75,2.0,0.6206802702095304,6.12931972979047,True,True
1,5,7,1,2.300000000000001,1.0,2.0,0.6889194403141912,6.311080559685809,True,True
1,5,7,1,2.4000000000000012,0.0,2.0,0.3700443603234165,5.6299556396765835,True,True
1,5,7,1,2.4000000000000012,0.25,2.0,0.44890987944476457,5.801090120555235,True,True
1,5,7,1,2.4000000000000012,0.5,2.0,0.5228219713410711,5.977178028658929,True,True
1,5,7,1,2.4000000000000012,0.75,2.0,0.5920534200839089,6.157946579916091,True,True
1,5,7,1,2.4000000000000012,1.0,2.0,0.6568796484613362,6.343120351538664,True,True
1,5,7,1,2.5000000000000013,0.0,2.0,0.3542486889354093,5.645751311064591,True,True
1,5,7,1,2.5000000000000013,0.25,2.0,0.4295176683940216,5.820482331605978,True,True
1,5,7,1,2.5000000000000013,0.5,2.0,0.49999999999999956,6.0,True,True
1,5,7,1,2.5000000000000013,0.75,2.0,0.5659743682194707,6.184025631780529,True,True
1,5,7,1,2.5000000000000013,1.0,2.0,0.6277186767309852,6.372281323269014,True,True
1,5,7,1,2.6000000000000014,0.0,2.0,0.3397513129552947,5.660248687044705,True,True
1,5,7,1,2.6000000000000014,0.25,2.0,0.4117401808610648,5.838259819138935,True,True
1,5,7,1,2.6000000000000014,0.5,2.0,0.47910039601132137,6.020899603988679,True,True
1,5,7,1,2.6000000000000014,0.75,2.0,0.5421144773190383,6.207885522680962,True,True
1,5,7,1,2.6000000000000014,1.0,2.0,0.6010612021213424,6.398938797878658,True,True
1,5,7,1,2.700000000000002,0.0,2.0,0.32639790766311894,5.673602092336881,True,True
1,5,7,1,2.700000000000002,0.25,2.0,0.3953827768008962,5.854617223199104,True,True
1,5,7,1,2.700000000000002,0.5,2.0,0.4598884928694651,6.0401115071305345,True,True
1,5,7,1,2.700000000000002,0.75,2.0,0.5201997864545298,6.22980021354547,True,True
1,5,7,1,2.700000000000002,1.0,2.0,0.5765950851282509,6.42340491487175,True,True
1,5,7,1,2.8000000000000016,0.0,2.0,0.31405776043383327,5.685942239566167,True,True
1,5,7,1,2.8000000000000016,0.25,2.0,0.38028104483225,5.86971895516775,True,True
1,5,7,1,2.8000000000000016,0.5,2.0,0.44216656985700586,6.057833430142994,True,True
1,5,7,1,2.8000000000000016,0.75,2.0,0.49999999999999956,6.25,True,True
1,5,7,1,2.8000000000000016,1.0,2.0,0.5540584818141023,6.445941518185897,True,True
1,5,7,1,2.9000000000000017,0.0,2.0,0.30261940598559267,5.697380594014407,True,True
1,5,7,1,2.9000000000000017,0.25,2.0,0.3662951252069573,5.883704874793043,True,True
1,5,7,1,2.9000000000000017,0.5,2.0,0.42576681142504125,6.074233188574959,True,True
1,5,7,1,2.9000000000000017,0.75,2.0,0.4813200555884456,6.268679944411554,True,True
1,5,7,1,2.9000000000000017,1.0,2.0,0.5332300160054477,6.466769983994553,True,True
1,5,7,1,3.0000000000000018,0.0,2.0,0.2919871984546796,5.708012801545321,True,True
1,5,7,1,3.0000000000000018,0.25,2.0,0.3533052717395684,5.896694728260432,True,True
1,5,7,1,3.0000000000000018,0.5,2.0,0.41054582709986276,6.089454172900137,True,True
1,5,7,1,3.0000000000000018,0.75,2.0,0.46399358754857145,6.286006412451428,True,True
1,5,7,1,3.0000000000000018,1.0,2.0,0.5139211888051802,6.48607881119482,True,True
1,5,7,2,1.1,0.0,2.0,1.7788411759113094,10.22115882408869,True,True
1,5,7,2,1.1,0.25,2.0,1.994494032754032,10.255505967245968,True,True
1,5,7,2,1.1,0.5,2.0,2.2083138082321048,10.291686191767894,True,True
1,5,7,2,1.1,0.75,2.0,2.420176995110906,10.329823004889095,True,True
1,5,7,2,1.1,1.0,2.0,2.6299518443212198,10.37004815567878,True,True
1,5,7,2,1.2000000000000002,0.0,2.0,1.6030313472423598,10.39696865275764,True,True
1,5,7,2,1.2000000000000002,0.25,2.0,1.7930691372091356,10.456930862790864,True,True
1,5,7,2,1.2000000000000002,0.5,2.0,1.980437180850167,10.519562819149833,True,True
1,5,7,2,1.2000000000000002,0.75,2.0,2.1650168250534145,10.584983174946586,True,True
1,5,7,2,1.2000000000000002,1.0,2.0,2.3466880685409626,10.653311931459037,True,True
1,5,7,2,1.3000000000000003,0.0,2.0,1.4595832112696288,10.540416788730372,True,True
1,5,7,2,1.3000000000000003,0.25,2.0,1.6296765753388005,10.6203234246612,True,True
1,5,7,2,1.3000000000000003,0.5,2.0,1.7967168550348411,10.703283144965159,True,True
1,5,7,2,1.3000000000000003,0.75,2.0,1.9606168215532254,10.789383178446775,True,True
1,5,7,2,1.3000000000000003,1.0,2.0,2.1212927794750964,10.878707220524904,True,True
1,5,7,2,1.4000000000000004,0.0,2.0,1.3401410199142596,10.65985898008574,True,True
1,5,7,2,1.4000000000000004,0.25,2.0,1.4942121157872679,10.755787884212733,True,True
1,5,7,2,1.4000000000000004,0.5,2.0,1.645072514918704,10.854927485081296,True,True
1,5,7,2,1.4000000000000004,0.75,2.0,1.792667858268799,10.9573321417312,True,True
1,5,7,2,1.4000000000000004,1.0,2.0,1.9369496418044463,11.063050358195554,True,True
1,5,7,2,1.5000000000000007,0.0,2.0,1.2390477143047658,10.760952285695234,True,True
1,5,7,2,1.5000000000000007,0.25,2.0,1.3799367759744223,10.870063224025579,True,True
1,5,7,2,1.5000000000000007,0.5,2.0,1.5175763784997711,10.982423621500228,True,True
1,5,7,2,1.5000000000000007,0.75,2.0,1.651940433716014,11.098059566283986,True,True
1,5,7,2,1.5000000000000007,1.0,2.0,1.7830094339716975,11.216990566028302,True,True
1,5,7,2,1.6000000000000005,0.0,2.0,1.1523201425836707,10.84767985741633,True,True
1,5,7,2,1.6000000000000005,0.25,2.0,1.2821573430473707,10.96784265695263,True,True
1,5,7,2,1.6000000000000005,0.5,2.0,1.408770817240729,11.091229182759271,True,True
1,5,7,2,1.6000000000000005,0.75,2.0,1.5321573430473707,11.21784265695263,True,True
1,5,7,2,1.6000000000000005,1.0,2.0,1.6523201425836707,11.34767985741633,True,True
1,5,7,2,1.7000000000000006,0.0,2.0,1.0770644816687813,10.922935518331219,True,True
1,5,7,2,1.7000000000000006,0.25,2.0,1.1974924269613805,11.05250757303862,True,True
1,5,7,2,1.7000000000000006,0.5,2.0,1.3147575898382833,11.185242410161717,True,True
1,5,7,2,1.7000000000000006,0.75,2.0,1.4288748083206881,11.321125191679311,True,True
1,5,7,2,1.7000000000000006,1.0,2.0,1.5398648026015866,11.460135197398413,True,True
1,5,7,2,1.8000000000000005,0.0,2.0,1.011123484301411,10.988876515698589,True,True
1,5,7,2,1.8000000000000005,0.25,2.0,1.1234377440643604,11.126562255935639,True,True
1,5,7,2,1.8000000000000005,0.5,2.0,1.2326689255032095,11.267331074496791,True,True
1,5,7,2,1.8000000000000005,0.75,2.0,1.3388459890287088,11.411154010971291,True,True
1,5,7,2,1.8000000000000005,1.0,2.0,1.4420030315021597,11.55799696849784,True,True
1,5,7,2,1.9000000000000008,0.0,2.0,0.9528538548476408,11.04714614515236,True,True
1,5,7,2,1.9000000000000008,0.25,2.0,1.0580956455798267,11.191904354420174,True,True
1,5,7,2,1.9000000000000008,0.5,2.0,1.160343305962778,11.339656694037222,True,True
1,5,7,2,1.9000000000000008,0.75,2.0,1.2596367881181996,11.4903632118818,True,True
1,5,7,2,1.9000000000000008,1.0,2.0,1.356020381476081,11.643979618523918,True,True
1,5,7,2,2.000000000000001,0.0,2.0,0.9009804864072146,11.099019513592786,True,True
1,5,7,2,2.000000000000001,0.25,2.0,1.0,11.25,True,True
1,5,7,2,2.000000000000001,0.5,2.0,1.096117967977924,11.403882032022075,True,True
1,5,7,2,2.000000000000001,0.75,2.0,1.1893828718271147,11.560617128172886,True,True
1,5,7,2,2.000000000000001,1.0,2.0,1.2798467455447247,11.720153254455276,True,True
1,5,7,2,2.100000000000001,0.0,2.0,0.8544980345752,11.145501965424799,True,True
1,5,7,2,2.100000000000001,0.25,2.0,0.9479990065951993,11.3020009934048,True,True
1,5,7,2,2.100000000000001,0.5,2.0,1.0386913260450497,11.46130867395495,True,True
1,5,7,2,2.100000000000001,0.75,2.0,1.1266300716544464,11.623369928345554,True,True
1,5,7,2,2.100000000000001,1.0,2.0,1.2118731374629714,11.788126862537029,True,True
1,5,7,2,2.200000000000001,0.0,2.0,0.8126026844774161,11.187397315522585,True,True
1,5,7,2,2.200000000000001,0.25,2.0,0.9011745556797868,11.348825444320212,True,True
1,5,7,2,2.200000000000001,0.5,2.0,0.9870290104957222,11.512970989504279,True,True
1,5,7,2,2.200000000000001,0.75,2.0,1.070226206519263,11.679773793480738,True,True
1,5,7,2,2.200000000000001,1.0,2.0,1.1508284413718446,11.849171558628155,True,True
1,5,7,2,2.300000000000001,0.0,2.0,0.7746437608439596,11.22535623915604,True,True
1,5,7,2,2.300000000000001,0.25,2.0,0.858785391351029,11.391214608648971,True,True
1,5,7,2,2.300000000000001,0.5,2.0,0.9402980514337056,11.559701948566294,True,True
1,5,7,2,2.300000000000001,0.75,2.0,1.0192457803900696,11.730754219609931,True,True
1,5,7,2,2.300000000000001,1.0,2.0,1.095694148261921,11.90430585173808,True,True
1,5,7,2,2.4000000000000012,0.0,2.0,0.740088720646833,11.259911279353167,True,True
1,5,7,2,2.4000000000000012,0.25,2.0,0.8202262065192629,11.429773793480738,True,True
1,5,7,2,2.4000000000000012,0.5,2.0,0.8978197588895291,11.60218024111047,True,True
1,5,7,2,2.4000000000000012,0.75,2.0,0.9729363511092659,11.777063648890735,True,True
1,5,7,2,2.4000000000000012,1.0,2.0,1.0456439426821422,11.954356057317858,True,True
1,5,7,2,2.5000000000000013,0.0,2.0,0.7084973778708186,11.291502622129181,True,True
1,5,7,2,2.5000000000000013,0.25,2.0,0.7849976591765424,11.465002340823457,True,True
1,5,7,2,2.5000000000000013,0.5,2.0,0.8590353367880432,11.640964663211957,True,True
1,5,7,2,2.5000000000000013,0.75,2.0,0.9306795649043575,11.819320435095642,True,True
1,5,7,2,2.5000000000000013,1.0,2.0,0.9999999999999991,12.0,True,True
1,5,7,2,2.6000000000000014,0.0,2.0,0.6795026259105894,11.32049737408941,True,True
1,5,7,2,2.6000000000000014,0.25,2.0,0.752684033291243,11.497315966708758,True,True
1,5,7,2,2.6000000000000014,0.5,2.0,0.8234803617221296,11.67651963827787,True,True
1,5,7,2,2.6000000000000014,0.75,2.0,0.8919623452800431,11.858037654719958,True,True
1,5,7,2,2.6000000000000014,1.0,2.0,0.9582007920226427,12.041799207977357,True,True
1,5,7,2,2.700000000000002,0.0,2.0,0.6527958153262379,11.347204184673762,True,True
1,5,7,2,2.700000000000002,0.25,2.0,0.7229363511092659,11.527063648890735,True,True
1,5,7,2,2.700000000000002,0.5,2.0,0.7907655536017923,11.709234446398208,True,True
1,5,7,2,2.700000000000002,0.75,2.0,0.8563552556071503,11.89364474439285,True,True
1,5,7,2,2.700000000000002,1.0,2.0,0.9197769857389302,12.080223014261069,True,True
1,5,7,2,2.8000000000000016,0.0,2.0,0.6281155208676665,11.371884479132333,True,True
1,5,7,2,2.8000000000000016,0.25,2.0,0.6954594380108254,11.554540561989175,True,True
1,5,7,2,2.8000000000000016,0.5,2.0,0.7605620896645,11.7394379103355,True,True
1,5,7,2,2.8000000000000016,0.75,2.0,0.8234960210253446,11.926503978974655,True,True
1,5,7,2,2.8000000000000016,1.0,2.0,0.8843331397140117,12.115666860285987,True,True
1,5,7,2,2.9000000000000017,0.0,2.0,0.6052388119711853,11.394761188028815,True,True
1,5,7,2,2.9000000000000017,0.25,2.0,0.6700018963940204,11.57999810360598,True,True
1,5,7,2,2.9000000000000017,0.5,2.0,0.7325902504139146,11.767409749586086,True,True
1,5,7,2,2.9000000000000017,0.75,2.0,0.7930768207265384,11.956923179273462,True,True
1,5,7,2,2.9000000000000017,1.0,2.0,0.8515336228500825,12.148466377149918,True,True
1,5,7,2,3.0000000000000018,0.0,2.0,0.5839743969093592,11.416025603090642,True,True
1,5,7,2,3.0000000000000018,0.25,2.0,0.6463482497972182,11.603651750202783,True,True
1,5,7,2,3.0000000000000018,0.5,2.0,0.7066105434791368,11.793389456520863,True,True
1,5,7,2,3.0000000000000018,0.75,2.0,0.7648343755880669,11.985165624411934,True,True
1,5,7,2,3.0000000000000018,1.0,2.0,0.8210916541997255,12.178908345800274,True,True
1,5,7,3,1.1,0.0,2.0,2.6682617638669637,15.331738236133036,True,True
1,5,7,3,1.1,0.25,2.0,2.8842113333475083,15.365788666652492,True,True
1,5,7,3,1.1,0.5,2.0,3.0989653494125653,15.401034650587434,True,True
1,5,7,3,1.1,0.75,2.0,3.3124707123481567,15.437529287651843,True,True
1,5,7,3,1.1,1.0,2.0,3.524671937496196,15.475328062503804,True,True
1,5,7,3,1.2000000000000002,0.0,2.0,2.40454702086354,15.59545297913646,True,True
1,5,7,3,1.2000000000000002,0.25,2.0,2.5950210566955114,15.654978943304489,True,True
1,5,7,3,1.2000000000000002,0.5,2.0,2.783741421811218,15.716258578188782,True,True
1,5,7,3,1.2000000000000002,0.75,2.0,2.9706557712752506,15.77934422872475,True,True
1,5,7,3,1.2000000000000002,1.0,2.0,3.155711229775239,15.844288770224761,True,True
1,5,7,3,1.3000000000000003,0.0,2.0,2.1893748169044436,15.810625183095556,True,True
1,5,7,3,1.3000000000000003,0.25,2.0,2.3599704361325955,15.890029563867405,True,True
1,5,7,3,1.3000000000000003,0.5,2.0,2.528550408179451,15.971449591820548,True,True
1,5,7,3,1.3000000000000003,0.75,2.0,2.6950752825522617,16.05492471744774,True,True
1,5,7,3,1.3000000000000003,1.0,2.0,2.8595065058270066,16.140493494172993,True,True
1,5,7,3,1.4000000000000004,0.0,2.0,2.0102115298713894,15.98978847012861,True,True
1,5,7,3,1.4000000000000004,0.25,2.0,2.164813477458278,16.085186522541722,True,True
1,5,7,3,1.4000000000000004,0.5,2.0,2.3172876880689763,16.182712311931024,True,True
1,5,7,3,1.4000000000000004,0.75,2.0,2.467608772378057,16.282391227621943,True,True
1,5,7,3,1.4000000000000004,1.0,2.0,2.6157529719760095,16.384247028023992,True,True
1,5,7,3,1.5000000000000007,0.0,2.0,1.8585715714571487,16.141428428542852,True,True
1,5,7,3,1.5000000000000007,0.25,2.0,1.9999999999999991,16.25,True,True
1,5,7,3,1.5000000000000007,0.5,2.0,2.139268673336053,16.360731326663945,True,True
1,5,7,3,1.5000000000000007,0.75,2.0,2.276364567749657,16.473635432250344,True,True
1,5,7,3,1.5000000000000007,1.0,2.0,2.4112765606210864,16.588723439378914,True,True
1,5,7,3,1.6000000000000005,0.0,2.0,1.728480213875505,16.271519786124493,True,True
1,5,7,3,1.6000000000000005,0.25,2.0,1.8588541853331888,16.39114581466681,True,True
1,5,7,3,1.6000000000000005,0.5,2.0,1.9870804768330244,16.512919523166975,True,True
1,5,7,3,1.6000000000000005,0.75,2.0,2.1131562258610925,16.636843774138907,True,True
1,5,7,3,1.6000000000000005,1.0,2.0,2.2370804768330244,16.762919523166975,True,True
1,5,7,3,1.7000000000000006,0.0,2.0,1.615596722503172,16.38440327749683,True,True
1,5,7,3,1.7000000000000006,0.25,2.0,1.7365526386280106,16.513447361371988,True,True
1,5,7,3,1.7000000000000006,0.5,2.0,1.8553974373991178,16.64460256260088,True,True
1,5,7,3,1.7000000000000006,0.75,2.0,1.972136384757425,16.777863615242573,True,True
1,5,7,3,1.7000000000000006,1.0,2.0,2.0867765207744355,16.913223479225564,True,True
1,5,7,3,1.8000000000000005,0.0,2.0,1.5166852264521165,16.48331477354788,True,True
1,5,7,3,1.8000000000000005,0.25,2.0,1.6295152480532211,16.62048475194678,True,True
1,5,7,3,1.8000000000000005,0.5,2.0,1.740284071062785,16.759715928937215,True,True
1,5,7,3,1.8000000000000005,0.75,2.0,1.8490033882548147,16.900996611745185,True,True
1,5,7,3,1.8000000000000005,1.0,2.0,1.9556864681624822,17.044313531837517,True,True
1,5,7,3,1.9000000000000008,0.0,2.0,1.4292807822714613,16.570719217728538,True,True
1,5,7,3,1.9000000000000008,0.25,2.0,1.5350243568797994,16.7149756431202,True,True
1,5,7,3,1.9000000000000008,0.5,2.0,1.638763500413905,16.861236499586095,True,True
1,5,7,3,1.9000000000000008,0.75,2.0,1.7405149589441677,17.009485041055832,True,True
1,5,7,3,1.9000000000000008,1.0,2.0,1.8402968313661816,17.15970316863382,True,True
1,5,7,3,2.000000000000001,0.0,2.0,1.3514707296108215,16.64852927038918,True,True
1,5,7,3,2.000000000000001,0.25,2.0,1.450977260914585,16.799022739085416,True,True
1,5,7,3,2.000000000000001,0.5,2.0,1.5485390996253177,16.951460900374684,True,True
1,5,7,3,2.000000000000001,0.75,2.0,1.6441769519668856,17.105823048033116,True,True
1,5,7,3,2.000000000000001,1.0,2.0,1.737912651869987,17.262087348130013,True,True
1,5,7,3,2.100000000000001,0.0,2.0,1.2817470518627996,16.7182529481372,True,True
1,5,7,3,2.100000000000001,0.25,2.0,1.3757200795354994,16.874279920464502,True,True
1,5,7,3,2.100000000000001,0.5,2.0,1.467808791863309,17.03219120813669,True,True
1,5,7,3,2.100000000000001,0.75,2.0,1.558036989067575,17.191963010932426,True,True
1,5,7,3,2.100000000000001,1.0,2.0,1.6464293834860415,17.35357061651396,True,True
1,5,7,3,2.200000000000001,0.0,2.0,1.2189040267161237,16.781095973283875,True,True
1,5,7,3,2.200000000000001,0.25,2.0,1.3079331529716915,16.942066847028308,True,True
1,5,7,3,2.200000000000001,0.5,2.0,1.3951375800486714,17.104862419951328,True,True
1,5,7,3,2.200000000000001,0.75,2.0,1.480543515743583,17.269456484256416,True,True
1,5,7,3,2.200000000000001,1.0,2.0,1.5641778795595007,17.4358221204405,True,True
1,5,7,3,2.300000000000001,0.0,2.0,1.1619656412659394,16.83803435873406,True,True
1,5,7,3,2.300000000000001,0.25,2.0,1.2465501000458872,17.003449899954113,True,True
1,5,7,3,2.300000000000001,0.5,2.0,1.3293678886418236,17.170632111358177,True,True
1,5,7,3,2.300000000000001,0.75,2.0,1.4104470771505584,17.339552922849442,True,True
1,5,7,3,2.300000000000001,1.0,2.0,1.489816264388132,17.510183735611868,True,True
1,5,7,3,2.4000000000000012,0.0,2.0,1.1101330809702494,16.88986691902975,True,True
1,5,7,3,2.4000000000000012,0.25,2.0,1.1906994637208248,17.059300536279174,True,True
1,5,7,3,2.4000000000000012,0.5,2.0,1.2695551502438152,17.230444849756186,True,True
1,5,7,3,2.4000000000000012,0.75,2.0,1.3467296383342937,17.403270361665705,True,True
1,5,7,3,2.4000000000000012,1.0,2.0,1.422252789298243,17.57774721070176,True,True
1,5,7,3,2.5000000000000013,0.0,2.0,1.062746066806227,16.937253933193773,True,True
1,5,7,3,2.5000000000000013,0.25,2.0,1.1396618731577801,17.11033812684222,True,True
1,5,7,3,2.5000000000000013,0.5,2.0,1.2149206600059,17.2850793399941,True,True
1,5,7,3,2.5000000000000013,0.75,2.0,1.2885530051820648,17.461446994817933,True,True
1,5,7,3,2.5000000000000013,1.0,2.0,1.3605897019501452,17.639410298049853,True,True
1,5,7,3,2.6000000000000014,0.0,2.0,1.0192539388658846,16.980746061134116,True,True
1,5,7,3,2.6000000000000014,0.25,2.0,1.0928380867913283,17.15716191320867,True,True
1,5,7,3,2.6000000000000014,0.5,2.0,1.1648164951132784,17.33518350488672,True,True
1,5,7,3,2.6000000000000014,0.75,2.0,1.2352205425831944,17.514779457416807,True,True
1,5,7,3,2.6000000000000014,1.0,2.0,1.3040816912882214,17.69591830871178,True,True
1,5,7,3,2.700000000000002,0.0,2.0,0.9791937229893559,17.020806277010642,True,True
1,5,7,3,2.700000000000002,0.25,2.0,1.0497248068908238,17.200275193109178,True,True
1,5,7,3,2.700000000000002,0.5,2.0,1.1186990244146315,17.38130097558537,True,True
1,5,7,3,2.700000000000002,0.75,2.0,1.1861483304026876,17.563851669597312,True,True
1,5,7,3,2.700000000000002,1.0,2.0,1.2521046455609177,17.74789535443908,True,True
1,5,7,3,2.8000000000000016,0.0,2.0,0.9421732813014998,17.0578267186985,True,True
1,5,7,3,2.8000000000000016,0.25,2.0,1.0098961365681998,17.2401038634318,True,True
1,5,7,3,2.8000000000000016,0.5,2.0,1.0761086378640918,17.423891362135908,True,True
1,5,7,3,2.8000000000000016,0.75,2.0,1.14084313449675,17.60915686550325,True,True
1,5,7,3,2.8000000000000016,1.0,2.0,1.2041318373886511,17.79586816261135,True,True
1,5,7,3,2.9000000000000017,0.0,2.0,0.9078582179567771,17.09214178204322,True,True
1,5,7,3,2.9000000000000017,0.25,2.0,0.9729891945352644,17.277010805464734,True,True
1,5,7,3,2.9000000000000017,0.5,2.0,1.0366540481885256,17.463345951811476,True,True
1,5,7,3,2.9000000000000017,0.75,2.0,1.0988853756208723,17.651114624379126,True,True
1,5,7,3,2.9000000000000017,1.0,2.0,1.1597155427655697,17.840284457234432,True,True
1,5,7,3,3.0000000000000018,0.0,2.0,0.8759615953640392,17.12403840463596,True,True
1,5,7,3,3.0000000000000018,0.25,2.0,0.9386928349835291,17.311307165016473,True,True
1,5,7,3,3.0000000000000018,0.5,2.0,1.0,17.5,True,True
1,5,7,3,3.0000000000000018,0.75,2.0,1.0599158152187051,17.690084184781295,True,True
1,5,7,3,3.0000000000000018,1.0,2.0,1.1184726928798945,17.881527307120106,True,True
1,8,4,1,1.1,0.0,5.0,0.897601808895534,8.102398191104466,True,True
1,8,4,1,1.1,0.25,5.0,1.1179049187267665,8.132095081273233,True,True
1,8,4,1,1.1,0.5,5.0,1.3362910067041311,8.163708993295868,True,True
1,8,4,1,1.1,0.75,5.0,1.552598417902003,8.197401582097998,True,True
1,8,4,1,1.1,1.0,5.0,1.7666510465856833,8.233348953414318,True,True
1,8,4,1,1.2000000000000002,0.0,5.0,0.8144426020840032,8.185557397915996,True,True
1,8,4,1,1.2000000000000002,0.25,5.0,1.011512534037697,8.238487465962303,True,True
1,8,4,1,1.2000000000000002,0.5,5.0,1.2056382803105437,8.294361719689457,True,True
1,8,4,1,1.2000000000000002,0.75,5.0,1.396644306093275,8.353355693906725,True,True
1,8,4,1,1.2000000000000002,1.0,5.0,1.5843497446801336,8.415650255319866,True,True
1,8,4,1,1.3000000000000003,0.0,5.0,0.7455155019425308,8.254484498057469,True,True
1,8,4,1,1.3000000000000003,0.25,5.0,0.9238762101636873,8.326123789836313,True,True
1,8,4,1,1.3000000000000003,0.5,5.0,1.0987357300202478,8.401264269979752,True,True
1,8,4,1,1.3000000000000003,0.75,5.0,1.269948789438736,8.480051210561264,True,True
1,8,4,1,1.3000000000000003,1.0,5.0,1.437373484027873,8.562626515972127,True,True
1,8,4,1,1.4000000000000004,0.0,5.0,0.6874268156907091,8.31257318430929,True,True
1,8,4,1,1.4000000000000004,0.25,5.0,0.8503784484874704,8.39962155151253,True,True
1,8,4,1,1.4000000000000004,0.5,5.0,1.009535934062268,8.490464065937733,True,True
1,8,4,1,1.4000000000000004,0.75,5.0,1.1647944800860421,8.585205519913957,True,True
1,8,4,1,1.4000000000000004,1.0,5.0,1.3160580119349636,8.683941988065037,True,True
1,8,4,1,1.5000000000000007,0.0,5.0,0.6377899245811771,8.362210075418822,True,True
1,8,4,1,1.5000000000000007,0.25,5.0,0.7878189600524013,8.462181039947598,True,True
1,8,4,1,1.5000000000000007,0.5,5.0,0.9339156193815623,8.566084380618438,True,True
1,8,4,1,1.5000000000000007,0.75,5.0,1.0760143897789414,8.67398561022106,True,True
1,8,4,1,1.5000000000000007,1.0,5.0,1.2140611027998172,8.785938897200182,True,True
1,8,4,1,1.6000000000000005,0.0,5.0,0.5948751620466726,8.405124837953327,True,True
1,8,4,1,1.6000000000000005,0.25,5.0,0.7339043959316545,8.516095604068346,True,True
1,8,4,1,1.6000000000000005,0.5,5.0,0.8689563259349935,8.631043674065006,True,True
1,8,4,1,1.6000000000000005,0.75,5.0,0.9999999999999996,8.75,True,True
1,8,4,1,1.6000000000000005,1.0,5.0,1.1270166537925825,8.872983346207418,True,True
1,8,4,1,1.7000000000000006,0.0,5.0,0.5573970974673563,8.442602902532643,True,True
1,8,4,1,1.7000000000000006,0.25,5.0,0.6869456506005998,8.563054349399401,True,True
1,8,4,1,1.7000000000000006,0.5,5.0,0.8125291784461135,8.687470821553887,True,True
1,8,4,1,1.7000000000000006,0.75,5.0,0.9341459196827722,8.815854080317228,True,True
1,8,4,1,1.7000000000000006,1.0,5.0,1.0518060718706268,8.948193928129374,True,True
1,8,4,1,1.8000000000000005,0.0,5.0,0.5243798527078121,8.475620147292188,True,True
1,8,4,1,1.8000000000000005,0.25,5.0,0.6456697241314027,8.604330275868598,True,True
1,8,4,1,1.8000000000000005,0.5,5.0,0.7630420953647712,8.73695790463523,True,True
1,8,4,1,1.8000000000000005,0.75,5.0,0.8765193857888689,8.87348061421113,True,True
1,8,4,1,1.8000000000000005,1.0,5.0,0.9861351404025678,9.013864859597433,True,True
1,8,4,1,1.9000000000000008,0.0,5.0,0.4950688290295764,8.504931170970423,True,True
1,8,4,1,1.9000000000000008,0.25,5.0,0.6090982201673354,8.640901779832664,True,True
1,8,4,1,1.9000000000000008,0.5,5.0,0.7192791554964026,8.780720844503598,True,True
1,8,4,1,1.9000000000000008,0.75,5.0,0.8256538864443277,8.924346113555671,True,True
1,8,4,1,1.9000000000000008,1.0,5.0,0.928274644770223,9.071725355229777,True,True
1,8,4,1,2.000000000000001,0.0,5.0,0.46887112585072543,8.531128874149275,True,True
1,8,4,1,2.000000000000001,0.25,5.0,0.5764663148245885,8.67353368517541,True,True
1,8,4,1,2.000000000000001,0.5,5.0,0.6802948509750726,8.819705149024927,True,True
1,8,4,1,2.000000000000001,0.75,5.0,0.7804151614601995,8.9695848385398,True,True
1,8,4,1,2.000000000000001,1.0,5.0,0.8768943743823394,9.123105625617661,True,True
1,8,4,1,2.100000000000001,0.0,5.0,0.44531429202259964,8.5546857079774,True,True
1,8,4,1,2.100000000000001,0.25,5.0,0.5471672130780982,8.702832786921903,True,True
1,8,4,1,2.100000000000001,0.5,5.0,0.64534236680886,8.85465763319114,True,True
1,8,4,1,2.100000000000001,0.75,5.0,0.7399113270289677,9.010088672971033,True,True
1,8,4,1,2.100000000000001,1.0,5.0,0.8309530608360403,9.169046939163959,True,True
1,8,4,1,2.200000000000001,0.0,5.0,0.4240171291286847,8.575982870871314,True,True
1,8,4,1,2.200000000000001,0.25,5.0,0.52071316127327,8.729286838726729,True,True
1,8,4,1,2.200000000000001,0.5,5.0,0.6138236805650381,8.886176319434963,True,True
1,8,4,1,2.200000000000001,0.75,5.0,0.7034309143484583,9.04656908565154,True,True
1,8,4,1,2.200000000000001,1.0,5.0,0.7896232083965771,9.210376791603423,True,True
1,8,4,1,2.300000000000001,0.0,5.0,0.4046686177508434,8.595331382249157,True,True
1,8,4,1,2.300000000000001,0.25,5.0,0.4967075063601074,8.753292493639893,True,True
1,8,4,1,2.300000000000001,0.5,5.0,0.5852540658940342,8.914745934105966,True,True
1,8,4,1,2.300000000000001,0.75,5.0,0.6703991297317087,9.07960087026829,True,True
1,8,4,1,2.300000000000001,1.0,5.0,0.7522384411469645,9.247761558853036,True,True
1,8,4,1,2.4000000000000012,0.0,5.0,0.3870124402489781,8.612987559751023,True,True
1,8,4,1,2.4000000000000012,0.25,5.0,0.47482430090805217,8.775175699091948,True,True
1,8,4,1,2.4000000000000012,0.5,5.0,0.5592363464399472,8.940763653560053,True,True
1,8,4,1,2.4000000000000012,0.75,5.0,0.6403463345077824,9.109653665492218,True,True
1,8,4,1,2.4000000000000012,1.0,5.0,0.718255807111623,9.281744192888377,True,True
1,8,4,1,2.5000000000000013,0.0,5.0,0.3708354355874839,8.629164564412516,True,True
1,8,4,1,2.5000000000000013,0.25,5.0,0.4547931705969299,8.795206829403071,True,True
1,8,4,1,2.5000000000000013,0.5,5.0,0.5354418974226967,8.964558102577303,True,True
1,8,4,1,2.5000000000000013,0.75,5.0,0.6128849147400999,9.1371150852599,True,True
1,8,4,1,2.5000000000000013,1.0,5.0,0.6872282694304346,9.312771730569565,True,True
1,8,4,1,2.6000000000000014,0.0,5.0,0.3559588656630197,8.64404113433698,True,True
1,8,4,1,2.6000000000000014,0.25,5.0,0.4363879203432841,8.813612079656716,True,True
1,8,4,1,2.6000000000000014,0.5,5.0,0.5135964091442622,8.986403590855737,True,True
1,8,4,1,2.6000000000000014,0.75,5.0,0.5876920316608212,9.162307968339178,True,True
1,8,4,1,2.6000000000000014,1.0,5.0,0.6587842893777038,9.341215710622297,True,True
1,8,4,1,2.700000000000002,0.0,5.0,0.3422317239849644,8.657768276015036,True,True
1,8,4,1,2.700000000000002,0.25,5.0,0.4194178409765552,8.830582159023445,True,True
1,8,4,1,2.700000000000002,0.5,5.0,0.49346907029262166,9.006530929707377,True,True
1,8,4,1,2.700000000000002,0.75,5.0,0.5644965706063036,9.185503429393696,True,True
1,8,4,1,2.700000000000002,1.0,5.0,0.6326124428814337,9.367387557118565,True,True
1,8,4,1,2.8000000000000016,0.0,5.0,0.32952554942999956,8.670474450570001,True,True
1,8,4,1,2.8000000000000016,0.25,5.0,0.4037209961231616,8.846279003876838,True,True
1,8,4,1,2.8000000000000016,0.5,5.0,0.47486424609864386,9.025135753901356,True,True
1,8,4,1,2.8000000000000016,0.75,5.0,0.5430691372091356,9.206930862790864,True,True
1,8,4,1,2.8000000000000016,1.0,5.0,0.6084496717316004,9.3915503282684,True,True
1,8,4,1,2.9000000000000017,0.0,5.0,0.31773036374448616,8.682269636255514,True,True
1,8,4,1,2.9000000000000017,0.25,5.0,0.3891589810368199,8.86084101896318,True,True
1,8,4,1,2.9000000000000017,0.5,5.0,0.4576150026451211,9.04238499735488,True,True
1,8,4,1,2.9000000000000017,0.75,5.0,0.5232142983479235,9.226785701652076,True,True
1,8,4,1,2.9000000000000017,1.0,5.0,0.5860722003311318,9.413927799668869,True,True
1,8,4,1,3.0000000000000018,0.0,5.0,0.3067514581969579,8.693248541803042,True,True
1,8,4,1,3.0000000000000018,0.25,5.0,0.3756127892757677,8.874387210724233,True,True
1,8,4,1,3.0000000000000018,0.5,5.0,0.44157801509647765,9.058421984903521,True,True
1,8,4,1,3.0000000000000018,0.75,5.0,0.5047644990992382,9.245235500900762,True,True
1,8,4,1,3.0000000000000018,1.0,5.0,0.5652884347833096,9.434711565216691,True,True
1,8,4,2,1.1,0.0,5.0,1.795203617791068,16.204796382208933,True,True
1,8,4,2,1.1,0.25,5.0,2.0159668538733566,16.23403314612664,True,True
1,8,4,2,1.1,0.5,5.0,2.235809837453533,16.264190162546466,True,True
1,8,4,2,1.1,0.75,5.0,2.4546947321667947,16.295305267833207,True,True
1,8,4,2,1.1,1.0,5.0,2.6725820134082623,16.327417986591737,True,True
1,8,4,2,1.2000000000000002,0.0,5.0,1.6288852041680064,16.371114795831993,True,True
1,8,4,2,1.2000000000000002,0.25,5.0,1.8266697115025003,16.4233302884975,True,True
1,8,4,2,1.2000000000000002,0.5,5.0,2.023025068075394,16.476974931924605,True,True
1,8,4,2,1.2000000000000002,0.75,5.0,2.2179085283661957,16.532091471633805,True,True
1,8,4,2,1.2000000000000002,1.0,5.0,2.4112765606210873,16.588723439378914,True,True
1,8,4,2,1.3000000000000003,0.0,5.0,1.4910310038850616,16.508968996114938,True,True
1,8,4,2,1.3000000000000003,0.25,5.0,1.6702486756638013,16.5797513243362,True,True
1,8,4,2,1.3000000000000003,0.5,5.0,1.8477524203273745,16.652247579672625,True,True
1,8,4,2,1.3000000000000003,0.75,5.0,2.0235055156215918,16.726494484378406,True,True
1,8,4,2,1.3000000000000003,1.0,5.0,2.1974714600404956,16.802528539959503,True,True
1,8,4,2,1.4000000000000004,0.0,5.0,1.3748536313814181,16.62514636861858,True,True
1,8,4,2,1.4000000000000004,0.25,5.0,1.5387400989872297,16.71125990101277,True,True
1,8,4,2,1.4000000000000004,0.5,5.0,1.7007568969749407,16.79924310302506,True,True
1,8,4,2,1.4000000000000004,0.75,5.0,1.8608763936551735,16.889123606344825,True,True
1,8,4,2,1.4000000000000004,1.0,5.0,2.019071868124536,16.980928131875466,True,True
1,8,4,2,1.5000000000000007,0.0,5.0,1.2755798491623542,16.724420150837645,True,True
1,8,4,2,1.5000000000000007,0.25,5.0,1.4265829549185884,16.823417045081413,True,True
1,8,4,2,1.5000000000000007,0.5,5.0,1.5756379201048025,16.924362079895197,True,True
1,8,4,2,1.5000000000000007,0.75,5.0,1.7227263727264246,17.027273627273576,True,True
1,8,4,2,1.5000000000000007,1.0,5.0,1.8678312387631246,17.132168761236876,True,True
1,8,4,2,1.6000000000000005,0.0,5.0,1.1897503240933451,16.810249675906654,True,True
1,8,4,2,1.6000000000000005,0.25,5.0,1.3297690861655669,16.920230913834434,True,True
1,8,4,2,1.6000000000000005,0.5,5.0,1.467808791863309,17.03219120813669,True,True
1,8,4,2,1.6000000000000005,0.75,5.0,1.603859478815223,17.146140521184776,True,True
1,8,4,2,1.6000000000000005,1.0,5.0,1.737912651869987,17.262087348130013,True,True
1,8,4,2,1.7000000000000006,0.0,5.0,1.1147941949347127,16.885205805065286,True,True
1,8,4,2,1.7000000000000006,0.25,5.0,1.245332848922823,17.00466715107718,True,True
1,8,4,2,1.7000000000000006,0.5,5.0,1.3738913012011995,17.126108698798802,True,True
1,8,4,2,1.7000000000000006,0.75,5.0,1.500466867247079,17.249533132752923,True,True
1,8,4,2,1.7000000000000006,1.0,5.0,1.625058356892227,17.374941643107775,True,True
1,8,4,2,1.8000000000000005,0.0,5.0,1.0487597054156241,16.951240294584377,True,True
1,8,4,2,1.8000000000000005,0.25,5.0,1.171030865033483,17.078969134966517,True,True
1,8,4,2,1.8000000000000005,0.5,5.0,1.2913394482628053,17.208660551737196,True,True
1,8,4,2,1.8000000000000005,0.75,5.0,1.4096889228633662,17.340311077136633,True,True
1,8,4,2,1.8000000000000005,1.0,5.0,1.5260841907295424,17.47391580927046,True,True
1,8,4,2,1.9000000000000008,0.0,5.0,0.9901376580591528,17.009862341940845,True,True
1,8,4,2,1.9000000000000008,0.25,5.0,1.105133630854727,17.144866369145273,True,True
1,8,4,2,1.9000000000000008,0.5,5.0,1.2181964403346708,17.281803559665327,True,True
1,8,4,2,1.9000000000000008,0.75,5.0,1.329334691080053,17.420665308919947,True,True
1,8,4,2,1.9000000000000008,1.0,5.0,1.4385583109928053,17.561441689007196,True,True
1,8,4,2,2.000000000000001,0.0,5.0,0.9377422517014509,17.06225774829855,True,True
1,8,4,2,2.000000000000001,0.25,5.0,1.0462856839717372,17.20371431602826,True,True
1,8,4,2,2.000000000000001,0.5,5.0,1.152932629649177,17.34706737035082,True,True
1,8,4,2,2.000000000000001,0.75,5.0,1.25769595247289,17.49230404752711,True,True
1,8,4,2,2.000000000000001,1.0,5.0,1.3605897019501452,17.639410298049853,True,True
1,8,4,2,2.100000000000001,0.0,5.0,0.8906285840451993,17.1093714159548,True,True
1,8,4,2,2.100000000000001,0.25,5.0,0.9934092665000129,17.256590733499987,True,True
1,8,4,2,2.100000000000001,0.5,5.0,1.0943344261561965,17.405665573843805,True,True
1,8,4,2,2.100000000000001,0.75,5.0,1.1934204429939665,17.55657955700603,True,True
1,8,4,2,2.100000000000001,1.0,5.0,1.29068473361772,17.70931526638228,True,True
1,8,4,2,2.200000000000001,0.0,5.0,0.8480342582573694,17.15196574174263,True,True
1,8,4,2,2.200000000000001,0.25,5.0,0.9456364161773791,17.30436358382262,True,True
1,8,4,2,2.200000000000001,0.5,5.0,1.04142632254654,17.458573677453458,True,True
1,8,4,2,2.200000000000001,0.75,5.0,1.1354232511615,17.614576748838502,True,True
1,8,4,2,2.200000000000001,1.0,5.0,1.2276473611300762,17.772352638869926,True,True
1,8,4,2,2.300000000000001,0.0,5.0,0.8093372355016868,17.190662764498313,True,True
1,8,4,2,2.300000000000001,0.25,5.0,0.9022601228692313,17.34773987713077,True,True
1,8,4,2,2.300000000000001,0.5,5.0,0.9934150127202148,17.506584987279787,True,True
1,8,4,2,2.300000000000001,0.75,5.0,1.082823553650627,17.667176446349373,True,True
1,8,4,2,2.300000000000001,1.0,5.0,1.1705081317880683,17.82949186821193,True,True
1,8,4,2,2.4000000000000012,0.0,5.0,0.7740248804979561,17.225975119502046,True,True
1,8,4,2,2.4000000000000012,0.25,5.0,0.8626985651696302,17.38730143483037,True,True
1,8,4,2,2.4000000000000012,0.5,5.0,0.9496486018161043,17.550351398183896,True,True
1,8,4,2,2.4000000000000012,0.75,5.0,1.0348985817517384,17.71510141824826,True,True
1,8,4,2,2.4000000000000012,1.0,5.0,1.1184726928798945,17.881527307120106,True,True
1,8,4,2,2.5000000000000013,0.0,5.0,0.7416708711749678,17.258329128825032,True,True
1,8,4,2,2.5000000000000013,0.25,5.0,0.8264685034037491,17.42353149659625,True,True
1,8,4,2,2.5000000000000013,0.5,5.0,0.9095863411938598,17.590413658806142,True,True
1,8,4,2,2.5000000000000013,0.75,5.0,0.9910495588296797,17.75895044117032,True,True
1,8,4,2,2.5000000000000013,1.0,5.0,1.0708837948453933,17.929116205154607,True,True
1,8,4,2,2.6000000000000014,0.0,5.0,0.7119177313260394,17.28808226867396,True,True
1,8,4,2,2.6000000000000014,0.25,5.0,0.7931651988384836,17.456834801161516,True,True
1,8,4,2,2.6000000000000014,0.5,5.0,0.8727758406865682,17.627224159313432,True,True
1,8,4,2,2.6000000000000014,0.75,5.0,0.9507761142688587,17.79922388573114,True,True
1,8,4,2,2.6000000000000014,1.0,5.0,1.0271928182885244,17.972807181711474,True,True
1,8,4,2,2.700000000000002,0.0,5.0,0.6844634479699288,17.31553655203007,True,True
1,8,4,2,2.700000000000002,0.25,5.0,0.762447060456557,17.48755293954344,True,True
1,8,4,2,2.700000000000002,0.5,5.0,0.8388356819531104,17.66116431804689,True,True
1,8,4,2,2.700000000000002,0.75,5.0,0.913656802628573,17.836343197371427,True,True
1,8,4,2,2.700000000000002,1.0,5.0,0.9869381405852433,18.013061859414755,True,True
1,8,4,2,2.8000000000000016,0.0,5.0,0.6590510988599991,17.340948901140003,True,True
1,8,4,2,2.8000000000000016,0.25,5.0,0.7340237669948593,17.51597623300514,True,True
1,8,4,2,2.8000000000000016,0.5,5.0,0.8074419922463232,17.692558007753675,True,True
1,8,4,2,2.8000000000000016,0.75,5.0,0.8793340881532838,17.870665911846714,True,True
1,8,4,2,2.8000000000000016,1.0,5.0,0.9497284921972877,18.050271507802712,True,True
1,8,4,2,2.9000000000000017,0.0,5.0,0.6354607274889723,17.364539272511028,True,True
1,8,4,2,2.9000000000000017,0.25,5.0,0.7076469780249965,17.542353021975003,True,True
1,8,4,2,2.9000000000000017,0.5,5.0,0.7783179620736398,17.72168203792636,True,True
1,8,4,2,2.9000000000000017,0.75,5.0,0.8475026410501574,17.902497358949844,True,True
1,8,4,2,2.9000000000000017,1.0,5.0,0.9152300052902422,18.08476999470976,True,True
1,8,4,2,3.0000000000000018,0.0,5.0,0.6135029163939159,17.386497083606084,True,True
1,8,4,2,3.0000000000000018,0.25,5.0,0.6831029975484775,17.566897002451523,True,True
1,8,4,2,3.0000000000000018,0.5,5.0,0.7512255785515354,17.748774421448466,True,True
1,8,4,2,3.0000000000000018,0.75,5.0,0.817900121341733,17.932099878658267,True,True
1,8,4,2,3.0000000000000018,1.0,5.0,0.8831560301929553,18.116843969807043,True,True
1,8,4,3,1.1,0.0,5.0,2.6928054266866024,24.307194573313396,True,True
1,8,4,3,1.1,0.25,5.0,2.9137193066884333,24.336280693311565,True,True
1,8,4,3,1.1,0.5,5.0,3.134027899605064,24.365972100394934,True,True
1,8,4,3,1.1,0.75,5.0,3.353714756180299,24.3962852438197,True,True
1,8,4,3,1.1,1.0,5.0,3.572762938952968,24.42723706104703,True,True
1,8,4,3,1.2000000000000002,0.0,5.0,2.443327806252009,24.556672193747993,True,True
1,8,4,3,1.2000000000000002,0.25,5.0,2.6413473743931615,24.608652625606837,True,True
1,8,4,3,1.2000000000000002,0.5,5.0,2.838423578602402,24.661576421397598,True,True
1,8,4,3,1.2000000000000002,0.75,5.0,3.0345376021130903,24.71546239788691,True,True
1,8,4,3,1.2000000000000002,1.0,5.0,3.2296703857309925,24.77032961426901,True,True
1,8,4,3,1.3000000000000003,0.0,5.0,2.236546505827592,24.76345349417241,True,True
1,8,4,3,1.3000000000000003,0.25,5.0,2.4160471051038837,24.833952894896115,True,True
1,8,4,3,1.3000000000000003,0.5,5.0,2.594413265784027,24.905586734215973,True,True
1,8,4,3,1.3000000000000003,0.75,5.0,2.771628630491062,24.978371369508938,True,True
1,8,4,3,1.3000000000000003,1.0,5.0,2.9476768888235014,25.0523231111765,True,True
1,8,4,3,1.4000000000000004,0.0,5.0,2.0622804470721263,24.937719552927874,True,True
1,8,4,3,1.4000000000000004,0.25,5.0,2.226476442726703,25.023523557273297,True,True
1,8,4,3,1.4000000000000004,0.5,5.0,2.389432232498237,25.110567767501763,True,True
1,8,4,3,1.4000000000000004,0.75,5.0,2.551135345462411,25.198864654537587,True,True
1,8,4,3,1.4000000000000004,1.0,5.0,2.7115735627780495,25.28842643722195,True,True
1,8,4,3,1.5000000000000007,0.0,5.0,1.913369773743531,25.086630226256467,True,True
1,8,4,3,1.5000000000000007,0.25,5.0,2.0646961545122,25.1853038454878,True,True
1,8,4,3,1.5000000000000007,0.5,5.0,2.214728004940671,25.28527199505933,True,True
1,8,4,3,1.5000000000000007,0.75,5.0,2.3634568801572033,25.3865431198428,True,True
1,8,4,3,1.5000000000000007,1.0,5.0,2.510874706923941,25.489125293076057,True,True
1,8,4,3,1.6000000000000005,0.0,5.0,1.784625486140019,25.21537451385998,True,True
1,8,4,3,1.6000000000000005,0.25,5.0,1.9249732906287775,25.325026709371222,True,True
1,8,4,3,1.6000000000000005,0.5,5.0,2.0640041074797555,25.435995892520246,True,True
1,8,4,3,1.6000000000000005,0.75,5.0,2.2017131877949634,25.548286812205035,True,True
1,8,4,3,1.6000000000000005,1.0,5.0,2.3380962103093985,25.6619037896906,True,True
1,8,4,3,1.7000000000000006,0.0,5.0,1.6721912924020703,25.32780870759793,True,True
1,8,4,3,1.7000000000000006,0.25,5.0,1.8030597168305942,25.446940283169404,True,True
1,8,4,3,1.7000000000000006,0.5,5.0,1.9326087779866725,25.567391222013327,True,True
1,8,4,3,1.7000000000000006,0.75,5.0,2.0608369518018,25.6891630481982,True,True
1,8,4,3,1.7000000000000006,1.0,5.0,2.187743155319305,25.812256844680697,True,True
1,8,4,3,1.8000000000000005,0.0,5.0,1.5731395581234366,25.426860441876563,True,True
1,8,4,3,1.8000000000000005,0.25,5.0,1.6957380082979707,25.554261991702028,True,True
1,8,4,3,1.8000000000000005,0.5,5.0,1.8170274728660605,25.68297252713394,True,True
1,8,4,3,1.8000000000000005,0.75,5.0,1.937009172394209,25.81299082760579,True,True
1,8,4,3,1.8000000000000005,1.0,5.0,2.055684755220721,25.94431524477928,True,True
1,8,4,3,1.9000000000000008,0.0,5.0,1.48520648708873,25.514793512911268,True,True
1,8,4,3,1.9000000000000008,0.25,5.0,1.6005252330485273,25.64947476695147,True,True
1,8,4,3,1.9000000000000008,0.5,5.0,1.7145534489072425,25.785446551092758,True,True
1,8,4,3,1.9000000000000008,0.75,5.0,1.827294660502007,25.922705339497995,True,True
1,8,4,3,1.9000000000000008,1.0,5.0,1.9387527920813117,26.06124720791869,True,True
1,8,4,3,2.000000000000001,0.0,5.0,1.4066133775521763,25.593386622447824,True,True
1,8,4,3,2.000000000000001,0.25,5.0,1.5154737912666452,25.734526208733357,True,True
1,8,4,3,2.000000000000001,0.5,5.0,1.6230671643650947,25.876932835634904,True,True
1,8,4,3,2.000000000000001,0.75,5.0,1.729398944473763,26.020601055526235,True,True
1,8,4,3,2.000000000000001,1.0,5.0,1.8344749394035595,26.16552506059644,True,True
1,8,4,3,2.100000000000001,0.0,5.0,1.335942876067799,25.664057123932203,True,True
1,8,4,3,2.100000000000001,0.25,5.0,1.439033979321012,25.81096602067899,True,True
1,8,4,3,2.100000000000001,0.5,5.0,1.5408845529252204,25.95911544707478,True,True
1,8,4,3,2.100000000000001,0.75,5.0,1.6415016392342956,26.108498360765704,True,True
1,8,4,3,2.100000000000001,1.0,5.0,1.7408925983286085,26.259107401671393,True,True
1,8,4,3,2.200000000000001,0.0,5.0,1.272051387386055,25.727948612613943,True,True
1,8,4,3,2.200000000000001,0.25,5.0,1.3699569749651808,25.88004302503482,True,True
1,8,4,3,2.200000000000001,0.5,5.0,1.4666502199855174,26.033349780014483,True,True
1,8,4,3,2.200000000000001,0.75,5.0,1.5621394838198093,26.18786051618019,True,True
1,8,4,3,2.200000000000001,1.0,5.0,1.6564334018227793,26.34356659817722,True,True
1,8,4,3,2.300000000000001,0.0,5.0,1.214005853252532,25.78599414674747,True,True
1,8,4,3,2.300000000000001,0.25,5.0,1.30722497681748,25.94277502318252,True,True
1,8,4,3,2.300000000000001,0.5,5.0,1.3992607156670474,26.100739284332953,True,True
1,8,4,3,2.300000000000001,0.75,5.0,1.4901225190803231,26.259877480919677,True,True
1,8,4,3,2.300000000000001,1.0,5.0,1.5798200671158789,26.42017993288412,True,True
1,8,4,3,2.4000000000000012,0.0,5.0,1.1610373207469333,25.838962679253065,True,True
1,8,4,3,2.4000000000000012,0.25,5.0,1.25,26.0,True,True
1,8,4,3,2.4000000000000012,0.5,5.0,1.3378084126935903,26.16219158730641,True,True
1,8,4,3,2.4000000000000012,0.75,5.0,1.4244729027241565,26.325527097275845,True,True
1,8,4,3,2.4000000000000012,1.0,5.0,1.5100040032032016,26.4899959967968,True,True
1,8,4,3,2.5000000000000013,0.0,5.0,1.1125063067624517,25.88749369323755,True,True
1,8,4,3,2.5000000000000013,0.25,5.0,1.1975857476303613,26.052414252369637,True,True
1,8,4,3,2.5000000000000013,0.5,5.0,1.281539790334973,26.218460209665025,True,True
1,8,4,3,2.5000000000000013,0.75,5.0,1.3643795117907906,26.38562048820921,True,True
1,8,4,3,2.5000000000000013,1.0,5.0,1.4461161388198267,26.553883861180175,True,True
1,8,4,3,2.6000000000000014,0.0,5.0,1.0678765969890591,25.93212340301094,True,True
1,8,4,3,2.6000000000000014,0.25,5.0,1.1493988120812393,26.100601187918762,True,True
1,8,4,3,2.6000000000000014,0.5,5.0,1.2298239751867825,26.270176024813217,True,True
1,8,4,3,2.6000000000000014,0.75,5.0,1.3091637610298523,26.44083623897015,True,True
1,8,4,3,2.6000000000000014,1.0,5.0,1.3874299575017979,26.612570042498202,True,True
1,8,4,3,2.700000000000002,0.0,5.0,1.026695171954895,25.973304828045105,True,True
1,8,4,3,2.700000000000002,0.25,5.0,1.104946641043771,26.14505335895623,True,True
1,8,4,3,2.700000000000002,0.5,5.0,1.1821287049521025,26.317871295047897,True,True
1,8,4,3,2.700000000000002,0.75,5.0,1.2582535229296656,26.491746477070336,True,True
1,8,4,3,2.700000000000002,1.0,5.0,1.3333333333333321,26.666666666666668,True,True
1,8,4,3,2.8000000000000016,0.0,5.0,0.9885766482899996,26.01142335171,True,True
1,8,4,3,2.8000000000000016,0.25,5.0,1.0638104805772013,26.186189519422797,True,True
1,8,4,3,2.8000000000000016,0.5,5.0,1.1380017443705608,26.361998255629437,True,True
1,8,4,3,2.8000000000000016,0.75,5.0,1.2111629883694857,26.538837011630513,True,True
1,8,4,3,2.8000000000000016,1.0,5.0,1.2833068089897797,26.716693191010222,True,True
1,8,4,3,2.9000000000000017,0.0,5.0,0.9531910912334585,26.046808908766543,True,True
1,8,4,3,2.9000000000000017,0.25,5.0,1.0256320287142149,26.224367971285787,True,True
1,8,4,3,2.9000000000000017,0.5,5.0,1.0970563599366052,26.402943640063395,True,True
1,8,4,3,2.9000000000000017,0.75,5.0,1.167476943110458,26.582523056889542,True,True
1,8,4,3,2.9000000000000017,1.0,5.0,1.236906655354355,26.763093344645647,True,True
1,8,4,3,3.0000000000000018,0.0,5.0,0.9202543745908756,26.079745625409124,True,True
1,8,4,3,3.0000000000000018,0.25,5.0,0.9901028892198731,26.259897110780127,True,True
1,8,4,3,3.0000000000000018,0.5,5.0,1.0589598535029445,26.441040146497055,True,True
1,8,4,3,3.0000000000000018,0.75,5.0,1.126838367827304,26.623161632172696,True,True
1,8,4,3,3.0000000000000018,1.0,5.0,1.1937515251343012,26.806248474865697,True,True
1,8,5,1,1.1,0.0,4.0,0.897601808895534,8.102398191104466,True,True
1,8,5,1,1.1,0.25,4.0,1.1179049187267665,8.132095081273233,True,True
1,8,5,1,1.1,0.5,4.0,1.3362910067041311,8.163708993295868,True,True
1,8,5,1,1.1,0.75,4.0,1.552598417902003,8.197401582097998,True,True
1,8,5,1,1.1,1.0,4.0,1.7666510465856833,8.233348953414318,True,True
1,8,5,1,1.2000000000000002,0.0,4.0,0.8144426020840032,8.185557397915996,True,True
1,8,5,1,1.2000000000000002,0.25,4.0,1.011512534037697,8.238487465962303,True,True
1,8,5,1,1.2000000000000002,0.5,4.0,1.2056382803105437,8.294361719689457,True,True
1,8,5,1,1.2000000000000002,0.75,4.0,1.396644306093275,8.353355693906725,True,True
1,8,5,1,1.2000000000000002,1.0,4.0,1.5843497446801336,8.415650255319866,True,True
1,8,5,1,1.3000000000000003,0.0,4.0,0.7455155019425308,8.254484498057469,True,True
1,8,5,1,1.3000000000000003,0.25,4.0,0.9238762101636873,8.326123789836313,True,True
1,8,5,1,1.3000000000000003,0.5,4.0,1.0987357300202478,8.401264269979752,True,True
1,8,5,1,1.3000000000000003,0.75,4.0,1.269948789438736,8.480051210561264,True,True
1,8,5,1,1.3000000000000003,1.0,4.0,1.437373484027873,8.562626515972127,True,True
1,8,5,1,1.4000000000000004,0.0,4.0,0.6874268156907091,8.31257318430929,True,True
1,8,5,1,1.4000000000000004,0.25,4.0,0.8503784484874704,8.39962155151253,True,True
1,8,5,1,1.4000000000000004,0.5,4.0,1.009535934062268,8.490464065937733,True,True
1,8,5,1,1.4000000000000004,0.75,4.0,1.1647944800860421,8.585205519913957,True,True
1,8,5,1,1.4000000000000004,1.0,4.0,1.3160580119349636,8.683941988065037,True,True
1,8,5,1,1.5000000000000007,0.0,4.0,0.6377899245811771,8.362210075418822,True,True
1,8,5,1,1.5000000000000007,0.25,4.0,0.7878189600524013,8.462181039947598,True,True
1,8,5,1,1.5000000000000007,0.5,4.0,0.9339156193815623,8.566084380618438,True,True
1,8,5,1,1.5000000000000007,0.75,4.0,1.0760143897789414,8.67398561022106,True,True
1,8,5,1,1.5000000000000007,1.0,4.0,1.2140611027998172,8.785938897200182,True,True
1,8,5,1,1.6000000000000005,0.0,4.0,0.5948751620466726,8.405124837953327,True,True
1,8,5,1,1.6000000000000005,0.25,4.0,0.7339043959316545,8.516095604068346,True,True
1,8,5,1,1.6000000000000005,0.5,4.0,0.8689563259349935,8.631043674065006,True,True
1,8,5,1,1.6000000000000005,0.75,4.0,0.9999999999999996,8.75,True,True
1,8,5,1,1.6000000000000005,1.0,4.0,1.1270166537925825,8.872983346207418,True,True
1,8,5,1,1.7000000000000006,0.0,4.0,0.5573970974673563,8.442602902532643,True,True
1,8,5,1,1.7000000000000006,0.25,4.0,0.6869456506005998,8.563054349399401,True,True
1,8,5,1,1.7000000000000006,0.5,4.0,0.8125291784461135,8.687470821553887,True,True
1,8,5,1,1.7000000000000006,0.75,4.0,0.9341459196827722,8.815854080317228,True,True
1,8,5,1,1.7000000000000006,1.0,4.0,1.0518060718706268,8.948193928129374,True,True
1,8,5,1,1.8000000000000005,0.0,4.0,0.5243798527078121,8.475620147292188,True,True
1,8,5,1,1.8000000000000005,0.25,4.0,0.6456697241314027,8.604330275868598,True,True
1,8,5,1,1.8000000000000005,0.5,4.0,0.7630420953647712,8.73695790463523,True,True
1,8,5,1,1.8000000000000005,0.75,4.0,0.8765193857888689,8.87348061421113,True,True
1,8,5,1,1.8000000000000005,1.0,4.0,0.9861351404025678,9.013864859597433,True,True
1,8,5,1,1.9000000000000008,0.0,4.0,0.4950688290295764,8.504931170970423,True,True
1,8,5,1,1.9000000000000008,0.25,4.0,0.6090982201673354,8.640901779832664,True,True
1,8,5,1,1.9000000000000008,0.5,4.0,0.7192791554964026,8.780720844503598,True,True
1,8,5,1,1.9000000000000008,0.75,4.0,0.8256538864443277,8.924346113555671,True,True
1,8,5,1,1.9000000000000008,1.0,4.0,0.928274644770223,9.071725355229777,True,True
1,8,5,1,2.000000000000001,0.0,4.0,0.46887112585072543,8.531128874149275,True,True
1,8,5,1,2.000000000000001,0.25,4.0,0.5764663148245885,8.67353368517541,True,True
1,8,5,1,2.000000000000001,0.5,4.0,0.6802948509750726,8.819705149024927,True,True
1,8,5,1,2.000000000000001,0.75,4.0,0.7804151614601995,8.9695848385398,True,True
1,8,5,1,2.000000000000001,1.0,4.0,0.8768943743823394,9.123105625617661,True,True
1,8,5,1,2.100000000000001,0.0,4.0,0.44531429202259964,8.5546857079774,True,True
1,8,5,1,2.100000000000001,0.25,4.0,0.5471672130780982,8.702832786921903,True,True
1,8,5,1,2.100000000000001,0.5,4.0,0.64534236680886,8.85465763319114,True,True
1,8,5,1,2.100000000000001,0.75,4.0,0.7399113270289677,9.010088672971033,True,True
1,8,5,1,2.100000000000001,1.0,4.0,0.8309530608360403,9.169046939163959,True,True
1,8,5,1,2.200000000000001,0.0,4.0,0.4240171291286847,8.575982870871314,True,True
1,8,5,1,2.200000000000001,0.25,4.0,0.52071316127327,8.729286838726729,True,True
1,8,5,1,2.200000000000001,0.5,4.0,0.6138236805650381,8.886176319434963,True,True
1,8,5,1,2.200000000000001,0.75,4.0,0.7034309143484583,9.04656908565154,True,True
1,8,5,1,2.200000000000001,1.0,4.0,0.7896232083965771,9.210376791603423,True,True
1,8,5,1,2.300000000000001,0.0,4.0,0.4046686177508434,8.595331382249157,True,True
1,8,5,1,2.300000000000001,0.25,4.0,0.4967075063601074,8.753292493639893,True,True
1,8,5,1,2.300000000000001,0.5,4.0,0.5852540658940342,8.914745934105966,True,True
1,8,5,1,2.300000000000001,0.75,4.0,0.6703991297317087,9.07960087026829,True,True
1,8,5,1,2.300000000000001,1.0,4.0,0.7522384411469645,9.247761558853036,True,True
1,8,5,1,2.4000000000000012,0.0,4.0,0.3870124402489781,8.612987559751023,True,True
1,8,5,1,2.4000000000000012,0.25,4.0,0.47482430090805217,8.775175699091948,True,True
1,8,5,1,2.4000000000000012,0.5,4.0,0.5592363464399472,8.940763653560053,True,True
1,8,5,1,2.4000000000000012,0.75,4.0,0.6403463345077824,9.109653665492218,True,True
1,8,5,1,2.4000000000000012,1.0,4.0,0.718255807111623,9.281744192888377,True,True
1,8,5,1,2.5000000000000013,0.0,4.0,0.3708354355874839,8.629164564412516,True,True
1,8,5,1,2.5000000000000013,0.25,4.0,0.4547931705969299,8.795206829403071,True,True
1,8,5,1,2.5000000000000013,0.5,4.0,0.5354418974226967,8.964558102577303,True,True
1,8,5,1,2.5000000000000013,0.75,4.0,0.6128849147400999,9.1371150852599,True,True
1,8,5,1,2.5000000000000013,1.0,4.0,0.6872282694304346,9.312771730569565,True,True
1,8,5,1,2.6000000000000014,0.0,4.0,0.3559588656630197,8.64404113433698,True,True
1,8,5,1,2.6000000000000014,0.25,4.0,0.4363879203432841,8.813612079656716,True,True
1,8,5,1,2.6000000000000014,0.5,4.0,0.5135964091442622,8.986403590855737,True,True
1,8,5,1,2.6000000000000014,0.75,4.0,0.5876920316608212,9.162307968339178,True,True
1,8,5,1,2.6000000000000014,1.0,4.0,0.6587842893777038,9.341215710622297,True,True
1,8,5,1,2.700000000000002,0.0,4.0,0.3422317239849644,8.657768276015036,True,True
1,8,5,1,2.700000000000002,0.25,4.0,0.4194178409765552,8.830582159023445,True,True
1,8,5,1,2.700000000000002,0.5,4.0,0.49346907029262166,9.006530929707377,True,True
1,8,5,1,2.700000000000002,0.75,4.0,0.5644965706063036,9.185503429393696,True,True
1,8,5,1,2.700000000000002,1.0,4.0,0.6326124428814337,9.367387557118565,True,True
1,8,5,1,2.8000000000000016,0.0,4.0,0.32952554942999956,8.670474450570001,True,True
1,8,5,1,2.8000000000000016,0.25,4.0,0.4037209961231616,8.846279003876838,True,True
1,8,5,1,2.8000000000000016,0.5,4.0,0.47486424609864386,9.025135753901356,True,True
1,8,5,1,2.8000000000000016,0.75,4.0,0.5430691372091356,9.206930862790864,True,True
1,8,5,1,2.8000000000000016,1.0,4.0,0.6084496717316004,9.3915503282684,True,True
1,8,5,1,2.9000000000000017,0.0,4.0,0.31773036374448616,8.682269636255514,True,True
1,8,5,1,2.9000000000000017,0.25,4.0,0.3891589810368199,8.86084101896318,True,True
1,8,5,1,2.9000000000000017,0.5,4.0,0.4576150026451211,9.04238499735488,True,True
1,8,5,1,2.9000000000000017,0.75,4.0,0.5232142983479235,9.226785701652076,True,True
1,8,5,1,2.9000000000000017,1.0,4.0,0.5860722003311318,9.413927799668869,True,True
1,8,5,1,3.0000000000000018,0.0,4.0,0.3067514581969579,8.693248541803042,True,True
1,8,5,1,3.0000000000000018,0.25,4.0,0.3756127892757677,8.874387210724233,True,True
1,8,5,1,3.0000000000000018,0.5,4.0,0.44157801509647765,9.058421984903521,True,True
1,8,5,1,3.0000000000000018,0.75,4.0,0.5047644990992382,9.245235500900762,True,True
1,8,5,1,3.0000000000000018,1.0,4.0,0.5652884347833096,9.434711565216691,True,True
1,8,5,2,1.1,0.0,4.0,1.795203617791068,16.204796382208933,True,True
1,8,5,2,1.1,0.25,4.0,2.0159668538733566,16.23403314612664,True,True
1,8,5,2,1.1,0.5,4.0,2.235809837453533,16.264190162546466,True,True
1,8,5,2,1.1,0.75,4.0,2.4546947321667947,16.295305267833207,True,True
1,8,5,2,1.1,1.0,4.0,2.6725820134082623,16.327417986591737,True,True
1,8,5,2,1.2000000000000002,0.0,4.0,1.6288852041680064,16.371114795831993,True,True
1,8,5,2,1.2000000000000002,0.25,4.0,1.8266697115025003,16.4233302884975,True,True
1,8,5,2,1.2000000000000002,0.5,4.0,2.023025068075394,16.476974931924605,True,True
1,8,5,2,1.2000000000000002,0.75,4.0,2.2179085283661957,16.532091471633805,True,True
1,8,5,2,1.2000000000000002,1.0,4.0,2.4112765606210873,16.588723439378914,True,True
1,8,5,2,1.3000000000000003,0.0,4.0,1.4910310038850616,16.508968996114938,True,True
1,8,5,2,1.3000000000000003,0.25,4.0,1.6702486756638013,16.5797513243362,True,True
1,8,5,2,1.3000000000000003,0.5,4.0,1.8477524203273745,16.652247579672625,True,True
1,8,5,2,1.3000000000000003,0.75,4.0,2.0235055156215918,16.726494484378406,True,True
1,8,5,2,1.3000000000000003,1.0,4.0,2.1974714600404956,16.802528539959503,True,True
1,8,5,2,1.4000000000000004,0.0,4.0,1.3748536313814181,16.62514636861858,True,True
1,8,5,2,1.4000000000000004,0.25,4.0,1.5387400989872297,16.71125990101277,True,True
1,8,5,2,1.4000000000000004,0.5,4.0,1.7007568969749407,16.79924310302506,True,True
1,8,5,2,1.4000000000000004,0.75,4.0,1.8608763936551735,16.889123606344825,True,True
1,8,5,2,1.4000000000000004,1.0,4.0,2.019071868124536,16.980928131875466,True,True
1,8,5,2,1.5000000000000007,0.0,4.0,1.2755798491623542,16.724420150837645,True,True
1,8,5,2,1.5000000000000007,0.25,4.0,1.4265829549185884,16.823417045081413,True,True
1,8,5,2,1.5000000000000007,0.5,4.0,1.5756379201048025,16.924362079895197,True,True
1,8,5,2,1.5000000000000007,0.75,4.0,1.7227263727264246,17.027273627273576,True,True
1,8,5,2,1.5000000000000007,1.0,4.0,1.8678312387631246,17.132168761236876,True,True
1,8,5,2,1.6000000000000005,0.0,4.0,1.1897503240933451,16.810249675906654,True,True
1,8,5,2,1.6000000000000005,0.25,4.0,1.3297690861655669,16.920230913834434,True,True
1,8,5,2,1.6000000000000005,0.5,4.0,1.467808791863309,17.03219120813669,True,True
1,8,5,2,1.6000000000000005,0.75,4.0,1.603859478815223,17.146140521184776,True,True
1,8,5,2,1.6000000000000005,1.0,4.0,1.737912651869987,17.262087348130013,True,True
1,8,5,2,1.7000000000000006,0.0,4.0,1.1147941949347127,16.885205805065286,True,True
1,8,5,2,1.7000000000000006,0.25,4.0,1.245332848922823,17.00466715107718,True,True
1,8,5,2,1.7000000000000006,0.5,4.0,1.3738913012011995,17.126108698798802,True,True
1,8,5,2,1.7000000000000006,0.75,4.0,1.500466867247079,17.249533132752923,True,True
1,8,5,2,1.7000000000000006,1.0,4.0,1.625058356892227,17.374941643107775,True,True
1,8,5,2,1.8000000000000005,0.0,4.0,1.0487597054156241,16.951240294584377,True,True
1,8,5,2,1.8000000000000005,0.25,4.0,1.171030865033483,17.078969134966517,True,True
1,8,5,2,1.8000000000000005,0.5,4.0,1.2913394482628053,17.208660551737196,True,True
1,8,5,2,1.8000000000000005,0.75,4.0,1.4096889228633662,17.340311077136633,True,True
1,8,5,2,1.8000000000000005,1.0,4.0,1.5260841907295424,17.47391580927046,True,True
1,8,5,2,1.9000000000000008,0.0,4.0,0.9901376580591528,17.009862341940845,True,True
1,8,5,2,1.9000000000000008,0.25,4.0,1.105133630854727,17.144866369145273,True,True
1,8,5,2,1.9000000000000008,0.5,4.0,1.2181964403346708,17.281803559665327,True,True
1,8,5,2,1.9000000000000008,0.75,4.0,1.329334691080053,17.420665308919947,True,True
1,8,5,2,1.9000000000000008,1.0,4.0,1.4385583109928053,17.561441689007196,True,True
1,8,5,2,2.000000000000001,0.0,4.0,0.9377422517014509,17.06225774829855,True,True
1,8,5,2,2.000000000000001,0.25,4.0,1.0462856839717372,17.20371431602826,True,True
1,8,5,2,2.000000000000001,0.5,4.0,1.152932629649177,17.34706737035082,True,True
1,8,5,2,2.000000000000001,0.75,4.0,1.25769595247289,17.49230404752711,True,True
1,8,5,2,2.000000000000001,1.0,4.0,1.3605897019501452,17.639410298049853,True,True
1,8,5,2,2.100000000000001,0.0,4.0,0.8906285840451993,17.1093714159548,True,True
1,8,5,2,2.100000000000001,0.25,4.0,0.9934092665000129,17.256590733499987,True,True
1,8,5,2,2.100000000000001,0.5,4.0,1.0943344261561965,17.405665573843805,True,True
1,8,5,2,2.100000000000001,0.75,4.0,1.1934204429939665,17.55657955700603,True,True
1,8,5,2,2.100000000000001,1.0,4.0,1.29068473361772,17.70931526638228,True,True
1,8,5,2,2.200000000000001,0.0,4.0,0.8480342582573694,17.15196574174263,True,True
1,8,5,2,2.200000000000001,0.25,4.0,0.9456364161773791,17.30436358382262,True,True
1,8,5,2,2.200000000000001,0.5,4.0,1.04142632254654,17.458573677453458,True,True
1,8,5,2,2.200000000000001,0.75,4.0,1.1354232511615,17.614576748838502,True,True
1,8,5,2,2.200000000000001,1.0,4.0,1.2276473611300762,17.772352638869926,True,True
1,8,5,2,2.300000000000001,0.0,4.0,0.8093372355016868,17.190662764498313,True,True
1,8,5,2,2.300000000000001,0.25,4.0,0.9022601228692313,17.34773987713077,True,True
1,8,5,2,2.300000000000001,0.5,4.0,0.9934150127202148,17.506584987279787,True,True
1,8,5,2,2.300000000000001,0.75,4.0,1.082823553650627,17.667176446349373,True,True
1,8,5,2,2.300000000000001,1.0,4.0,1.1705081317880683,17.82949186821193,True,True
1,8,5,2,2.4000000000000012,0.0,4.0,0.7740248804979561,17.225975119502046,True,True
1,8,5,2,2.4000000000000012,0.25,4.0,0.8626985651696302,17.38730143483037,True,True
1,8,5,2,2.4000000000000012,0.5,4.0,0.9496486018161043,17.550351398183896,True,True
1,8,5,2,2.4000000000000012,0.75,4.0,1.0348985817517384,17.71510141824826,True,True
1,8,5,2,2.4000000000000012,1.0,4.0,1.1184726928798945,17.881527307120106,True,True
1,8,5,2,2.5000000000000013,0.0,4.0,0.7416708711749678,17.258329128825032,True,True
1,8,5,2,2.5000000000000013,0.25,4.0,0.8264685034037491,17.42353149659625,True,True
1,8,5,2,2.5000000000000013,0.5,4.0,0.9095863411938598,17.590413658806142,True,True
1,8,5,2,2.5000000000000013,0.75,4.0,0.9910495588296797,17.75895044117032,True,True
1,8,5,2,2.5000000000000013,1.0,4.0,1.0708837948453933,17.929116205154607,True,True
1,8,5,2,2.6000000000000014,0.0,4.0,0.7119177313260394,17.28808226867396,True,True
1,8,5,2,2.6000000000000014,0.25,4.0,0.7931651988384836,17.456834801161516,True,True
1,8,5,2,2.6000000000000014,0.5,4.0,0.8727758406865682,17.627224159313432,True,True
1,8,5,2,2.6000000000000014,0.75,4.0,0.9507761142688587,17.79922388573114,True,True
1,8,5,2,2.6000000000000014,1.0,4.0,1.0271928182885244,17.972807181711474,True,True
1,8,5,2,2.700000000000002,0.0,4.0,0.6844634479699288,17.31553655203007,True,True
1,8,5,2,2.700000000000002,0.25,4.0,0.762447060456557,17.48755293954344,True,True
1,8,5,2,2.700000000000002,0.5,4.0,0.8388356819531104,17.66116431804689,True,True
1,8,5,2,2.700000000000002,0.75,4.0,0.913656802628573,17.836343197371427,True,True
1,8,5,2,2.700000000000002,1.0,4.0,0.9869381405852433,18.013061859414755,True,True
1,8,5,2,2.8000000000000016,0.0,4.0,0.6590510988599991,17.340948901140003,True,True
1,8,5,2,2.8000000000000016,0.25,4.0,0.7340237669948593,17.51597623300514,True,True
1,8,5,2,2.8000000000000016,0.5,4.0,0.8074419922463232,17.692558007753675,True,True
1,8,5,2,2.8000000000000016,0.75,4.0,0.8793340881532838,17.870665911846714,True,True
1,8,5,2,2.8000000000000016,1.0,4.0,0.9497284921972877,18.050271507802712,True,True
1,8,5,2,2.9000000000000017,0.0,4.0,0.6354607274889723,17.364539272511028,True,True
1,8,5,2,2.9000000000000017,0.25,4.0,0.7076469780249965,17.542353021975003,True,True
1,8,5,2,2.9000000000000017,0.5,4.0,0.7783179620736398,17.72168203792636,True,True
1,8,5,2,2.9000000000000017,0.75,4.0,0.8475026410501574,17.902497358949844,True,True
1,8,5,2,2.9000000000000017,1.0,4.0,0.9152300052902422,18.08476999470976,True,True
1,8,5,2,3.0000000000000018,0.0,4.0,0.6135029163939159,17.386497083606084,True,True
1,8,5,2,3.0000000000000018,0.25,4.0,0.6831029975484775,17.566897002451523,True,True
1,8,5,2,3.0000000000000018,0.5,4.0,0.7512255785515354,17.748774421448466,True,True
1,8,5,2,3.0000000000000018,0.75,4.0,0.817900121341733,17.932099878658267,True,True
1,8,5,2,3.0000000000000018,1.0,4.0,0.8831560301929553,18.116843969807043,True,True
1,8,5,3,1.1,0.0,4.0,2.6928054266866024,24.307194573313396,True,True
1,8,5,3,1.1,0.25,4.0,2.9137193066884333,24.336280693311565,True,True
1,8,5,3,1.1,0.5,4.0,3.134027899605064,24.365972100394934,True,True
1,8,5,3,1.1,0.75,4.0,3.353714756180299,24.3962852438197,True,True
1,8,5,3,1.1,1.0,4.0,3.572762938952968,24.42723706104703,True,True
1,8,5,3,1.2000000000000002,0.0,4.0,2.443327806252009,24.556672193747993,True,True
1,8,5,3,1.2000000000000002,0.25,4.0,2.6413473743931615,24.608652625606837,True,True
1,8,5,3,1.2000000000000002,0.5,4.0,2.838423578602402,24.661576421397598,True,True
1,8,5,3,1.2000000000000002,0.75,4.0,3.0345376021130903,24.71546239788691,True,True
1,8,5,3,1.2000000000000002,1.0,4.0,3.2296703857309925,24.77032961426901,True,True
1,8,5,3,1.3000000000000003,0.0,4.0,2.236546505827592,24.76345349417241,True,True
1,8,5,3,1.3000000000000003,0.25,4.0,2.4160471051038837,24.833952894896115,True,True
1,8,5,3,1.3000000000000003,0.5,4.0,2.594413265784027,24.905586734215973,True,True
1,8,5,3,1.3000000000000003,0.75,4.0,2.771628630491062,24.978371369508938,True,True
1,8,5,3,1.3000000000000003,1.0,4.0,2.9476768888235014,25.0523231111765,True,True
1,8,5,3,1.4000000000000004,0.0,4.0,2.0622804470721263,24.937719552927874,True,True
1,8,5,3,1.4000000000000004,0.25,4.0,2.226476442726703,25.023523557273297,True,True
1,8,5,3,1.4000000000000004,0.5,4.0,2.389432232498237,25.110567767501763,True,True
1,8,5,3,1.4000000000000004,0.75,4.0,2.551135345462411,25.198864654537587,True,True
1,8,5,3,1.4000000000000004,1.0,4.0,2.7115735627780495,25.28842643722195,True,True
1,8,5,3,1.5000000000000007,0.0,4.0,1.913369773743531,25.086630226256467,True,True
1,8,5,3,1.5000000000000007,0.25,4.0,2.0646961545122,25.1853038454878,True,True
1,8,5,3,1.5000000000000007,0.5,4.0,2.214728004940671,25.28527199505933,True,True
1,8,5,3,1.5000000000000007,0.75,4.0,2.3634568801572033,25.3865431198428,True,True
1,8,5,3,1.5000000000000007,1.0,4.0,2.510874706923941,25.489125293076057,True,True
1,8,5,3,1.6000000000000005,0.0,4.0,1.784625486140019,25.21537451385998,True,True
1,8,5,3,1.6000000000000005,0.25,4.0,1.9249732906287775,25.325026709371222,True,True
1,8,5,3,1.6000000000000005,0.5,4.0,2.0640041074797555,25.435995892520246,True,True
1,8,5,3,1.6000000000000005,0.75,4.0,2.2017131877949634,25.548286812205035,True,True
1,8,5,3,1.6000000000000005,1.0,4.0,2.3380962103093985,25.6619037896906,True,True
1,8,5,3,1.7000000000000006,0.0,4.0,1.6721912924020703,25.32780870759793,True,True
1,8,5,3,1.7000000000000006,0.25,4.0,1.8030597168305942,25.446940283169404,True,True
1,8,5,3,1.7000000000000006,0.5,4.0,1.9326087779866725,25.567391222013327,True,True
1,8,5,3,1.7000000000000006,0.75,4.0,2.0608369518018,25.6891630481982,True,True
1,8,5,3,1.7000000000000006,1.0,4.0,2.187743155319305,25.812256844680697,True,True
1,8,5,3,1.8000000000000005,0.0,4.0,1.5731395581234366,25.426860441876563,True,True
1,8,5,3,1.8000000000000005,0.25,4.0,1.6957380082979707,25.554261991702028,True,True
1,8,5,3,1.8000000000000005,0.5,4.0,1.8170274728660605,25.68297252713394,True,True
1,8,5,3,1.8000000000000005,0.75,4.0,1.937009172394209,25.81299082760579,True,True
1,8,5,3,1.8000000000000005,1.0,4.0,2.055684755220721,25.94431524477928,True,True
1,8,5,3,1.9000000000000008,0.0,4.0,1.48520648708873,25.514793512911268,True,True
1,8,5,3,1.9000000000000008,0.25,4.0,1.6005252330485273,25.64947476695147,True,True
1,8,5,3,1.9000000000000008,0.5,4.0,1.7145534489072425,25.785446551092758,True,True
1,8,5,3,1.9000000000000008,0.75,4.0,1.827294660502007,25.922705339497995,True,True
1,8,5,3,1.9000000000000008,1.0,4.0,1.9387527920813117,26.06124720791869,True,True
1,8,5,3,2.000000000000001,0.0,4.0,1.4066133775521763,25.593386622447824,True,True
1,8,5,3,2.000000000000001,0.25,4.0,1.5154737912666452,25.734526208733357,True,True
1,8,5,3,2.000000000000001,0.5,4.0,1.6230671643650947,25.876932835634904,True,True
1,8,5,3,2.000000000000001,0.75,4.0,1.729398944473763,26.020601055526235,True,True
1,8,5,3,2.000000000000001,1.0,4.0,1.8344749394035595,26.16552506059644,True,True
1,8,5,3,2.100000000000001,0.0,4.0,1.335942876067799,25.664057123932203,True,True
1,8,5,3,2.100000000000001,0.25,4.0,1.439033979321012,25.81096602067899,True,True
1,8,5,3,2.100000000000001,0.5,4.0,1.5408845529252204,25.95911544707478,True,True
1,8,5,3,2.100000000000001,0.75,4.0,1.6415016392342956,26.108498360765704,True,True
1,8,5,3,2.100000000000001,1.0,4.0,1.7408925983286085,26.259107401671393,True,True
1,8,5,3,2.200000000000001,0.0,4.0,1.272051387386055,25.727948612613943,True,True
1,8,5,3,2.200000000000001,0.25,4.0,1.3699569749651808,25.88004302503482,True,True
1,8,5,3,2.200000000000001,0.5,4.0,1.4666502199855174,26.033349780014483,True,True
1,8,5,3,2.200000000000001,0.75,4.0,1.5621394838198093,26.18786051618019,True,True
1,8,5,3,2.200000000000001,1.0,4.0,1.6564334018227793,26.34356659817722,True,True
1,8,5,3,2.300000000000001,0.0,4.0,1.214005853252532,25.78599414674747,True,True
1,8,5,3,2.300000000000001,0.25,4.0,1.30722497681748,25.94277502318252,True,True
1,8,5,3,2.300000000000001,0.5,4.0,1.3992607156670474,26.100739284332953,True,True
1,8,5,3,2.300000000000001,0.75,4.0,1.4901225190803231,26.259877480919677,True,True
1,8,5,3,2.300000000000001,1.0,4.0,1.5798200671158789,26.42017993288412,True,True
1,8,5,3,2.4000000000000012,0.0,4.0,1.1610373207469333,25.838962679253065,True,True
1,8,5,3,2.4000000000000012,0.25,4.0,1.25,26.0,True,True
1,8,5,3,2.4000000000000012,0.5,4.0,1.3378084126935903,26.16219158730641,True,True
1,8,5,3,2.4000000000000012,0.75,4.0,1.4244729027241565,26.325527097275845,True,True
1,8,5,3,2.4000000000000012,1.0,4.0,1.5100040032032016,26.4899959967968,True,True
1,8,5,3,2.5000000000000013,0.0,4.0,1.1125063067624517,25.88749369323755,True,True
1,8,5,3,2.5000000000000013,0.25,4.0,1.1975857476303613,26.052414252369637,True,True
1,8,5,3,2.5000000000000013,0.5,4.0,1.281539790334973,26.218460209665025,True,True
1,8,5,3,2.5000000000000013,0.75,4.0,1.3643795117907906,26.38562048820921,True,True
1,8,5,3,2.5000000000000013,1.0,4.0,1.4461161388198267,26.553883861180175,True,True
1,8,5,3,2.6000000000000014,0.0,4.0,1.0678765969890591,25.93212340301094,True,True
1,8,5,3,2.6000000000000014,0.25,4.0,1.1493988120812393,26.100601187918762,True,True
1,8,5,3,2.6000000000000014,0.5,4.0,1.2298239751867825,26.270176024813217,True,True
1,8,5,3,2.6000000000000014,0.75,4.0,1.3091637610298523,26.44083623897015,True,True
1,8,5,3,2.6000000000000014,1.0,4.0,1.3874299575017979,26.612570042498202,True,True
1,8,5,3,2.700000000000002,0.0,4.0,1.026695171954895,25.973304828045105,True,True
1,8,5,3,2.700000000000002,0.25,4.0,1.104946641043771,26.14505335895623,True,True
1,8,5,3,2.700000000000002,0.5,4.0,1.1821287049521025,26.317871295047897,True,True
1,8,5,3,2.700000000000002,0.75,4.0,1.2582535229296656,26.491746477070336,True,True
1,8,5,3,2.700000000000002,1.0,4.0,1.3333333333333321,26.666666666666668,True,True
1,8,5,3,2.8000000000000016,0.0,4.0,0.9885766482899996,26.01142335171,True,True
1,8,5,3,2.8000000000000016,0.25,4.0,1.0638104805772013,26.186189519422797,True,True
1,8,5,3,2.8000000000000016,0.5,4.0,1.1380017443705608,26.361998255629437,True,True
1,8,5,3,2.8000000000000016,0.75,4.0,1.2111629883694857,26.538837011630513,True,True
1,8,5,3,2.8000000000000016,1.0,4.0,1.2833068089897797,26.716693191010222,True,True
1,8,5,3,2.9000000000000017,0.0,4.0,0.9531910912334585,26.046808908766543,True,True
1,8,5,3,2.9000000000000017,0.25,4.0,1.0256320287142149,26.224367971285787,True,True
1,8,5,3,2.9000000000000017,0.5,4.0,1.0970563599366052,26.402943640063395,True,True
1,8,5,3,2.9000000000000017,0.75,4.0,1.167476943110458,26.582523056889542,True,True
1,8,5,3,2.9000000000000017,1.0,4.0,1.236906655354355,26.763093344645647,True,True
1,8,5,3,3.0000000000000018,0.0,4.0,0.9202543745908756,26.079745625409124,True,True
1,8,5,3,3.0000000000000018,0.25,4.0,0.9901028892198731,26.259897110780127,True,True
1,8,5,3,3.0000000000000018,0.5,4.0,1.0589598535029445,26.441040146497055,True,True
1,8,5,3,3.0000000000000018,0.75,4.0,1.126838367827304,26.623161632172696,True,True
1,8,5,3,3.0000000000000018,1.0,4.0,1.1937515251343012,26.806248474865697,True,True
1,8,6,1,1.1,0.0,3.0,0.897601808895534,8.102398191104466,True,True
1,8,6,1,1.1,0.25,3.0,1.1179049187267665,8.132095081273233,True,True
1,8,6,1,1.1,0.5,3.0,1.3362910067041311,8.163708993295868,True,True
1,8,6,1,1.1,0.75,3.0,1.552598417902003,8.197401582097998,True,True
1,8,6,1,1.1,1.0,3.0,1.7666510465856833,8.233348953414318,True,True
1,8,6,1,1.2000000000000002,0.0,3.0,0.8144426020840032,8.185557397915996,True,True
1,8,6,1,1.2000000000000002,0.25,3.0,1.011512534037697,8.238487465962303,True,True
1,8,6,1,1.2000000000000002,0.5,3.0,1.2056382803105437,8.294361719689457,True,True
1,8,6,1,1.2000000000000002,0.75,3.0,1.396644306093275,8.353355693906725,True,True
1,8,6,1,1.2000000000000002,1.0,3.0,1.5843497446801336,8.415650255319866,True,True
1,8,6,1,1.3000000000000003,0.0,3.0,0.7455155019425308,8.254484498057469,True,True
1,8,6,1,1.3000000000000003,0.25,3.0,0.9238762101636873,8.326123789836313,True,True
1,8,6,1,1.3000000000000003,0.5,3.0,1.0987357300202478,8.401264269979752,True,True
1,8,6,1,1.3000000000000003,0.75,3.0,1.269948789438736,8.480051210561264,True,True
1,8,6,1,1.3000000000000003,1.0,3.0,1.437373484027873,8.562626515972127,True,True
1,8,6,1,1.4000000000000004,0.0,3.0,0.6874268156907091,8.31257318430929,True,True
1,8,6,1,1.4000000000000004,0.25,3.0,0.8503784484874704,8.39962155151253,True,True
1,8,6,1,1.4000000000000004,0.5,3.0,1.009535934062268,8.490464065937733,True,True
1,8,6,1,1.4000000000000004,0.75,3.0,1.1647944800860421,8.585205519913957,True,True
1,8,6,1,1.4000000000000004,1.0,3.0,1.3160580119349636,8.683941988065037,True,True
1,8,6,1,1.5000000000000007,0.0,3.0,0.6377899245811771,8.362210075418822,True,True
1,8,6,1,1.5000000000000007,0.25,3.0,0.7878189600524013,8.462181039947598,True,True
1,8,6,1,1.5000000000000007,0.5,3.0,0.9339156193815623,8.566084380618438,True,True
1,8,6,1,1.5000000000000007,0.75,3.0,1.0760143897789414,8.67398561022106,True,True
1,8,6,1,1.5000000000000007,1.0,3.0,1.2140611027998172,8.785938897200182,True,True
1,8,6,1,1.6000000000000005,0.0,3.0,0.5948751620466726,8.405124837953327,True,True
1,8,6,1,1.6000000000000005,0.25,3.0,0.7339043959316545,8.516095604068346,True,True
1,8,6,1,1.6000000000000005,0.5,3.0,0.8689563259349935,8.631043674065006,True,True
1,8,6,1,1.6000000000000005,0.75,3.0,0.9999999999999996,8.75,True,True
1,8,6,1,1.6000000000000005,1.0,3.0,1.1270166537925825,8.872983346207418,True,True
1,8,6,1,1.7000000000000006,0.0,3.0,0.5573970974673563,8.442602902532643,True,True
1,8,6,1,1.7000000000000006,0.25,3.0,0.6869456506005998,8.563054349399401,True,True
1,8,6,1,1.7000000000000006,0.5,3.0,0.8125291784461135,8.687470821553887,True,True
1,8,6,1,1.7000000000000006,0.75,3.0,0.9341459196827722,8.815854080317228,True,True
1,8,6,1,1.7000000000000006,1.0,3.0,1.0518060718706268,8.948193928129374,True,True
1,8,6,1,1.8000000000000005,0.0,3.0,0.5243798527078121,8.475620147292188,True,True
1,8,6,1,1.8000000000000005,0.25,3.0,0.6456697241314027,8.604330275868598,True,True
1,8,6,1,1.8000000000000005,0.5,3.0,0.7630420953647712,8.73695790463523,True,True
1,8,6,1,1.8000000000000005,0.75,3.0,0.8765193857888689,8.87348061421113,True,True
1,8,6,1,1.8000000000000005,1.0,3.0,0.9861351404025678,9.013864859597433,True,True
1,8,6,1,1.9000000000000008,0.0,3.0,0.4950688290295764,8.504931170970423,True,True
1,8,6,1,1.9000000000000008,0.25,3.0,0.6090982201673354,8.640901779832664,True,True
1,8,6,1,1.9000000000000008,0.5,3.0,0.7192791554964026,8.780720844503598,True,True
1,8,6,1,1.9000000000000008,0.75,3.0,0.8256538864443277,8.924346113555671,True,True
1,8,6,1,1.9000000000000008,1.0,3.0,0.928274644770223,9.071725355229777,True,True
1,8,6,1,2.000000000000001,0.0,3.0,0.46887112585072543,8.531128874149275,True,True
1,8,6,1,2.000000000000001,0.25,3.0,0.5764663148245885,8.67353368517541,True,True
1,8,6,1,2.000000000000001,0.5,3.0,0.6802948509750726,8.819705149024927,True,True
1,8,6,1,2.000000000000001,0.75,3.0,0.7804151614601995,8.9695848385398,True,True
1,8,6,1,2.000000000000001,1.0,3.0,0.8768943743823394,9.123105625617661,True,True
1,8,6,1,2.100000000000001,0.0,3.0,0.44531429202259964,8.5546857079774,True,True
1,8,6,1,2.100000000000001,0.25,3.0,0.5471672130780982,8.702832786921903,True,True
1,8,6,1,2.100000000000001,0.5,3.0,0.64534236680886,8.85465763319114,True,True
1,8,6,1,2.100000000000001,0.75,3.0,0.7399113270289677,9.010088672971033,True,True
1,8,6,1,2.100000000000001,1.0,3.0,0.8309530608360403,9.169046939163959,True,True
1,8,6,1,2.200000000000001,0.0,3.0,0.4240171291286847,8.575982870871314,True,True
1,8,6,1,2.200000000000001,0.25,3.0,0.52071316127327,8.729286838726729,True,True
1,8,6,1,2.200000000000001,0.5,3.0,0.6138236805650381,8.886176319434963,True,True
1,8,6,1,2.200000000000001,0.75,3.0,0.7034309143484583,9.04656908565154,True,True
1,8,6,1,2.200000000000001,1.0,3.0,0.7896232083965771,9.210376791603423,True,True
1,8,6,1,2.300000000000001,0.0,3.0,0.4046686177508434,8.595331382249157,True,True
1,8,6,1,2.300000000000001,0.25,3.0,0.4967075063601074,8.753292493639893,True,True
1,8,6,1,2.300000000000001,0.5,3.0,0.5852540658940342,8.914745934105966,True,True
1,8,6,1,2.300000000000001,0.75,3.0,0.6703991297317087,9.07960087026829,True,True
1,8,6,1,2.300000000000001,1.0,3.0,0.7522384411469645,9.247761558853036,True,True
1,8,6,1,2.4000000000000012,0.0,3.0,0.3870124402489781,8.612987559751023,True,True
1,8,6,1,2.4000000000000012,0.25,3.0,0.47482430090805217,8.775175699091948,True,True
1,8,6,1,2.4000000000000012,0.5,3.0,0.5592363464399472,8.940763653560053,True,True
1,8,6,1,2.4000000000000012,0.75,3.0,0.6403463345077824,9.109653665492218,True,True
1,8,6,1,2.4000000000000012,1.0,3.0,0.718255807111623,9.281744192888377,True,True
1,8,6,1,2.5000000000000013,0.0,3.0,0.3708354355874839,8.629164564412516,True,True
1,8,6,1,2.5000000000000013,0.25,3.0,0.4547931705969299,8.795206829403071,True,True
1,8,6,1,2.5000000000000013,0.5,3.0,0.5354418974226967,8.964558102577303,True,True
1,8,6,1,2.5000000000000013,0.75,3.0,0.6128849147400999,9.1371150852599,True,True
1,8,6,1,2.5000000000000013,1.0,3.0,0.6872282694304346,9.312771730569565,True,True
1,8,6,1,2.6000000000000014,0.0,3.0,0.3559588656630197,8.64404113433698,True,True
1,8,6,1,2.6000000000000014,0.25,3.0,0.4363879203432841,8.813612079656716,True,True
1,8,6,1,2.6000000000000014,0.5,3.0,0.5135964091442622,8.986403590855737,True,True
1,8,6,1,2.6000000000000014,0.75,3.0,0.5876920316608212,9.162307968339178,True,True
1,8,6,1,2.6000000000000014,1.0,3.0,0.6587842893777038,9.341215710622297,True,True
1,8,6,1,2.700000000000002,0.0,3.0,0.3422317239849644,8.657768276015036,True,True
1,8,6,1,2.700000000000002,0.25,3.0,0.4194178409765552,8.830582159023445,True,True
1,8,6,1,2.700000000000002,0.5,3.0,0.49346907029262166,9.006530929707377,True,True
1,8,6,1,2.700000000000002,0.75,3.0,0.5644965706063036,9.185503429393696,True,True
1,8,6,1,2.700000000000002,1.0,3.0,0.6326124428814337,9.367387557118565,True,True
1,8,6,1,2.8000000000000016,0.0,3.0,0.32952554942999956,8.670474450570001,True,True
1,8,6,1,2.8000000000000016,0.25,3.0,0.4037209961231616,8.846279003876838,True,True
1,8,6,1,2.8000000000000016,0.5,3.0,0.47486424609864386,9.025135753901356,True,True
1,8,6,1,2.8000000000000016,0.75,3.0,0.5430691372091356,9.206930862790864,True,True
1,8,6,1,2.8000000000000016,1.0,3.0,0.6084496717316004,9.3915503282684,True,True
1,8,6,1,2.9000000000000017,0.0,3.0,0.31773036374448616,8.682269636255514,True,True
1,8,6,1,2.9000000000000017,0.25,3.0,0.3891589810368199,8.86084101896318,True,True
1,8,6,1,2.9000000000000017,0.5,3.0,0.4576150026451211,9.04238499735488,True,True
1,8,6,1,2.9000000000000017,0.75,3.0,0.5232142983479235,9.226785701652076,True,True
1,8,6,1,2.9000000000000017,1.0,3.0,0.5860722003311318,9.413927799668869,True,True
1,8,6,1,3.0000000000000018,0.0,3.0,0.3067514581969579,8.693248541803042,True,True
1,8,6,1,3.0000000000000018,0.25,3.0,0.3756127892757677,8.874387210724233,True,True
1,8,6,1,3.0000000000000018,0.5,3.0,0.44157801509647765,9.058421984903521,True,True
1,8,6,1,3.0000000000000018,0.75,3.0,0.5047644990992382,9.245235500900762,True,True
1,8,6,1,3.0000000000000018,1.0,3.0,0.5652884347833096,9.434711565216691,True,True
1,8,6,2,1.1,0.0,3.0,1.795203617791068,16.204796382208933,True,True
1,8,6,2,1.1,0.25,3.0,2.0159668538733566,16.23403314612664,True,True
1,8,6,2,1.1,0.5,3.0,2.235809837453533,16.264190162546466,True,True
1,8,6,2,1.1,0.75,3.0,2.4546947321667947,16.295305267833207,True,True
1,8,6,2,1.1,1.0,3.0,2.6725820134082623,16.327417986591737,True,True
1,8,6,2,1.2000000000000002,0.0,3.0,1.6288852041680064,16.371114795831993,True,True
1,8,6,2,1.2000000000000002,0.25,3.0,1.8266697115025003,16.4233302884975,True,True
1,8,6,2,1.2000000000000002,0.5,3.0,2.023025068075394,16.476974931924605,True,True
1,8,6,2,1.2000000000000002,0.75,3.0,2.2179085283661957,16.532091471633805,True,True
1,8,6,2,1.2000000000000002,1.0,3.0,2.4112765606210873,16.588723439378914,True,True
1,8,6,2,1.3000000000000003,0.0,3.0,1.4910310038850616,16.508968996114938,True,True
1,8,6,2,1.3000000000000003,0.25,3.0,1.6702486756638013,16.5797513243362,True,True
1,8,6,2,1.3000000000000003,0.5,3.0,1.8477524203273745,16.652247579672625,True,True
1,8,6,2,1.3000000000000003,0.75,3.0,2.0235055156215918,16.726494484378406,True,True
1,8,6,2,1.3000000000000003,1.0,3.0,2.1974714600404956,16.802528539959503,True,True
1,8,6,2,1.4000000000000004,0.0,3.0,1.3748536313814181,16.62514636861858,True,True
1,8,6,2,1.4000000000000004,0.25,3.0,1.5387400989872297,16.71125990101277,True,True
1,8,6,2,1.4000000000000004,0.5,3.0,1.7007568969749407,16.79924310302506,True,True
1,8,6,2,1.4000000000000004,0.75,3.0,1.8608763936551735,16.889123606344825,True,True
1,8,6,2,1.4000000000000004,1.0,3.0,2.019071868124536,16.980928131875466,True,True
1,8,6,2,1.5000000000000007,0.0,3.0,1.2755798491623542,16.724420150837645,True,True
1,8,6,2,1.5000000000000007,0.25,3.0,1.4265829549185884,16.823417045081413,True,True
1,8,6,2,1.5000000000000007,0.5,3.0,1.5756379201048025,16.924362079895197,True,True
1,8,6,2,1.5000000000000007,0.75,3.0,1.7227263727264246,17.027273627273576,True,True
1,8,6,2,1.5000000000000007,1.0,3.0,1.8678312387631246,17.132168761236876,True,True
1,8,6,2,1.6000000000000005,0.0,3.0,1.1897503240933451,16.810249675906654,True,True
1,8,6,2,1.6000000000000005,0.25,3.0,1.3297690861655669,16.920230913834434,True,True
1,8,6,2,1.6000000000000005,0.5,3.0,1.467808791863309,17.03219120813669,True,True
1,8,6,2,1.6000000000000005,0.75,3.0,1.603859478815223,17.146140521184776,True,True
1,8,6,2,1.6000000000000005,1.0,3.0,1.737912651869987,17.262087348130013,True,True
1,8,6,2,1.7000000000000006,0.0,3.0,1.1147941949347127,16.885205805065286,True,True
1,8,6,2,1.7000000000000006,0.25,3.0,1.245332848922823,17.00466715107718,True,True
1,8,6,2,1.7000000000000006,0.5,3.0,1.3738913012011995,17.126108698798802,True,True
1,8,6,2,1.7000000000000006,0.75,3.0,1.500466867247079,17.249533132752923,True,True
1,8,6,2,1.7000000000000006,1.0,3.0,1.625058356892227,17.374941643107775,True,True
1,8,6,2,1.8000000000000005,0.0,3.0,1.0487597054156241,16.951240294584377,True,True
1,8,6,2,1.8000000000000005,0.25,3.0,1.171030865033483,17.078969134966517,True,True
1,8,6,2,1.8000000000000005,0.5,3.0,1.2913394482628053,17.208660551737196,True,True
1,8,6,2,1.8000000000000005,0.75,3.0,1.4096889228633662,17.340311077136633,True,True
1,8,6,2,1.8000000000000005,1.0,3.0,1.5260841907295424,17.47391580927046,True,True
1,8,6,2,1.9000000000000008,0.0,3.0,0.9901376580591528,17.009862341940845,True,True
1,8,6,2,1.9000000000000008,0.25,3.0,1.105133630854727,17.144866369145273,True,True
1,8,6,2,1.9000000000000008,0.5,3.0,1.2181964403346708,17.281803559665327,True,True
1,8,6,2,1.9000000000000008,0.75,3.0,1.329334691080053,17.420665308919947,True,True
1,8,6,2,1.9000000000000008,1.0,3.0,1.4385583109928053,17.561441689007196,True,True
1,8,6,2,2.000000000000001,0.0,3.0,0.9377422517014509,17.06225774829855,True,True
1,8,6,2,2.000000000000001,0.25,3.0,1.0462856839717372,17.20371431602826,True,True
1,8,6,2,2.000000000000001,0.5,3.0,1.152932629649177,17.34706737035082,True,True
1,8,6,2,2.000000000000001,0.75,3.0,1.25769595247289,17.49230404752711,True,True
1,8,6,2,2.000000000000001,1.0,3.0,1.3605897019501452,17.639410298049853,True,True
1,8,6,2,2.100000000000001,0.0,3.0,0.8906285840451993,17.1093714159548,True,True
1,8,6,2,2.100000000000001,0.25,3.0,0.9934092665000129,17.256590733499987,True,True
1,8,6,2,2.100000000000001,0.5,3.0,1.0943344261561965,17.405665573843805,True,True
1,8,6,2,2.100000000000001,0.75,3.0,1.1934204429939665,17.55657955700603,True,True
1,8,6,2,2.100000000000001,1.0,3.0,1.29068473361772,17.70931526638228,True,True
1,8,6,2,2.200000000000001,0.0,3.0,0.8480342582573694,17.15196574174263,True,True
1,8,6,2,2.200000000000001,0.25,3.0,0.9456364161773791,17.30436358382262,True,True
1,8,6,2,2.200000000000001,0.5,3.0,1.04142632254654,17.458573677453458,True,True
1,8,6,2,2.200000000000001,0.75,3.0,1.1354232511615,17.614576748838502,True,True
1,8,6,2,2.200000000000001,1.0,3.0,1.2276473611300762,17.772352638869926,True,True
1,8,6,2,2.300000000000001,0.0,3.0,0.8093372355016868,17.190662764498313,True,True
1,8,6,2,2.300000000000001,0.25,3.0,0.9022601228692313,17.34773987713077,True,True
1,8,6,2,2.300000000000001,0.5,3.0,0.9934150127202148,17.506584987279787,True,True
1,8,6,2,2.300000000000001,0.75,3.0,1.082823553650627,17.667176446349373,True,True
1,8,6,2,2.300000000000001,1.0,3.0,1.1705081317880683,17.82949186821193,True,True
1,8,6,2,2.4000000000000012,0.0,3.0,0.7740248804979561,17.225975119502046,True,True
1,8,6,2,2.4000000000000012,0.25,3.0,0.8626985651696302,17.38730143483037,True,True
1,8,6,2,2.4000000000000012,0.5,3.0,0.9496486018161043,17.550351398183896,True,True
1,8,6,2,2.4000000000000012,0.75,3.0,1.0348985817517384,17.71510141824826,True,True
1,8,6,2,2.4000000000000012,1.0,3.0,1.1184726928798945,17.881527307120106,True,True
1,8,6,2,2.5000000000000013,0.0,3.0,0.7416708711749678,17.258329128825032,True,True
1,8,6,2,2.5000000000000013,0.25,3.0,0.8264685034037491,17.42353149659625,True,True
1,8,6,2,2.5000000000000013,0.5,3.0,0.9095863411938598,17.590413658806142,True,True
1,8,6,2,2.5000000000000013,0.75,3.0,0.9910495588296797,17.75895044117032,True,True
1,8,6,2,2.5000000000000013,1.0,3.0,1.0708837948453933,17.929116205154607,True,True
1,8,6,2,2.6000000000000014,0.0,3.0,0.7119177313260394,17.28808226867396,True,True
1,8,6,2,2.6000000000000014,0.25,3.0,0.7931651988384836,17.456834801161516,True,True
1,8,6,2,2.6000000000000014,0.5,3.0,0.8727758406865682,17.627224159313432,True,True
1,8,6,2,2.6000000000000014,0.75,3.0,0.9507761142688587,17.79922388573114,True,True
1,8,6,2,2.6000000000000014,1.0,3.0,1.0271928182885244,17.972807181711474,True,True
1,8,6,2,2.700000000000002,0.0,3.0,0.6844634479699288,17.31553655203007,True,True
1,8,6,2,2.700000000000002,0.25,3.0,0.762447060456557,17.48755293954344,True,True
1,8,6,2,2.700000000000002,0.5,3.0,0.8388356819531104,17.66116431804689,True,True
1,8,6,2,2.700000000000002,0.75,3.0,0.913656802628573,17.836343197371427,True,True
1,8,6,2,2.700000000000002,1.0,3.0,0.9869381405852433,18.013061859414755,True,True
1,8,6,2,2.8000000000000016,0.0,3.0,0.6590510988599991,17.340948901140003,True,True
1,8,6,2,2.8000000000000016,0.25,3.0,0.7340237669948593,17.51597623300514,True,True
1,8,6,2,2.8000000000000016,0.5,3.0,0.8074419922463232,17.692558007753675,True,True
1,8,6,2,2.8000000000000016,0.75,3.0,0.8793340881532838,17.870665911846714,True,True
1,8,6,2,2.8000000000000016,1.0,3.0,0.9497284921972877,18.050271507802712,True,True
1,8,6,2,2.9000000000000017,0.0,3.0,0.6354607274889723,17.364539272511028,True,True
1,8,6,2,2.9000000000000017,0.25,3.0,0.7076469780249965,17.542353021975003,True,True
1,8,6,2,2.9000000000000017,0.5,3.0,0.7783179620736398,17.72168203792636,True,True
1,8,6,2,2.9000000000000017,0.75,3.0,0.8475026410501574,17.902497358949844,True,True
1,8,6,2,2.9000000000000017,1.0,3.0,0.9152300052902422,18.08476999470976,True,True
1,8,6,2,3.0000000000000018,0.0,3.0,0.6135029163939159,17.386497083606084,True,True
1,8,6,2,3.0000000000000018,0.25,3.0,0.6831029975484775,17.566897002451523,True,True
1,8,6,2,3.0000000000000018,0.5,3.0,0.7512255785515354,17.748774421448466,True,True
1,8,6,2,3.0000000000000018,0.75,3.0,0.817900121341733,17.932099878658267,True,True
1,8,6,2,3.0000000000000018,1.0,3.0,0.8831560301929553,18.116843969807043,True,True
1,8,6,3,1.1,0.0,3.0,2.6928054266866024,24.307194573313396,True,True
1,8,6,3,1.1,0.25,3.0,2.9137193066884333,24.336280693311565,True,True
1,8,6,3,1.1,0.5,3.0,3.134027899605064,24.365972100394934,True,True
1,8,6,3,1.1,0.75,3.0,3.353714756180299,24.3962852438197,True,True
1,8,6,3,1.1,1.0,3.0,3.572762938952968,24.42723706104703,True,True
1,8,6,3,1.2000000000000002,0.0,3.0,2.443327806252009,24.556672193747993,True,True
1,8,6,3,1.2000000000000002,0.25,3.0,2.6413473743931615,24.608652625606837,True,True
1,8,6,3,1.2000000000000002,0.5,3.0,2.838423578602402,24.661576421397598,True,True
1,8,6,3,1.2000000000000002,0.75,3.0,3.0345376021130903,24.71546239788691,True,True
1,8,6,3,1.2000000000000002,1.0,3.0,3.2296703857309925,24.77032961426901,True,True
1,8,6,3,1.3000000000000003,0.0,3.0,2.236546505827592,24.76345349417241,True,True
1,8,6,3,1.3000000000000003,0.25,3.0,2.4160471051038837,24.833952894896115,True,True
1,8,6,3,1.3000000000000003,0.5,3.0,2.594413265784027,24.905586734215973,True,True
1,8,6,3,1.3000000000000003,0.75,3.0,2.771628630491062,24.978371369508938,True,True
1,8,6,3,1.3000000000000003,1.0,3.0,2.9476768888235014,25.0523231111765,True,True
1,8,6,3,1.4000000000000004,0.0,3.0,2.0622804470721263,24.937719552927874,True,True
1,8,6,3,1.4000000000000004,0.25,3.0,2.226476442726703,25.023523557273297,True,True
1,8,6,3,1.4000000000000004,0.5,3.0,2.389432232498237,25.110567767501763,True,True
1,8,6,3,1.4000000000000004,0.75,3.0,2.551135345462411,25.198864654537587,True,True
1,8,6,3,1.4000000000000004,1.0,3.0,2.7115735627780495,25.28842643722195,True,True
1,8,6,3,1.5000000000000007,0.0,3.0,1.913369773743531,25.086630226256467,True,True
1,8,6,3,1.5000000000000007,0.25,3.0,2.0646961545122,25.1853038454878,True,True
1,8,6,3,1.5000000000000007,0.5,3.0,2.214728004940671,25.28527199505933,True,True
1,8,6,3,1.5000000000000007,0.75,3.0,2.3634568801572033,25.3865431198428,True,True
1,8,6,3,1.5000000000000007,1.0,3.0,2.510874706923941,25.489125293076057,True,True
1,8,6,3,1.6000000000000005,0.0,3.0,1.784625486140019,25.21537451385998,True,True
1,8,6,3,1.6000000000000005,0.25,3.0,1.9249732906287775,25.325026709371222,True,True
1,8,6,3,1.6000000000000005,0.5,3.0,2.0640041074797555,25.435995892520246,True,True
1,8,6,3,1.6000000000000005,0.75,3.0,2.2017131877949634,25.548286812205035,True,True
1,8,6,3,1.6000000000000005,1.0,3.0,2.3380962103093985,25.6619037896906,True,True
1,8,6,3,1.7000000000000006,0.0,3.0,1.6721912924020703,25.32780870759793,True,True
1,8,6,3,1.7000000000000006,0.25,3.0,1.8030597168305942,25.446940283169404,True,True
1,8,6,3,1.7000000000000006,0.5,3.0,1.9326087779866725,25.567391222013327,True,True
1,8,6,3,1.7000000000000006,0.75,3.0,2.0608369518018,25.6891630481982,True,True
1,8,6,3,1.7000000000000006,1.0,3.0,2.187743155319305,25.812256844680697,True,True
1,8,6,3,1.8000000000000005,0.0,3.0,1.5731395581234366,25.426860441876563,True,True
1,8,6,3,1.8000000000000005,0.25,3.0,1.6957380082979707,25.554261991702028,True,True
1,8,6,3,1.8000000000000005,0.5,3.0,1.8170274728660605,25.68297252713394,True,True
1,8,6,3,1.8000000000000005,0.75,3.0,1.937009172394209,25.81299082760579,True,True
1,8,6,3,1.8000000000000005,1.0,3.0,2.055684755220721,25.94431524477928,True,True
1,8,6,3,1.9000000000000008,0.0,3.0,1.48520648708873,25.514793512911268,True,True
1,8,6,3,1.9000000000000008,0.25,3.0,1.6005252330485273,25.64947476695147,True,True
1,8,6,3,1.9000000000000008,0.5,3.0,1.7145534489072425,25.785446551092758,True,True
1,8,6,3,1.9000000000000008,0.75,3.0,1.827294660502007,25.922705339497995,True,True
1,8,6,3,1.9000000000000008,1.0,3.0,1.9387527920813117,26.06124720791869,True,True
1,8,6,3,2.000000000000001,0.0,3.0,1.4066133775521763,25.593386622447824,True,True
1,8,6,3,2.000000000000001,0.25,3.0,1.5154737912666452,25.734526208733357,True,True
1,8,6,3,2.000000000000001,0.5,3.0,1.6230671643650947,25.876932835634904,True,True
1,8,6,3,2.000000000000001,0.75,3.0,1.729398944473763,26.020601055526235,True,True
1,8,6,3,2.000000000000001,1.0,3.0,1.8344749394035595,26.16552506059644,True,True
1,8,6,3,2.100000000000001,0.0,3.0,1.335942876067799,25.664057123932203,True,True
1,8,6,3,2.100000000000001,0.25,3.0,1.439033979321012,25.81096602067899,True,True
1,8,6,3,2.100000000000001,0.5,3.0,1.5408845529252204,25.95911544707478,True,True
1,8,6,3,2.100000000000001,0.75,3.0,1.6415016392342956,26.108498360765704,True,True
1,8,6,3,2.100000000000001,1.0,3.0,1.7408925983286085,26.259107401671393,True,True
1,8,6,3,2.200000000000001,0.0,3.0,1.272051387386055,25.727948612613943,True,True
1,8,6,3,2.200000000000001,0.25,3.0,1.3699569749651808,25.88004302503482,True,True
1,8,6,3,2.200000000000001,0.5,3.0,1.4666502199855174,26.033349780014483,True,True
1,8,6,3,2.200000000000001,0.75,3.0,1.5621394838198093,26.18786051618019,True,True
1,8,6,3,2.200000000000001,1.0,3.0,1.6564334018227793,26.34356659817722,True,True
1,8,6,3,2.300000000000001,0.0,3.0,1.214005853252532,25.78599414674747,True,True
1,8,6,3,2.300000000000001,0.25,3.0,1.30722497681748,25.94277502318252,True,True
1,8,6,3,2.300000000000001,0.5,3.0,1.3992607156670474,26.100739284332953,True,True
1,8,6,3,2.300000000000001,0.75,3.0,1.4901225190803231,26.259877480919677,True,True
1,8,6,3,2.300000000000001,1.0,3.0,1.5798200671158789,26.42017993288412,True,True
1,8,6,3,2.4000000000000012,0.0,3.0,1.1610373207469333,25.838962679253065,True,True
1,8,6,3,2.4000000000000012,0.25,3.0,1.25,26.0,True,True
1,8,6,3,2.4000000000000012,0.5,3.0,1.3378084126935903,26.16219158730641,True,True
1,8,6,3,2.4000000000000012,0.75,3.0,1.4244729027241565,26.325527097275845,True,True
1,8,6,3,2.4000000000000012,1.0,3.0,1.5100040032032016,26.4899959967968,True,True
1,8,6,3,2.5000000000000013,0.0,3.0,1.1125063067624517,25.88749369323755,True,True
1,8,6,3,2.5000000000000013,0.25,3.0,1.1975857476303613,26.052414252369637,True,True
1,8,6,3,2.5000000000000013,0.5,3.0,1.281539790334973,26.218460209665025,True,True
1,8,6,3,2.5000000000000013,0.75,3.0,1.3643795117907906,26.38562048820921,True,True
1,8,6,3,2.5000000000000013,1.0,3.0,1.4461161388198267,26.553883861180175,True,True
1,8,6,3,2.6000000000000014,0.0,3.0,1.0678765969890591,25.93212340301094,True,True
1,8,6,3,2.6000000000000014,0.25,3.0,1.1493988120812393,26.100601187918762,True,True
1,8,6,3,2.6000000000000014,0.5,3.0,1.2298239751867825,26.270176024813217,True,True
1,8,6,3,2.6000000000000014,0.75,3.0,1.3091637610298523,26.44083623897015,True,True
1,8,6,3,2.6000000000000014,1.0,3.0,1.3874299575017979,26.612570042498202,True,True
1,8,6,3,2.700000000000002,0.0,3.0,1.026695171954895,25.973304828045105,True,True
1,8,6,3,2.700000000000002,0.25,3.0,1.104946641043771,26.14505335895623,True,True
1,8,6,3,2.700000000000002,0.5,3.0,1.1821287049521025,26.317871295047897,True,True
1,8,6,3,2.700000000000002,0.75,3.0,1.2582535229296656,26.491746477070336,True,True
1,8,6,3,2.700000000000002,1.0,3.0,1.3333333333333321,26.666666666666668,True,True
1,8,6,3,2.8000000000000016,0.0,3.0,0.9885766482899996,26.01142335171,True,True
1,8,6,3,2.8000000000000016,0.25,3.0,1.0638104805772013,26.186189519422797,True,True
1,8,6,3,2.8000000000000016,0.5,3.0,1.1380017443705608,26.361998255629437,True,True
1,8,6,3,2.8000000000000016,0.75,3.0,1.2111629883694857,26.538837011630513,True,True
1,8,6,3,2.8000000000000016,1.0,3.0,1.2833068089897797,26.716693191010222,True,True
1,8,6,3,2.9000000000000017,0.0,3.0,0.9531910912334585,26.046808908766543,True,True
1,8,6,3,2.9000000000000017,0.25,3.0,1.0256320287142149,26.224367971285787,True,True
1,8,6,3,2.9000000000000017,0.5,3.0,1.0970563599366052,26.402943640063395,True,True
1,8,6,3,2.9000000000000017,0.75,3.0,1.167476943110458,26.582523056889542,True,True
1,8,6,3,2.9000000000000017,1.0,3.0,1.236906655354355,26.763093344645647,True,True
1,8,6,3,3.0000000000000018,0.0,3.0,0.9202543745908756,26.079745625409124,True,True
1,8,6,3,3.0000000000000018,0.25,3.0,0.9901028892198731,26.259897110780127,True,True
1,8,6,3,3.0000000000000018,0.5,3.0,1.0589598535029445,26.441040146497055,True,True
1,8,6,3,3.0000000000000018,0.75,3.0,1.126838367827304,26.623161632172696,True,True
1,8,6,3,3.0000000000000018,1.0,3.0,1.1937515251343012,26.806248474865697,True,True
1,8,7,1,1.1,0.0,2.0,0.897601808895534,8.102398191104466,True,True
1,8,7,1,1.1,0.25,2.0,1.1179049187267665,8.132095081273233,True,True
1,8,7,1,1.1,0.5,2.0,1.3362910067041311,8.163708993295868,True,True
1,8,7,1,1.1,0.75,2.0,1.552598417902003,8.197401582097998,True,True
1,8,7,1,1.1,1.0,2.0,1.7666510465856833,8.233348953414318,True,True
1,8,7,1,1.2000000000000002,0.0,2.0,0.8144426020840032,8.185557397915996,True,True
1,8,7,1,1.2000000000000002,0.25,2.0,1.011512534037697,8.238487465962303,True,True
1,8,7,1,1.2000000000000002,0.5,2.0,1.2056382803105437,8.294361719689457,True,True
1,8,7,1,1.2000000000000002,0.75,2.0,1.396644306093275,8.353355693906725,True,True
1,8,7,1,1.2000000000000002,1.0,2.0,1.5843497446801336,8.415650255319866,True,True
1,8,7,1,1.3000000000000003,0.0,2.0,0.7455155019425308,8.254484498057469,True,True
1,8,7,1,1.3000000000000003,0.25,2.0,0.9238762101636873,8.326123789836313,True,True
1,8,7,1,1.3000000000000003,0.5,2.0,1.0987357300202478,8.401264269979752,True,True
1,8,7,1,1.3000000000000003,0.75,2.0,1.269948789438736,8.480051210561264,True,True
1,8,7,1,1.3000000000000003,1.0,2.0,1.437373484027873,8.562626515972127,True,True
1,8,7,1,1.4000000000000004,0.0,2.0,0.6874268156907091,8.31257318430929,True,True
1,8,7,1,1.4000000000000004,0.25,2.0,0.8503784484874704,8.39962155151253,True,True
1,8,7,1,1.4000000000000004,0.5,2.0,1.009535934062268,8.490464065937733,True,True
1,8,7,1,1.4000000000000004,0.75,2.0,1.1647944800860421,8.585205519913957,True,True
1,8,7,1,1.4000000000000004,1.0,2.0,1.3160580119349636,8.683941988065037,True,True
1,8,7,1,1.5000000000000007,0.0,2.0,0.6377899245811771,8.362210075418822,True,True
1,8,7,1,1.5000000000000007,0.25,2.0,0.7878189600524013,8.462181039947598,True,True
1,8,7,1,1.5000000000000007,0.5,2.0,0.9339156193815623,8.566084380618438,True,True
1,8,7,1,1.5000000000000007,0.75,2.0,1.0760143897789414,8.67398561022106,True,True
1,8,7,1,1.5000000000000007,1.0,2.0,1.2140611027998172,8.785938897200182,True,True
1,8,7,1,1.6000000000000005,0.0,2.0,0.5948751620466726,8.405124837953327,True,True
1,8,7,1,1.6000000000000005,0.25,2.0,0.7339043959316545,8.516095604068346,True,True
1,8,7,1,1.6000000000000005,0.5,2.0,0.8689563259349935,8.631043674065006,True,True
1,8,7,1,1.6000000000000005,0.75,2.0,0.9999999999999996,8.75,True,True
1,8,7,1,1.6000000000000005,1.0,2.0,1.1270166537925825,8.872983346207418,True,True
1,8,7,1,1.7000000000000006,0.0,2.0,0.5573970974673563,8.442602902532643,True,True
1,8,7,1,1.7000000000000006,0.25,2.0,0.6869456506005998,8.563054349399401,True,True
1,8,7,1,1.7000000000000006,0.5,2.0,0.8125291784461135,8.687470821553887,True,True
1,8,7,1,1.7000000000000006,0.75,2.0,0.9341459196827722,8.815854080317228,True,True
1,8,7,1,1.7000000000000006,1.0,2.0,1.0518060718706268,8.948193928129374,True,True
1,8,7,1,1.8000000000000005,0.0,2.0,0.5243798527078121,8.475620147292188,True,True
1,8,7,1,1.8000000000000005,0.25,2.0,0.6456697241314027,8.604330275868598,True,True
1,8,7,1,1.8000000000000005,0.5,2.0,0.7630420953647712,8.73695790463523,True,True
1,8,7,1,1.8000000000000005,0.75,2.0,0.8765193857888689,8.87348061421113,True,True
1,8,7,1,1.8000000000000005,1.0,2.0,0.9861351404025678,9.013864859597433,True,True
1,8,7,1,1.9000000000000008,0.0,2.0,0.4950688290295764,8.504931170970423,True,True
1,8,7,1,1.9000000000000008,0.25,2.0,0.6090982201673354,8.640901779832664,True,True
1,8,7,1,1.9000000000000008,0.5,2.0,0.7192791554964026,8.780720844503598,True,True
1,8,7,1,1.9000000000000008,0.75,2.0,0.8256538864443277,8.924346113555671,True,True
1,8,7,1,1.9000000000000008,1.0,2.0,0.928274644770223,9.071725355229777,True,True
1,8,7,1,2.000000000000001,0.0,2.0,0.46887112585072543,8.531128874149275,True,True
1,8,7,1,2.000000000000001,0.25,2.0,0.5764663148245885,8.67353368517541,True,True
1,8,7,1,2.000000000000001,0.5,2.0,0.6802948509750726,8.819705149024927,True,True
1,8,7,1,2.000000000000001,0.75,2.0,0.7804151614601995,8.9695848385398,True,True
1,8,7,1,2.000000000000001,1.0,2.0,0.8768943743823394,9.123105625617661,True,True
1,8,7,1,2.100000000000001,0.0,2.0,0.44531429202259964,8.5546857079774,True,True
1,8,7,1,2.100000000000001,0.25,2.0,0.5471672130780982,8.702832786921903,True,True
1,8,7,1,2.100000000000001,0.5,2.0,0.64534236680886,8.85465763319114,True,True
1,8,7,1,2.100000000000001,0.75,2.0,0.7399113270289677,9.010088672971033,True,True
1,8,7,1,2.100000000000001,1.0,2.0,0.8309530608360403,9.169046939163959,True,True
1,8,7,1,2.200000000000001,0.0,2.0,0.4240171291286847,8.575982870871314,True,True
1,8,7,1,2.200000000000001,0.25,2.0,0.52071316127327,8.729286838726729,True,True
1,8,7,1,2.200000000000001,0.5,2.0,0.6138236805650381,8.886176319434963,True,True
1,8,7,1,2.200000000000001,0.75,2.0,0.7034309143484583,9.04656908565154,True,True
1,8,7,1,2.200000000000001,1.0,2.0,0.7896232083965771,9.210376791603423,True,True
1,8,7,1,2.300000000000001,0.0,2.0,0.4046686177508434,8.595331382249157,True,True
1,8,7,1,2.300000000000001,0.25,2.0,0.4967075063601074,8.753292493639893,True,True
1,8,7,1,2.300000000000001,0.5,2.0,0.5852540658940342,8.914745934105966,True,True
1,8,7,1,2.300000000000001,0.75,2.0,0.6703991297317087,9.07960087026829,True,True
1,8,7,1,2.300000000000001,1.0,2.0,0.7522384411469645,9.247761558853036,True,True
1,8,7,1,2.4000000000000012,0.0,2.0,0.3870124402489781,8.612987559751023,True,True
1,8,7,1,2.4000000000000012,0.25,2.0,0.47482430090805217,8.775175699091948,True,True
1,8,7,1,2.4000000000000012,0.5,2.0,0.5592363464399472,8.940763653560053,True,True
1,8,7,1,2.4000000000000012,0.75,2.0,0.6403463345077824,9.109653665492218,True,True
1,8,7,1,2.4000000000000012,1.0,2.0,0.718255807111623,9.281744192888377,True,True
1,8,7,1,2.5000000000000013,0.0,2.0,0.3708354355874839,8.629164564412516,True,True
1,8,7,1,2.5000000000000013,0.25,2.0,0.4547931705969299,8.795206829403071,True,True
1,8,7,1,2.5000000000000013,0.5,2.0,0.5354418974226967,8.964558102577303,True,True
1,8,7,1,2.5000000000000013,0.75,2.0,0.6128849147400999,9.1371150852599,True,True
1,8,7,1,2.5000000000000013,1.0,2.0,0.6872282694304346,9.312771730569565,True,True
1,8,7,1,2.6000000000000014,0.0,2.0,0.3559588656630197,8.64404113433698,True,True
1,8,7,1,2.6000000000000014,0.25,2.0,0.4363879203432841,8.813612079656716,True,True
1,8,7,1,2.6000000000000014,0.5,2.0,0.5135964091442622,8.986403590855737,True,True
1,8,7,1,2.6000000000000014,0.75,2.0,0.5876920316608212,9.162307968339178,True,True
1,8,7,1,2.6000000000000014,1.0,2.0,0.6587842893777038,9.341215710622297,True,True
1,8,7,1,2.700000000000002,0.0,2.0,0.3422317239849644,8.657768276015036,True,True
1,8,7,1,2.700000000000002,0.25,2.0,0.4194178409765552,8.830582159023445,True,True
1,8,7,1,2.700000000000002,0.5,2.0,0.49346907029262166,9.006530929707377,True,True
1,8,7,1,2.700000000000002,0.75,2.0,0.5644965706063036,9.185503429393696,True,True
1,8,7,1,2.700000000000002,1.0,2.0,0.6326124428814337,9.367387557118565,True,True
1,8,7,1,2.8000000000000016,0.0,2.0,0.32952554942999956,8.670474450570001,True,True
1,8,7,1,2.8000000000000016,0.25,2.0,0.4037209961231616,8.846279003876838,True,True
1,8,7,1,2.8000000000000016,0.5,2.0,0.47486424609864386,9.025135753901356,True,True
1,8,7,1,2.8000000000000016,0.75,2.0,0.5430691372091356,9.206930862790864,True,True
1,8,7,1,2.8000000000000016,1.0,2.0,0.6084496717316004,9.3915503282684,True,True
1,8,7,1,2.9000000000000017,0.0,2.0,0.31773036374448616,8.682269636255514,True,True
1,8,7,1,2.9000000000000017,0.25,2.0,0.3891589810368199,8.86084101896318,True,True
1,8,7,1,2.9000000000000017,0.5,2.0,0.4576150026451211,9.04238499735488,True,True
1,8,7,1,2.9000000000000017,0.75,2.0,0.5232142983479235,9.226785701652076,True,True
1,8,7,1,2.9000000000000017,1.0,2.0,0.5860722003311318,9.413927799668869,True,True
1,8,7,1,3.0000000000000018,0.0,2.0,0.3067514581969579,8.693248541803042,True,True
1,8,7,1,3.0000000000000018,0.25,2.0,0.3756127892757677,8.874387210724233,True,True
1,8,7,1,3.0000000000000018,0.5,2.0,0.44157801509647765,9.058421984903521,True,True
1,8,7,1,3.0000000000000018,0.75,2.0,0.5047644990992382,9.245235500900762,True,True
1,8,7,1,3.0000000000000018,1.0,2.0,0.5652884347833096,9.434711565216691,True,True
1,8,7,2,1.1,0.0,2.0,1.795203617791068,16.204796382208933,True,True
1,8,7,2,1.1,0.25,2.0,2.0159668538733566,16.23403314612664,True,True
1,8,7,2,1.1,0.5,2.0,2.235809837453533,16.264190162546466,True,True
1,8,7,2,1.1,0.75,2.0,2.4546947321667947,16.295305267833207,True,True
1,8,7,2,1.1,1.0,2.0,2.6725820134082623,16.327417986591737,True,True
1,8,7,2,1.2000000000000002,0.0,2.0,1.6288852041680064,16.371114795831993,True,True
1,8,7,2,1.2000000000000002,0.25,2.0,1.8266697115025003,16.4233302884975,True,True
1,8,7,2,1.2000000000000002,0.5,2.0,2.023025068075394,16.476974931924605,True,True
1,8,7,2,1.2000000000000002,0.75,2.0,2.2179085283661957,16.532091471633805,True,True
1,8,7,2,1.2000000000000002,1.0,2.0,2.4112765606210873,16.588723439378914,True,True
1,8,7,2,1.3000000000000003,0.0,2.0,1.4910310038850616,16.508968996114938,True,True
1,8,7,2,1.3000000000000003,0.25,2.0,1.6702486756638013,16.5797513243362,True,True
1,8,7,2,1.3000000000000003,0.5,2.0,1.8477524203273745,16.652247579672625,True,True
1,8,7,2,1.3000000000000003,0.75,2.0,2.0235055156215918,16.726494484378406,True,True
1,8,7,2,1.3000000000000003,1.0,2.0,2.1974714600404956,16.802528539959503,True,True
1,8,7,2,1.4000000000000004,0.0,2.0,1.3748536313814181,16.62514636861858,True,True
1,8,7,2,1.4000000000000004,0.25,2.0,1.5387400989872297,16.71125990101277,True,True
1,8,7,2,1.4000000000000004,0.5,2.0,1.7007568969749407,16.79924310302506,True,True
1,8,7,2,1.4000000000000004,0.75,2.0,1.8608763936551735,16.889123606344825,True,True
1,8,7,2,1.4000000000000004,1.0,2.0,2.019071868124536,16.980928131875466,True,True
1,8,7,2,1.5000000000000007,0.0,2.0,1.2755798491623542,16.724420150837645,True,True
1,8,7,2,1.5000000000000007,0.25,2.0,1.4265829549185884,16.823417045081413,True,True
1,8,7,2,1.5000000000000007,0.5,2.0,1.5756379201048025,16.924362079895197,True,True
1,8,7,2,1.5000000000000007,0.75,2.0,1.7227263727264246,17.027273627273576,True,True
1,8,7,2,1.5000000000000007,1.0,2.0,1.8678312387631246,17.132168761236876,True,True
1,8,7,2,1.6000000000000005,0.0,2.0,1.1897503240933451,16.810249675906654,True,True
1,8,7,2,1.6000000000000005,0.25,2.0,1.3297690861655669,16.920230913834434,True,True
1,8,7,2,1.6000000000000005,0.5,2.0,1.467808791863309,17.03219120813669,True,True
1,8,7,2,1.6000000000000005,0.75,2.0,1.603859478815223,17.146140521184776,True,True
1,8,7,2,1.6000000000000005,1.0,2.0,1.737912651869987,17.262087348130013,True,True
1,8,7,2,1.7000000000000006,0.0,2.0,1.1147941949347127,16.885205805065286,True,True
1,8,7,2,1.7000000000000006,0.25,2.0,1.245332848922823,17.00466715107718,True,True
1,8,7,2,1.7000000000000006,0.5,2.0,1.3738913012011995,17.126108698798802,True,True
1,8,7,2,1.7000000000000006,0.75,2.0,1.500466867247079,17.249533132752923,True,True
1,8,7,2,1.7000000000000006,1.0,2.0,1.625058356892227,17.374941643107775,True,True
1,8,7,2,1.8000000000000005,0.0,2.0,1.0487597054156241,16.951240294584377,True,True
1,8,7,2,1.8000000000000005,0.25,2.0,1.171030865033483,17.078969134966517,True,True
1,8,7,2,1.8000000000000005,0.5,2.0,1.2913394482628053,17.208660551737196,True,True
1,8,7,2,1.8000000000000005,0.75,2.0,1.4096889228633662,17.340311077136633,True,True
1,8,7,2,1.8000000000000005,1.0,2.0,1.5260841907295424,17.47391580927046,True,True
1,8,7,2,1.9000000000000008,0.0,2.0,0.9901376580591528,17.009862341940845,True,True
1,8,7,2,1.9000000000000008,0.25,2.0,1.105133630854727,17.144866369145273,True,True
1,8,7,2,1.9000000000000008,0.5,2.0,1.2181964403346708,17.281803559665327,True,True
1,8,7,2,1.9000000000000008,0.75,2.0,1.329334691080053,17.420665308919947,True,True
1,8,7,2,1.9000000000000008,1.0,2.0,1.4385583109928053,17.561441689007196,True,True
1,8,7,2,2.000000000000001,0.0,2.0,0.9377422517014509,17.06225774829855,True,True
1,8,7,2,2.000000000000001,0.25,2.0,1.0462856839717372,17.20371431602826,True,True
1,8,7,2,2.000000000000001,0.5,2.0,1.152932629649177,17.34706737035082,True,True
1,8,7,2,2.000000000000001,0.75,2.0,1.25769595247289,17.49230404752711,True,True
1,8,7,2,2.000000000000001,1.0,2.0,1.3605897019501452,17.639410298049853,True,True
1,8,7,2,2.100000000000001,0.0,2.0,0.8906285840451993,17.1093714159548,True,True
1,8,7,2,2.100000000000001,0.25,2.0,0.9934092665000129,17.256590733499987,True,True
1,8,7,2,2.100000000000001,0.5,2.0,1.0943344261561965,17.405665573843805,True,True
1,8,7,2,2.100000000000001,0.75,2.0,1.1934204429939665,17.55657955700603,True,True
1,8,7,2,2.100000000000001,1.0,2.0,1.29068473361772,17.70931526638228,True,True
1,8,7,2,2.200000000000001,0.0,2.0,0.8480342582573694,17.15196574174263,True,True
1,8,7,2,2.200000000000001,0.25,2.0,0.9456364161773791,17.30436358382262,True,True
1,8,7,2,2.200000000000001,0.5,2.0,1.04142632254654,17.458573677453458,True,True
1,8,7,2,2.200000000000001,0.75,2.0,1.1354232511615,17.614576748838502,True,True
1,8,7,2,2.200000000000001,1.0,2.0,1.2276473611300762,17.772352638869926,True,True
1,8,7,2,2.300000000000001,0.0,2.0,0.8093372355016868,17.190662764498313,True,True
1,8,7,2,2.300000000000001,0.25,2.0,0.9022601228692313,17.34773987713077,True,True
1,8,7,2,2.300000000000001,0.5,2.0,0.9934150127202148,17.506584987279787,True,True
1,8,7,2,2.300000000000001,0.75,2.0,1.082823553650627,17.667176446349373,True,True
1,8,7,2,2.300000000000001,1.0,2.0,1.1705081317880683,17.82949186821193,True,True
1,8,7,2,2.4000000000000012,0.0,2.0,0.7740248804979561,17.225975119502046,True,True
1,8,7,2,2.4000000000000012,0.25,2.0,0.8626985651696302,17.38730143483037,True,True
1,8,7,2,2.4000000000000012,0.5,2.0,0.9496486018161043,17.550351398183896,True,True
1,8,7,2,2.4000000000000012,0.75,2.0,1.0348985817517384,17.71510141824826,True,True
1,8,7,2,2.4000000000000012,1.0,2.0,1.1184726928798945,17.881527307120106,True,True
1,8,7,2,2.5000000000000013,0.0,2.0,0.7416708711749678,17.258329128825032,True,True
1,8,7,2,2.5000000000000013,0.25,2.0,0.8264685034037491,17.42353149659625,True,True
1,8,7,2,2.5000000000000013,0.5,2.0,0.9095863411938598,17.590413658806142,True,True
1,8,7,2,2.5000000000000013,0.75,2.0,0.9910495588296797,17.75895044117032,True,True
1,8,7,2,2.5000000000000013,1.0,2.0,1.0708837948453933,17.929116205154607,True,True
1,8,7,2,2.6000000000000014,0.0,2.0,0.7119177313260394,17.28808226867396,True,True
1,8,7,2,2.6000000000000014,0.25,2.0,0.7931651988384836,17.456834801161516,True,True
1,8,7,2,2.6000000000000014,0.5,2.0,0.8727758406865682,17.627224159313432,True,True
1,8,7,2,2.6000000000000014,0.75,2.0,0.9507761142688587,17.79922388573114,True,True
1,8,7,2,2.6000000000000014,1.0,2.0,1.0271928182885244,17.972807181711474,True,True
1,8,7,2,2.700000000000002,0.0,2.0,0.6844634479699288,17.31553655203007,True,True
1,8,7,2,2.700000000000002,0.25,2.0,0.762447060456557,17.48755293954344,True,True
1,8,7,2,2.700000000000002,0.5,2.0,0.8388356819531104,17.66116431804689,True,True
1,8,7,2,2.700000000000002,0.75,2.0,0.913656802628573,17.836343197371427,True,True
1,8,7,2,2.700000000000002,1.0,2.0,0.9869381405852433,18.013061859414755,True,True
1,8,7,2,2.8000000000000016,0.0,2.0,0.6590510988599991,17.340948901140003,True,True
1,8,7,2,2.8000000000000016,0.25,2.0,0.7340237669948593,17.51597623300514,True,True
1,8,7,2,2.8000000000000016,0.5,2.0,0.8074419922463232,17.692558007753675,True,True
1,8,7,2,2.8000000000000016,0.75,2.0,0.8793340881532838,17.870665911846714,True,True
1,8,7,2,2.8000000000000016,1.0,2.0,0.9497284921972877,18.050271507802712,True,True
1,8,7,2,2.9000000000000017,0.0,2.0,0.6354607274889723,17.364539272511028,True,True
1,8,7,2,2.9000000000000017,0.25,2.0,0.7076469780249965,17.542353021975003,True,True
1,8,7,2,2.9000000000000017,0.5,2.0,0.7783179620736398,17.72168203792636,True,True
1,8,7,2,2.9000000000000017,0.75,2.0,0.8475026410501574,17.902497358949844,True,True
1,8,7,2,2.9000000000000017,1.0,2.0,0.9152300052902422,18.08476999470976,True,True
1,8,7,2,3.0000000000000018,0.0,2.0,0.6135029163939159,17.386497083606084,True,True
1,8,7,2,3.0000000000000018,0.25,2.0,0.6831029975484775,17.566897002451523,True,True
1,8,7,2,3.0000000000000018,0.5,2.0,0.7512255785515354,17.748774421448466,True,True
1,8,7,2,3.0000000000000018,0.75,2.0,0.817900121341733,17.932099878658267,True,True
1,8,7,2,3.0000000000000018,1.0,2.0,0.8831560301929553,18.116843969807043,True,True
1,8,7,3,1.1,0.0,2.0,2.6928054266866024,24.307194573313396,True,True
1,8,7,3,1.1,0.25,2.0,2.9137193066884333,24.336280693311565,True,True
1,8,7,3,1.1,0.5,2.0,3.134027899605064,24.365972100394934,True,True
1,8,7,3,1.1,0.75,2.0,3.353714756180299,24.3962852438197,True,True
1,8,7,3,1.1,1.0,2.0,3.572762938952968,24.42723706104703,True,True
1,8,7,3,1.2000000000000002,0.0,2.0,2.443327806252009,24.556672193747993,True,True
1,8,7,3,1.2000000000000002,0.25,2.0,2.6413473743931615,24.608652625606837,True,True
1,8,7,3,1.2000000000000002,0.5,2.0,2.838423578602402,24.661576421397598,True,True
1,8,7,3,1.2000000000000002,0.75,2.0,3.0345376021130903,24.71546239788691,True,True
1,8,7,3,1.2000000000000002,1.0,2.0,3.2296703857309925,24.77032961426901,True,True
1,8,7,3,1.3000000000000003,0.0,2.0,2.236546505827592,24.76345349417241,True,True
1,8,7,3,1.3000000000000003,0.25,2.0,2.4160471051038837,24.833952894896115,True,True
1,8,7,3,1.3000000000000003,0.5,2.0,2.594413265784027,24.905586734215973,True,True
1,8,7,3,1.3000000000000003,0.75,2.0,2.771628630491062,24.978371369508938,True,True
1,8,7,3,1.3000000000000003,1.0,2.0,2.9476768888235014,25.0523231111765,True,True
1,8,7,3,1.4000000000000004,0.0,2.0,2.0622804470721263,24.937719552927874,True,True
1,8,7,3,1.4000000000000004,0.25,2.0,2.226476442726703,25.023523557273297,True,True
1,8,7,3,1.4000000000000004,0.5,2.0,2.389432232498237,25.110567767501763,True,True
1,8,7,3,1.4000000000000004,0.75,2.0,2.551135345462411,25.198864654537587,True,True
1,8,7,3,1.4000000000000004,1.0,2.0,2.7115735627780495,25.28842643722195,True,True
1,8,7,3,1.5000000000000007,0.0,2.0,1.913369773743531,25.086630226256467,True,True
1,8,7,3,1.5000000000000007,0.25,2.0,2.0646961545122,25.1853038454878,True,True
1,8,7,3,1.5000000000000007,0.5,2.0,2.214728004940671,25.28527199505933,True,True
1,8,7,3,1.5000000000000007,0.75,2.0,2.3634568801572033,25.3865431198428,True,True
1,8,7,3,1.5000000000000007,1.0,2.0,2.510874706923941,25.489125293076057,True,True
1,8,7,3,1.6000000000000005,0.0,2.0,1.784625486140019,25.21537451385998,True,True
1,8,7,3,1.6000000000000005,0.25,2.0,1.9249732906287775,25.325026709371222,True,True
1,8,7,3,1.6000000000000005,0.5,2.0,2.0640041074797555,25.435995892520246,True,True
1,8,7,3,1.6000000000000005,0.75,2.0,2.2017131877949634,25.548286812205035,True,True
1,8,7,3,1.6000000000000005,1.0,2.0,2.3380962103093985,25.6619037896906,True,True
1,8,7,3,1.7000000000000006,0.0,2.0,1.6721912924020703,25.32780870759793,True,True
1,8,7,3,1.7000000000000006,0.25,2.0,1.8030597168305942,25.446940283169404,True,True
1,8,7,3,1.7000000000000006,0.5,2.0,1.9326087779866725,25.567391222013327,True,True
1,8,7,3,1.7000000000000006,0.75,2.0,2.0608369518018,25.6891630481982,True,True
1,8,7,3,1.7000000000000006,1.0,2.0,2.187743155319305,25.812256844680697,True,True
1,8,7,3,1.8000000000000005,0.0,2.0,1.5731395581234366,25.426860441876563,True,True
1,8,7,3,1.8000000000000005,0.25,2.0,1.6957380082979707,25.554261991702028,True,True
1,8,7,3,1.8000000000000005,0.5,2.0,1.8170274728660605,25.68297252713394,True,True
1,8,7,3,1.8000000000000005,0.75,2.0,1.937009172394209,25.81299082760579,True,True
1,8,7,3,1.8000000000000005,1.0,2.0,2.055684755220721,25.94431524477928,True,True
1,8,7,3,1.9000000000000008,0.0,2.0,1.48520648708873,25.514793512911268,True,True
1,8,7,3,1.9000000000000008,0.25,2.0,1.6005252330485273,25.64947476695147,True,True
1,8,7,3,1.9000000000000008,0.5,2.0,1.7145534489072425,25.785446551092758,True,True
1,8,7,3,1.9000000000000008,0.75,2.0,1.827294660502007,25.922705339497995,True,True
1,8,7,3,1.9000000000000008,1.0,2.0,1.9387527920813117,26.06124720791869,True,True
1,8,7,3,2.000000000000001,0.0,2.0,1.4066133775521763,25.593386622447824,True,True
1,8,7,3,2.000000000000001,0.25,2.0,1.5154737912666452,25.734526208733357,True,True
1,8,7,3,2.000000000000001,0.5,2.0,1.6230671643650947,25.876932835634904,True,True
1,8,7,3,2.000000000000001,0.75,2.0,1.729398944473763,26.020601055526235,True,True
1,8,7,3,2.000000000000001,1.0,2.0,1.8344749394035595,26.16552506059644,True,True
1,8,7,3,2.100000000000001,0.0,2.0,1.335942876067799,25.664057123932203,True,True
1,8,7,3,2.100000000000001,0.25,2.0,1.439033979321012,25.81096602067899,True,True
1,8,7,3,2.100000000000001,0.5,2.0,1.5408845529252204,25.95911544707478,True,True
1,8,7,3,2.100000000000001,0.75,2.0,1.6415016392342956,26.108498360765704,True,True
1,8,7,3,2.100000000000001,1.0,2.0,1.7408925983286085,26.259107401671393,True,True
1,8,7,3,2.200000000000001,0.0,2.0,1.272051387386055,25.727948612613943,True,True
1,8,7,3,2.200000000000001,0.25,2.0,1.3699569749651808,25.88004302503482,True,True
1,8,7,3,2.200000000000001,0.5,2.0,1.4666502199855174,26.033349780014483,True,True
1,8,7,3,2.200000000000001,0.75,2.0,1.5621394838198093,26.18786051618019,True,True
1,8,7,3,2.200000000000001,1.0,2.0,1.6564334018227793,26.34356659817722,True,True
1,8,7,3,2.300000000000001,0.0,2.0,1.214005853252532,25.78599414674747,True,True
1,8,7,3,2.300000000000001,0.25,2.0,1.30722497681748,25.94277502318252,True,True
1,8,7,3,2.300000000000001,0.5,2.0,1.3992607156670474,26.100739284332953,True,True
1,8,7,3,2.300000000000001,0.75,2.0,1.4901225190803231,26.259877480919677,True,True
1,8,7,3,2.300000000000001,1.0,2.0,1.5798200671158789,26.42017993288412,True,True
1,8,7,3,2.4000000000000012,0.0,2.0,1.1610373207469333,25.838962679253065,True,True
1,8,7,3,2.4000000000000012,0.25,2.0,1.25,26.0,True,True
1,8,7,3,2.4000000000000012,0.5,2.0,1.3378084126935903,26.16219158730641,True,True
1,8,7,3,2.4000000000000012,0.75,2.0,1.4244729027241565,26.325527097275845,True,True
1,8,7,3,2.4000000000000012,1.0,2.0,1.5100040032032016,26.4899959967968,True,True
1,8,7,3,2.5000000000000013,0.0,2.0,1.1125063067624517,25.88749369323755,True,True
1,8,7,3,2.5000000000000013,0.25,2.0,1.1975857476303613,26.052414252369637,True,True
1,8,7,3,2.5000000000000013,0.5,2.0,1.281539790334973,26.218460209665025,True,True
1,8,7,3,2.5000000000000013,0.75,2.0,1.3643795117907906,26.38562048820921,True,True
1,8,7,3,2.5000000000000013,1.0,2.0,1.4461161388198267,26.553883861180175,True,True
1,8,7,3,2.6000000000000014,0.0,2.0,1.0678765969890591,25.93212340301094,True,True
1,8,7,3,2.6000000000000014,0.25,2.0,1.1493988120812393,26.100601187918762,True,True
1,8,7,3,2.6000000000000014,0.5,2.0,1.2298239751867825,26.270176024813217,True,True
1,8,7,3,2.6000000000000014,0.75,2.0,1.3091637610298523,26.44083623897015,True,True
1,8,7,3,2.6000000000000014,1.0,2.0,1.3874299575017979,26.612570042498202,True,True
1,8,7,3,2.700000000000002,0.0,2.0,1.026695171954895,25.973304828045105,True,True
1,8,7,3,2.700000000000002,0.25,2.0,1.104946641043771,26.14505335895623,True,True
1,8,7,3,2.700000000000002,0.5,2.0,1.1821287049521025,26.317871295047897,True,True
1,8,7,3,2.700000000000002,0.75,2.0,1.2582535229296656,26.491746477070336,True,True
1,8,7,3,2.700000000000002,1.0,2.0,1.3333333333333321,26.666666666666668,True,True
1,8,7,3,2.8000000000000016,0.0,2.0,0.9885766482899996,26.01142335171,True,True
1,8,7,3,2.8000000000000016,0.25,2.0,1.0638104805772013,26.186189519422797,True,True
1,8,7,3,2.8000000000000016,0.5,2.0,1.1380017443705608,26.361998255629437,True,True
1,8,7,3,2.8000000000000016,0.75,2.0,1.2111629883694857,26.538837011630513,True,True
1,8,7,3,2.8000000000000016,1.0,2.0,1.2833068089897797,26.716693191010222,True,True
1,8,7,3,2.9000000000000017,0.0,2.0,0.9531910912334585,26.046808908766543,True,True
1,8,7,3,2.9000000000000017,0.25,2.0,1.0256320287142149,26.224367971285787,True,True
1,8,7,3,2.9000000000000017,0.5,2.0,1.0970563599366052,26.402943640063395,True,True
1,8,7,3,2.9000000000000017,0.75,2.0,1.167476943110458,26.582523056889542,True,True
1,8,7,3,2.9000000000000017,1.0,2.0,1.236906655354355,26.763093344645647,True,True
1,8,7,3,3.0000000000000018,0.0,2.0,0.9202543745908756,26.079745625409124,True,True
1,8,7,3,3.0000000000000018,0.25,2.0,0.9901028892198731,26.259897110780127,True,True
1,8,7,3,3.0000000000000018,0.5,2.0,1.0589598535029445,26.441040146497055,True,True
1,8,7,3,3.0000000000000018,0.75,2.0,1.126838367827304,26.623161632172696,True,True
1,8,7,3,3.0000000000000018,1.0,2.0,1.1937515251343012,26.806248474865697,True,True
1,10,4,1,1.1,0.0,5.0,0.9000988152906038,10.099901184709395,True,True
1,10,4,1,1.1,0.25,5.0,1.1220022611194178,10.127997738880582,True,True
1,10,4,1,1.1,0.5,5.0,1.3424909116785289,10.157509088321472,True,True
1,10,4,1,1.1,0.75,5.0,1.5614708079219985,10.188529192078,True,True
1,10,4,1,1.1,1.0,5.0,1.7788411759113094,10.22115882408869,True,True
1,10,4,1,1.2000000000000002,0.0,5.0,0.8184760316039537,10.181523968396046,True,True
1,10,4,1,1.2000000000000002,0.25,5.0,1.0180532526050037,10.231946747394996,True,True
1,10,4,1,1.2000000000000002,0.5,5.0,1.2154107131957366,10.284589286804263,True,True
1,10,4,1,1.2000000000000002,0.75,5.0,1.4104404845867862,10.339559515413214,True,True
1,10,4,1,1.2000000000000002,1.0,5.0,1.6030313472423598,10.39696865275764,True,True
1,10,4,1,1.3000000000000003,0.0,5.0,0.7505060998362882,10.249493900163712,True,True
1,10,4,1,1.3000000000000003,0.25,5.0,0.9318943774281632,10.318105622571837,True,True
1,10,4,1,1.3000000000000003,0.5,5.0,1.1105993424216463,10.389400657578353,True,True
1,10,4,1,1.3000000000000003,0.75,5.0,1.2865267747908193,10.463473225209182,True,True
1,10,4,1,1.3000000000000003,1.0,5.0,1.4595832112696288,10.540416788730372,True,True
1,10,4,1,1.4000000000000004,0.0,5.0,0.6930110404596457,10.306988959540355,True,True
1,10,4,1,1.4000000000000004,0.25,5.0,0.8592835196133866,10.390716480386613,True,True
1,10,4,1,1.4000000000000004,0.5,5.0,1.022610203747285,10.477389796252716,True,True
1,10,4,1,1.4000000000000004,0.75,5.0,1.1829189052191351,10.567081094780864,True,True
1,10,4,1,1.4000000000000004,1.0,5.0,1.3401410199142596,10.65985898008574,True,True
1,10,4,1,1.5000000000000007,0.0,5.0,0.6437325718888447,10.356267428111156,True,True
1,10,4,1,1.5000000000000007,0.25,5.0,0.7972374057264711,10.45276259427353,True,True
1,10,4,1,1.5000000000000007,0.5,5.0,0.9476568219253627,10.552343178074636,True,True
1,10,4,1,1.5000000000000007,0.75,5.0,1.0949415972884458,10.655058402711553,True,True
1,10,4,1,1.5000000000000007,1.0,5.0,1.2390477143047658,10.760952285695234,True,True
1,10,4,1,1.6000000000000005,0.0,5.0,0.6010205144336442,10.398979485566356,True,True
1,10,4,1,1.6000000000000005,0.25,5.0,0.7435939525583413,10.506406047441658,True,True
1,10,4,1,1.6000000000000005,0.5,5.0,0.8830194165170537,10.616980583482945,True,True
1,10,4,1,1.6000000000000005,0.75,5.0,1.0192688501112412,10.730731149888758,True,True
1,10,4,1,1.6000000000000005,1.0,5.0,1.1523201425836707,10.84767985741633,True,True
1,10,4,1,1.7000000000000006,0.0,5.0,0.5636403029333925,10.436359697066607,True,True
1,10,4,1,1.7000000000000006,0.25,5.0,0.6967463718341955,10.553253628165805,True,True
1,10,4,1,1.7000000000000006,0.5,5.0,0.8266910935596075,10.673308906440393,True,True
1,10,4,1,1.7000000000000006,0.75,5.0,0.9534649393770263,10.796535060622974,True,True
1,10,4,1,1.7000000000000006,1.0,5.0,1.0770644816687813,10.922935518331219,True,True
1,10,4,1,1.8000000000000005,0.0,5.0,0.5306494947081415,10.469350505291859,True,True
1,10,4,1,1.8000000000000005,0.25,5.0,0.655474815884765,10.594525184115234,True,True
1,10,4,1,1.8000000000000005,0.5,5.0,0.7771570840547684,10.722842915945233,True,True
1,10,4,1,1.8000000000000005,0.75,5.0,0.8957025819120039,10.854297418087995,True,True
1,10,4,1,1.8000000000000005,1.0,5.0,1.011123484301411,10.988876515698589,True,True
1,10,4,1,1.9000000000000008,0.0,5.0,0.5013159626494534,10.498684037350547,True,True
1,10,4,1,1.9000000000000008,0.25,5.0,0.6188360362869707,10.631163963713028,True,True
1,10,4,1,1.9000000000000008,0.5,5.0,0.73325173464975,10.76674826535025,True,True
1,10,4,1,1.9000000000000008,0.75,5.0,0.844582653078322,10.905417346921677,True,True
1,10,4,1,1.9000000000000008,1.0,5.0,0.9528538548476408,11.04714614515236,True,True
1,10,4,1,2.000000000000001,0.0,5.0,0.475062189439555,10.524937810560445,True,True
1,10,4,1,2.000000000000001,0.25,5.0,0.5860889073134068,10.663911092686593,True,True
1,10,4,1,2.000000000000001,0.5,5.0,0.6940628959608288,10.80593710403917,True,True
1,10,4,1,2.000000000000001,0.75,5.0,0.7990148739382619,10.950985126061738,True,True
1,10,4,1,2.000000000000001,1.0,5.0,0.9009804864072146,11.099019513592786,True,True
1,10,4,1,2.100000000000001,0.0,5.0,0.4514264155015786,10.54857358449842,True,True
1,10,4,1,2.100000000000001,0.25,5.0,0.5566428650282491,10.693357134971752,True,True
1,10,4,1,2.100000000000001,0.5,5.0,0.658866250318809,10.841133749681191,True,True
1,10,4,1,2.100000000000001,0.75,5.0,0.7581365401579578,10.991863459842042,True,True
1,10,4,1,2.100000000000001,1.0,5.0,0.8544980345752,11.145501965424799,True,True
1,10,4,1,2.200000000000001,0.0,5.0,0.4300349651555333,10.569965034844467,True,True
1,10,4,1,2.200000000000001,0.25,5.0,0.5300214114108561,10.719978588589143,True,True
1,10,4,1,2.200000000000001,0.5,5.0,0.6270791357060581,10.872920864293942,True,True
1,10,4,1,2.200000000000001,0.75,5.0,0.7212557741526844,11.028744225847316,True,True
1,10,4,1,2.200000000000001,1.0,5.0,0.8126026844774161,11.187397315522585,True,True
1,10,4,1,2.300000000000001,0.0,5.0,0.4105821636415543,10.589417836358447,True,True
1,10,4,1,2.300000000000001,0.25,5.0,0.5058357721885542,10.744164227811446,True,True
1,10,4,1,2.300000000000001,0.5,5.0,0.5982274050997534,10.901772594900248,True,True
1,10,4,1,2.300000000000001,0.75,5.0,0.6878110360402241,11.062188963959777,True,True
1,10,4,1,2.300000000000001,1.0,5.0,0.7746437608439596,11.22535623915604,True,True
1,10,4,1,2.4000000000000012,0.0,5.0,0.392815517985146,10.607184482014855,True,True
1,10,4,1,2.4000000000000012,0.25,5.0,0.48376555031122237,10.766234449688778,True,True
1,10,4,1,2.4000000000000012,0.5,5.0,0.571921205698005,10.928078794301996,True,True
1,10,4,1,2.4000000000000012,0.75,5.0,0.6573416810475852,11.092658318952415,True,True
1,10,4,1,2.4000000000000012,1.0,5.0,0.740088720646833,11.259911279353167,True,True
1,10,4,1,2.5000000000000013,0.0,5.0,0.3765246170202001,10.6234753829798,True,True
1,10,4,1,2.5000000000000013,0.25,5.0,0.46354429448435486,10.786455705515646,True,True
1,10,4,1,2.5000000000000013,0.5,5.0,0.5478369883287968,10.952163011671203,True,True
1,10,4,1,2.5000000000000013,0.75,5.0,0.6294661854106778,11.120533814589322,True,True
1,10,4,1,2.5000000000000013,1.0,5.0,0.7084973778708186,11.291502622129181,True,True
1,10,4,1,2.6000000000000014,0.0,5.0,0.3615327038263487,10.638467296173651,True,True
1,10,4,1,2.6000000000000014,0.25,5.0,0.44494858207877463,10.805051417921225,True,True
1,10,4,1,2.6000000000000014,0.5,5.0,0.5257039487822635,10.974296051217737,True,True
1,10,4,1,2.6000000000000014,0.75,5.0,0.6038657985941231,11.146134201405877,True,True
1,10,4,1,2.6000000000000014,1.0,5.0,0.6795026259105894,11.32049737408941,True,True
1,10,4,1,2.700000000000002,0.0,5.0,0.347690197950409,10.65230980204959,True,True
1,10,4,1,2.700000000000002,0.25,5.0,0.4277896549812059,10.822210345018794,True,True
1,10,4,1,2.700000000000002,0.5,5.0,0.5052936741468113,10.994706325853189,True,True
1,10,4,1,2.700000000000002,0.75,5.0,0.5802721015600314,11.16972789843997,True,True
1,10,4,1,2.700000000000002,1.0,5.0,0.6527958153262379,11.347204184673762,True,True
1,10,4,1,2.8000000000000016,0.0,5.0,0.33486966005973606,10.665130339940264,True,True
1,10,4,1,2.8000000000000016,0.25,5.0,0.4119069367875001,10.8380930632125,True,True
1,10,4,1,2.8000000000000016,0.5,5.0,0.48641214162267943,11.01358785837732,True,True
1,10,4,1,2.8000000000000016,0.75,5.0,0.5584574204658148,11.191542579534186,True,True
1,10,4,1,2.8000000000000016,1.0,5.0,0.6281155208676665,11.371884479132333,True,True
1,10,4,1,2.9000000000000017,0.0,5.0,0.32296183731170114,10.677038162688298,True,True
1,10,4,1,2.9000000000000017,0.25,5.0,0.39716295468060814,10.852837045319392,True,True
1,10,4,1,2.9000000000000017,0.5,5.0,0.46889346756794215,11.031106532432059,True,True
1,10,4,1,2.9000000000000017,0.75,5.0,0.5382273571587,11.2117726428413,True,True
1,10,4,1,2.9000000000000017,1.0,5.0,0.6052388119711853,11.394761188028815,True,True
1,10,4,1,3.0000000000000018,0.0,5.0,0.3118725279088732,10.688127472091127,True,True
1,10,4,1,3.0000000000000018,0.25,5.0,0.38343932274619785,10.866560677253801,True,True
1,10,4,1,3.0000000000000018,0.5,5.0,0.4525949748957272,11.047405025104272,True,True
1,10,4,1,3.0000000000000018,0.75,5.0,0.5194149090256559,11.230585090974344,True,True
1,10,4,1,3.0000000000000018,1.0,5.0,0.5839743969093592,11.416025603090642,True,True
1,10,4,2,1.1,0.0,5.0,1.8001976305812075,20.19980236941879,True,True
1,10,4,2,1.1,0.25,5.0,2.0224435409106576,20.227556459089342,True,True
1,10,4,2,1.1,0.5,5.0,2.2440045222388356,20.255995477761164,True,True
1,10,4,2,1.1,0.75,5.0,2.4648583064016325,20.28514169359837,True,True
1,10,4,2,1.1,1.0,5.0,2.6849818233570577,20.315018176642944,True,True
1,10,4,2,1.2000000000000002,0.0,5.0,1.6369520632079073,20.363047936792093,True,True
1,10,4,2,1.2000000000000002,0.25,5.0,1.8370710058700386,20.412928994129963,True,True
1,10,4,2,1.2000000000000002,0.5,5.0,2.0361065052100074,20.463893494789993,True,True
1,10,4,2,1.2000000000000002,0.75,5.0,2.2340322357713855,20.515967764228613,True,True
1,10,4,2,1.2000000000000002,1.0,5.0,2.430821426391473,20.569178573608525,True,True
1,10,4,2,1.3000000000000003,0.0,5.0,1.5010121996725765,20.498987800327424,True,True
1,10,4,2,1.3000000000000003,0.25,5.0,1.6830595011080813,20.566940498891917,True,True
1,10,4,2,1.3000000000000003,0.5,5.0,1.8637887548563263,20.636211245143674,True,True
1,10,4,2,1.3000000000000003,0.75,5.0,2.043176346913338,20.706823653086662,True,True
1,10,4,2,1.3000000000000003,1.0,5.0,2.2211986848432925,20.778801315156706,True,True
1,10,4,2,1.4000000000000004,0.0,5.0,1.3860220809192914,20.61397791908071,True,True
1,10,4,2,1.4000000000000004,0.25,5.0,1.553021737532891,20.69697826246711,True,True
1,10,4,2,1.4000000000000004,0.5,5.0,1.7185670392267731,20.781432960773227,True,True
1,10,4,2,1.4000000000000004,0.75,5.0,1.8826393497567881,20.867360650243214,True,True
1,10,4,2,1.4000000000000004,1.0,5.0,2.04522040749457,20.95477959250543,True,True
1,10,4,2,1.5000000000000007,0.0,5.0,1.2874651437776894,20.712534856222312,True,True
1,10,4,2,1.5000000000000007,0.25,5.0,1.441734796567843,20.808265203432157,True,True
1,10,4,2,1.5000000000000007,0.5,5.0,1.5944748114529421,20.90552518854706,True,True
1,10,4,2,1.5000000000000007,0.75,5.0,1.745671968754344,21.004328031245656,True,True
1,10,4,2,1.5000000000000007,1.0,5.0,1.8953136438507254,21.104686356149273,True,True
1,10,4,2,1.6000000000000005,0.0,5.0,1.2020410288672885,20.79795897113271,True,True
1,10,4,2,1.6000000000000005,0.25,5.0,1.3453975029656746,20.904602497034325,True,True
1,10,4,2,1.6000000000000005,0.5,5.0,1.4871879051166825,21.012812094883316,True,True
1,10,4,2,1.6000000000000005,0.75,5.0,1.6274041425590493,21.12259585744095,True,True
1,10,4,2,1.6000000000000005,1.0,5.0,1.7660388330341075,21.23396116696589,True,True
1,10,4,2,1.7000000000000006,0.0,5.0,1.127280605866785,20.872719394133213,True,True
1,10,4,2,1.7000000000000006,0.25,5.0,1.2611753480353336,20.988824651964666,True,True
1,10,4,2,1.7000000000000006,0.5,5.0,1.393492743668391,21.10650725633161,True,True
1,10,4,2,1.7000000000000006,0.75,5.0,1.5242292776895159,21.225770722310486,True,True
1,10,4,2,1.7000000000000006,1.0,5.0,1.653382187119215,21.346617812880787,True,True
1,10,4,2,1.8000000000000005,0.0,5.0,1.061298989416283,20.938701010583717,True,True
1,10,4,2,1.8000000000000005,0.25,5.0,1.1869103948495212,21.06308960515048,True,True
1,10,4,2,1.8000000000000005,0.5,5.0,1.31094963176953,21.18905036823047,True,True
1,10,4,2,1.8000000000000005,0.75,5.0,1.4334171559834363,21.316582844016565,True,True
1,10,4,2,1.8000000000000005,1.0,5.0,1.5543141681095367,21.445685831890465,True,True
1,10,4,2,1.9000000000000008,0.0,5.0,1.0026319252989069,20.997368074701093,True,True
1,10,4,2,1.9000000000000008,0.25,5.0,1.1209301045182514,21.12906989548175,True,True
1,10,4,2,1.9000000000000008,0.5,5.0,1.2376720725739414,21.262327927426057,True,True
1,10,4,2,1.9000000000000008,0.75,5.0,1.352861676321396,21.397138323678604,True,True
1,10,4,2,1.9000000000000008,1.0,5.0,1.4665034692995,21.5334965307005,True,True
1,10,4,2,2.000000000000001,0.0,5.0,0.95012437887911,21.04987562112089,True,True
1,10,4,2,2.000000000000001,0.25,5.0,1.0619177187106335,21.18808228128937,True,True
1,10,4,2,2.000000000000001,0.5,5.0,1.1721778146268136,21.327822185373186,True,True
1,10,4,2,2.000000000000001,0.75,5.0,1.2809113833887906,21.46908861661121,True,True
1,10,4,2,2.000000000000001,1.0,5.0,1.3881257919216576,21.61187420807834,True,True
1,10,4,2,2.100000000000001,0.0,5.0,0.9028528310031572,21.09714716899684,True,True
1,10,4,2,2.100000000000001,0.25,5.0,1.008822185655859,21.24117781434414,True,True
1,10,4,2,2.100000000000001,0.5,5.0,1.1132857300564982,21.386714269943504,True,True
1,10,4,2,2.100000000000001,0.75,5.0,1.216252596430806,21.533747403569194,True,True
1,10,4,2,2.100000000000001,1.0,5.0,1.317732500637618,21.682267499362382,True,True
1,10,4,2,2.200000000000001,0.0,5.0,0.8600699303110666,21.139930069688933,True,True
1,10,4,2,2.200000000000001,0.25,5.0,0.9607941999655196,21.28920580003448,True,True
1,10,4,2,2.200000000000001,0.5,5.0,1.0600428228217122,21.439957177178286,True,True
1,10,4,2,2.200000000000001,0.75,5.0,1.1578269565402763,21.592173043459724,True,True
1,10,4,2,2.200000000000001,1.0,5.0,1.2541582714121162,21.745841728587884,True,True
1,10,4,2,2.300000000000001,0.0,5.0,0.8211643272831086,21.178835672716893,True,True
1,10,4,2,2.300000000000001,0.25,5.0,0.9171399104074869,21.332860089592515,True,True
1,10,4,2,2.300000000000001,0.5,5.0,1.0116715443771085,21.48832845562289,True,True
1,10,4,2,2.300000000000001,0.75,5.0,1.1047720803411991,21.6452279196588,True,True
1,10,4,2,2.300000000000001,1.0,5.0,1.1964548101995067,21.803545189800495,True,True
1,10,4,2,2.4000000000000012,0.0,5.0,0.785631035970292,21.21436896402971,True,True
1,10,4,2,2.4000000000000012,0.25,5.0,0.8772868404702105,21.372713159529788,True,True
1,10,4,2,2.4000000000000012,0.5,5.0,0.9675311006224447,21.532468899377555,True,True
1,10,4,2,2.4000000000000012,0.75,5.0,1.0563780797369393,21.693621920263062,True,True
1,10,4,2,2.4000000000000012,1.0,5.0,1.14384241139601,21.856157588603992,True,True
1,10,4,2,2.5000000000000013,0.0,5.0,0.7530492340404003,21.2469507659596,True,True
1,10,4,2,2.5000000000000013,0.25,5.0,0.8407584139616784,21.40924158603832,True,True
1,10,4,2,2.5000000000000013,0.5,5.0,0.9270885889687097,21.572911411031292,True,True
1,10,4,2,2.5000000000000013,0.75,5.0,1.0120551965187037,21.737944803481298,True,True
1,10,4,2,2.5000000000000013,1.0,5.0,1.0956739766575936,21.904326023342406,True,True
1,10,4,2,2.6000000000000014,0.0,5.0,0.7230654076526974,21.276934592347303,True,True
1,10,4,2,2.6000000000000014,0.25,5.0,0.8071546487501706,21.44284535124983,True,True
1,10,4,2,2.6000000000000014,0.5,5.0,0.8898971641575493,21.61010283584245,True,True
1,10,4,2,2.6000000000000014,0.75,5.0,0.9713093641653376,21.778690635834664,True,True
1,10,4,2,2.6000000000000014,1.0,5.0,1.051407897564527,21.948592102435473,True,True
1,10,4,2,2.700000000000002,0.0,5.0,0.695380395900818,21.30461960409918,True,True
1,10,4,2,2.700000000000002,0.25,5.0,0.7761373410730137,21.473862658926986,True,True
1,10,4,2,2.700000000000002,0.5,5.0,0.8555793099624118,21.644420690037588,True,True
1,10,4,2,2.700000000000002,0.75,5.0,0.9337235153153021,21.8162764846847,True,True
1,10,4,2,2.700000000000002,1.0,5.0,1.0105873482936225,21.989412651706377,True,True
1,10,4,2,2.8000000000000016,0.0,5.0,0.6697393201194721,21.330260679880528,True,True
1,10,4,2,2.8000000000000016,0.25,5.0,0.7474185655533674,21.502581434446633,True,True
1,10,4,2,2.8000000000000016,0.5,5.0,0.8238138735750002,21.676186126425,True,True
1,10,4,2,2.8000000000000016,0.75,5.0,0.8989431150292599,21.85105688497074,True,True
1,10,4,2,2.8000000000000016,1.0,5.0,0.9728242832453589,22.02717571675464,True,True
1,10,4,2,2.9000000000000017,0.0,5.0,0.6459236746234023,21.354076325376596,True,True
1,10,4,2,2.9000000000000017,0.25,5.0,0.7207516551800026,21.529248344819997,True,True
1,10,4,2,2.9000000000000017,0.5,5.0,0.7943259093612163,21.705674090638784,True,True
1,10,4,2,2.9000000000000017,0.75,5.0,0.8666648436290973,21.883335156370904,True,True
1,10,4,2,2.9000000000000017,1.0,5.0,0.9377869351358843,22.062213064864117,True,True
1,10,4,2,3.0000000000000018,0.0,5.0,0.6237450558177464,21.376254944182254,True,True
1,10,4,2,3.0000000000000018,0.25,5.0,0.6959240581919239,21.554075941808076,True,True
1,10,4,2,3.0000000000000018,0.5,5.0,0.7668786454923957,21.733121354507603,True,True
1,10,4,2,3.0000000000000018,0.75,5.0,0.8366276557208945,21.913372344279104,True,True
1,10,4,2,3.0000000000000018,1.0,5.0,0.9051899497914544,22.094810050208544,True,True
1,10,4,3,1.1,0.0,5.0,2.7002964458718104,30.29970355412819,True,True
1,10,4,3,1.1,0.25,5.0,2.922654895470032,30.327345104529968,True,True
1,10,4,3,1.1,0.5,5.0,3.1445615820196906,30.35543841798031,True,True
1,10,4,3,1.1,0.75,5.0,3.3660067833582517,30.38399321664175,True,True
1,10,4,3,1.1,1.0,5.0,3.5869805446688883,30.41301945533111,True,True
1,10,4,3,1.2000000000000002,0.0,5.0,2.455428094811861,30.54457190518814,True,True
1,10,4,3,1.2000000000000002,0.25,5.0,2.655725680981135,30.594274319018865,True,True
1,10,4,3,1.2000000000000002,0.5,5.0,2.855306768409747,30.644693231590253,True,True
1,10,4,3,1.2000000000000002,0.75,5.0,3.054159757815011,30.69584024218499,True,True
1,10,4,3,1.2000000000000002,1.0,5.0,3.2522729151324796,30.74772708486752,True,True
1,10,4,3,1.3000000000000003,0.0,5.0,2.2515182995088647,30.748481700491133,True,True
1,10,4,3,1.3000000000000003,0.25,5.0,2.433783526420294,30.816216473579708,True,True
1,10,4,3,1.3000000000000003,0.5,5.0,2.615175302439395,30.884824697560603,True,True
1,10,4,3,1.3000000000000003,0.75,5.0,2.7956831322844895,30.954316867715512,True,True
1,10,4,3,1.3000000000000003,1.0,5.0,2.9752965203428374,31.024703479657163,True,True
1,10,4,3,1.4000000000000004,0.0,5.0,2.079033121378938,30.920966878621062,True,True
1,10,4,3,1.4000000000000004,0.25,5.0,2.246273774873421,31.003726225126577,True,True
1,10,4,3,1.4000000000000004,0.5,5.0,2.4125490410603323,31.08745095893967,True,True
1,10,4,3,1.4000000000000004,0.75,5.0,2.577850558840158,31.172149441159842,True,True
1,10,4,3,1.4000000000000004,1.0,5.0,2.742170070949987,31.25782992905001,True,True
1,10,4,3,1.5000000000000007,0.0,5.0,1.9311977156665332,31.068802284333465,True,True
1,10,4,3,1.5000000000000007,0.25,5.0,2.0857213039986053,31.164278696001396,True,True
1,10,4,3,1.5000000000000007,0.5,5.0,2.2392281390685476,31.260771860931452,True,True
1,10,4,3,1.5000000000000007,0.75,5.0,2.391712217179414,31.358287782820586,True,True
1,10,4,3,1.5000000000000007,1.0,5.0,2.543167705199039,31.45683229480096,True,True
1,10,4,3,1.6000000000000005,0.0,5.0,1.803061543300931,31.19693845669907,True,True
1,10,4,3,1.6000000000000005,0.25,5.0,1.9466783997624564,31.303321600237545,True,True
1,10,4,3,1.6000000000000005,0.5,5.0,2.0892530886042504,31.410746911395748,True,True
1,10,4,3,1.6000000000000005,0.75,5.0,2.230781857675023,31.519218142324977,True,True
1,10,4,3,1.6000000000000005,1.0,5.0,2.371261161672205,31.628738838327795,True,True
1,10,4,3,1.7000000000000006,0.0,5.0,1.6909209088001766,31.309079091199823,True,True
1,10,4,3,1.7000000000000006,0.25,5.0,1.825078249411943,31.424921750588055,True,True
1,10,4,3,1.7000000000000006,0.5,5.0,1.9581848944205955,31.541815105579403,True,True
1,10,4,3,1.7000000000000006,0.75,5.0,2.0902391155025875,31.659760884497413,True,True
1,10,4,3,1.7000000000000006,1.0,5.0,2.2212394056239493,31.778760594376052,True,True
1,10,4,3,1.8000000000000005,0.0,5.0,1.5919484841244262,31.408051515875574,True,True
1,10,4,3,1.8000000000000005,0.25,5.0,1.7178219191782187,31.53217808082178,True,True
1,10,4,3,1.8000000000000005,0.5,5.0,1.8426472280734334,31.65735277192657,True,True
1,10,4,3,1.8000000000000005,0.75,5.0,1.9664244476542958,31.783575552345702,True,True
1,10,4,3,1.8000000000000005,1.0,5.0,2.08915383576997,31.91084616423003,True,True
1,10,4,3,1.9000000000000008,0.0,5.0,1.5039478879483603,31.49605211205164,True,True
1,10,4,3,1.9000000000000008,0.25,5.0,1.6225056898422459,31.627494310157754,True,True
1,10,4,3,1.9000000000000008,0.5,5.0,1.7400252463482406,31.75997475365176,True,True
1,10,4,3,1.9000000000000008,0.75,5.0,1.8565081088609112,31.89349189113909,True,True
1,10,4,3,1.9000000000000008,1.0,5.0,1.9719560400177851,32.02804395998221,True,True
1,10,4,3,2.000000000000001,0.0,5.0,1.4251865683186633,31.574813431681335,True,True
1,10,4,3,2.000000000000001,0.25,5.0,1.5372359178041215,31.71276408219588,True,True
1,10,4,3,2.000000000000001,0.5,5.0,1.6482616894610427,31.851738310538956,True,True
1,10,4,3,2.000000000000001,0.75,5.0,1.7582667219402186,31.991733278059783,True,True
1,10,4,3,2.000000000000001,1.0,5.0,1.8672540495784435,32.13274595042156,True,True
1,10,4,3,2.100000000000001,0.0,5.0,1.3542792465047349,31.645720753495265,True,True
1,10,4,3,2.100000000000001,0.25,5.0,1.4605002202041426,31.789499779795857,True,True
1,10,4,3,2.100000000000001,0.5,5.0,1.5657153609397838,31.934284639060216,True,True
1,10,4,3,2.100000000000001,0.75,5.0,1.6699285950847482,32.08007140491525,True,True
1,10,4,3,2.100000000000001,1.0,5.0,1.7731440258619742,32.226855974138026,True,True
1,10,4,3,2.200000000000001,0.0,5.0,1.2901048954665981,31.709895104533402,True,True
1,10,4,3,2.200000000000001,0.25,5.0,1.391075909936463,31.85892409006354,True,True
1,10,4,3,2.200000000000001,0.5,5.0,1.4910607422164723,32.008939257783524,True,True
1,10,4,3,2.200000000000001,0.75,5.0,1.5900642342325693,32.15993576576743,True,True
1,10,4,3,2.200000000000001,1.0,5.0,1.6880913843327328,32.311908615667264,True,True
1,10,4,3,2.300000000000001,0.0,5.0,1.2317464909246638,31.768253509075336,True,True
1,10,4,3,2.300000000000001,0.25,5.0,1.3279636644161066,31.922036335583893,True,True
1,10,4,3,2.300000000000001,0.5,5.0,1.4232154028655906,32.076784597134406,True,True
1,10,4,3,2.300000000000001,0.75,5.0,1.5175073165656645,32.23249268343434,True,True
1,10,4,3,2.300000000000001,1.0,5.0,1.6108451513242041,32.389154848675794,True,True
1,10,4,3,2.4000000000000012,0.0,5.0,1.1784465539554372,31.82155344604456,True,True
1,10,4,3,2.4000000000000012,0.25,5.0,1.2703386556394545,31.979661344360544,True,True
1,10,4,3,2.4000000000000012,0.5,5.0,1.3612866034876063,32.138713396512394,True,True
1,10,4,3,2.4000000000000012,0.75,5.0,1.451296650933667,32.29870334906633,True,True
1,10,4,3,2.4000000000000012,1.0,5.0,1.5403751662596932,32.45962483374031,True,True
1,10,4,3,2.5000000000000013,0.0,5.0,1.1295738510606022,31.870426148939398,True,True
1,10,4,3,2.5000000000000013,0.25,5.0,1.2175139948140785,32.03248600518592,True,True
1,10,4,3,2.5000000000000013,0.5,5.0,1.304531408856512,32.19546859114349,True,True
1,10,4,3,2.5000000000000013,0.75,5.0,1.3906328834530655,32.359367116546935,True,True
1,10,4,3,2.5000000000000013,1.0,5.0,1.4758253037399758,32.524174696260026,True,True
1,10,4,3,2.6000000000000014,0.0,5.0,1.0845981114790462,31.915401888520954,True,True
1,10,4,3,2.6000000000000014,0.25,5.0,1.1689130113731565,32.08108698862684,True,True
1,10,4,3,2.6000000000000014,0.5,5.0,1.2523264773261964,32.24767352267381,True,True
1,10,4,3,2.6000000000000014,0.75,5.0,1.334845746236324,32.415154253763674,True,True
1,10,4,3,2.6000000000000014,1.0,5.0,1.4164781308539283,32.58352186914607,True,True
1,10,4,3,2.700000000000002,0.0,5.0,1.0430705938512261,31.956929406148774,True,True
1,10,4,3,2.700000000000002,0.25,5.0,1.1240479683056588,32.12595203169434,True,True
1,10,4,3,2.700000000000002,0.5,5.0,1.2041448896784335,32.29585511032157,True,True
1,10,4,3,2.700000000000002,0.75,5.0,1.2833689649436177,32.46663103505638,True,True
1,10,4,3,2.700000000000002,1.0,5.0,1.361727859013465,32.63827214098654,True,True
1,10,4,3,2.8000000000000016,0.0,5.0,1.0046089801792064,31.995391019820794,True,True
1,10,4,3,2.8000000000000016,0.25,5.0,1.082503532940036,32.16749646705996,True,True
1,10,4,3,2.8000000000000016,0.5,5.0,1.1595381723311338,32.34046182766887,True,True
1,10,4,3,2.8000000000000016,0.75,5.0,1.2357208103624995,32.5142791896375,True,True
1,10,4,3,2.8000000000000016,1.0,5.0,1.3110594002381042,32.68894059976189,True,True
1,10,4,3,2.9000000000000017,0.0,5.0,0.9688855119351043,32.031114488064894,True,True
1,10,4,3,2.9000000000000017,0.25,5.0,1.0439238065906498,32.20607619340935,True,True
1,10,4,3,2.9000000000000017,0.5,5.0,1.1181222033859317,32.38187779661407,True,True
1,10,4,3,2.9000000000000017,0.75,5.0,1.1914888640418226,32.55851113595818,True,True
1,10,4,3,2.9000000000000017,1.0,5.0,1.2640319759103331,32.735968024089665,True,True
1,10,4,3,3.0000000000000018,0.0,5.0,0.9356175837266196,32.06438241627338,True,True
1,10,4,3,3.0000000000000018,0.25,5.0,1.0080020490492476,32.241997950950754,True,True
1,10,4,3,3.0000000000000018,0.5,5.0,1.0795660557851807,32.42043394421482,True,True
1,10,4,3,3.0000000000000018,0.75,5.0,1.1503179682385944,32.599682031761404,True,True
1,10,4,3,3.0000000000000018,1.0,5.0,1.2202661619404989,32.7797338380595,True,True
1,10,5,1,1.1,0.0,4.0,0.9000988152906038,10.099901184709395,True,True
1,10,5,1,1.1,0.25,4.0,1.1220022611194178,10.127997738880582,True,True
1,10,5,1,1.1,0.5,4.0,1.3424909116785289,10.157509088321472,True,True
1,10,5,1,1.1,0.75,4.0,1.5614708079219985,10.188529192078,True,True
1,10,5,1,1.1,1.0,4.0,1.7788411759113094,10.22115882408869,True,True
1,10,5,1,1.2000000000000002,0.0,4.0,0.8184760316039537,10.181523968396046,True,True
1,10,5,1,1.2000000000000002,0.25,4.0,1.0180532526050037,10.231946747394996,True,True
1,10,5,1,1.2000000000000002,0.5,4.0,1.2154107131957366,10.284589286804263,True,True
1,10,5,1,1.2000000000000002,0.75,4.0,1.4104404845867862,10.339559515413214,True,True
1,10,5,1,1.2000000000000002,1.0,4.0,1.6030313472423598,10.39696865275764,True,True
1,10,5,1,1.3000000000000003,0.0,4.0,0.7505060998362882,10.249493900163712,True,True
1,10,5,1,1.3000000000000003,0.25,4.0,0.9318943774281632,10.318105622571837,True,True
1,10,5,1,1.3000000000000003,0.5,4.0,1.1105993424216463,10.389400657578353,True,True
1,10,5,1,1.3000000000000003,0.75,4.0,1.2865267747908193,10.463473225209182,True,True
1,10,5,1,1.3000000000000003,1.0,4.0,1.4595832112696288,10.540416788730372,True,True
1,10,5,1,1.4000000000000004,0.0,4.0,0.6930110404596457,10.306988959540355,True,True
1,10,5,1,1.4000000000000004,0.25,4.0,0.8592835196133866,10.390716480386613,True,True
1,10,5,1,1.4000000000000004,0.5,4.0,1.022610203747285,10.477389796252716,True,True
1,10,5,1,1.4000000000000004,0.75,4.0,1.1829189052191351,10.567081094780864,True,True
1,10,5,1,1.4000000000000004,1.0,4.0,1.3401410199142596,10.65985898008574,True,True
1,10,5,1,1.5000000000000007,0.0,4.0,0.6437325718888447,10.356267428111156,True,True
1,10,5,1,1.5000000000000007,0.25,4.0,0.7972374057264711,10.45276259427353,True,True
1,10,5,1,1.5000000000000007,0.5,4.0,0.9476568219253627,10.552343178074636,True,True
1,10,5,1,1.5000000000000007,0.75,4.0,1.0949415972884458,10.655058402711553,True,True
1,10,5,1,1.5000000000000007,1.0,4.0,1.2390477143047658,10.760952285695234,True,True
1,10,5,1,1.6000000000000005,0.0,4.0,0.6010205144336442,10.398979485566356,True,True
1,10,5,1,1.6000000000000005,0.25,4.0,0.7435939525583413,10.506406047441658,True,True
1,10,5,1,1.6000000000000005,0.5,4.0,0.8830194165170537,10.616980583482945,True,True
1,10,5,1,1.6000000000000005,0.75,4.0,1.0192688501112412,10.730731149888758,True,True
1,10,5,1,1.6000000000000005,1.0,4.0,1.1523201425836707,10.84767985741633,True,True
1,10,5,1,1.7000000000000006,0.0,4.0,0.5636403029333925,10.436359697066607,True,True
1,10,5,1,1.7000000000000006,0.25,4.0,0.6967463718341955,10.553253628165805,True,True
1,10,5,1,1.7000000000000006,0.5,4.0,0.8266910935596075,10.673308906440393,True,True
1,10,5,1,1.7000000000000006,0.75,4.0,0.9534649393770263,10.796535060622974,True,True
1,10,5,1,1.7000000000000006,1.0,4.0,1.0770644816687813,10.922935518331219,True,True
1,10,5,1,1.8000000000000005,0.0,4.0,0.5306494947081415,10.469350505291859,True,True
1,10,5,1,1.8000000000000005,0.25,4.0,0.655474815884765,10.594525184115234,True,True
1,10,5,1,1.8000000000000005,0.5,4.0,0.7771570840547684,10.722842915945233,True,True
1,10,5,1,1.8000000000000005,0.75,4.0,0.8957025819120039,10.854297418087995,True,True
1,10,5,1,1.8000000000000005,1.0,4.0,1.011123484301411,10.988876515698589,True,True
1,10,5,1,1.9000000000000008,0.0,4.0,0.5013159626494534,10.498684037350547,True,True
1,10,5,1,1.9000000000000008,0.25,4.0,0.6188360362869707,10.631163963713028,True,True
1,10,5,1,1.9000000000000008,0.5,4.0,0.73325173464975,10.76674826535025,True,True
1,10,5,1,1.9000000000000008,0.75,4.0,0.844582653078322,10.905417346921677,True,True
1,10,5,1,1.9000000000000008,1.0,4.0,0.9528538548476408,11.04714614515236,True,True
1,10,5,1,2.000000000000001,0.0,4.0,0.475062189439555,10.524937810560445,True,True
1,10,5,1,2.000000000000001,0.25,4.0,0.5860889073134068,10.663911092686593,True,True
1,10,5,1,2.000000000000001,0.5,4.0,0.6940628959608288,10.80593710403917,True,True
1,10,5,1,2.000000000000001,0.75,4.0,0.7990148739382619,10.950985126061738,True,True
1,10,5,1,2.000000000000001,1.0,4.0,0.9009804864072146,11.099019513592786,True,True
1,10,5,1,2.100000000000001,0.0,4.0,0.4514264155015786,10.54857358449842,True,True
1,10,5,1,2.100000000000001,0.25,4.0,0.5566428650282491,10.693357134971752,True,True
1,10,5,1,2.100000000000001,0.5,4.0,0.658866250318809,10.841133749681191,True,True
1,10,5,1,2.100000000000001,0.75,4.0,0.7581365401579578,10.991863459842042,True,True
1,10,5,1,2.100000000000001,1.0,4.0,0.8544980345752,11.145501965424799,True,True
1,10,5,1,2.200000000000001,0.0,4.0,0.4300349651555333,10.569965034844467,True,True
1,10,5,1,2.200000000000001,0.25,4.0,0.5300214114108561,10.719978588589143,True,True
1,10,5,1,2.200000000000001,0.5,4.0,0.6270791357060581,10.872920864293942,True,True
1,10,5,1,2.200000000000001,0.75,4.0,0.7212557741526844,11.028744225847316,True,True
1,10,5,1,2.200000000000001,1.0,4.0,0.8126026844774161,11.187397315522585,True,True
1,10,5,1,2.300000000000001,0.0,4.0,0.4105821636415543,10.589417836358447,True,True
1,10,5,1,2.300000000000001,0.25,4.0,0.5058357721885542,10.744164227811446,True,True
1,10,5,1,2.300000000000001,0.5,4.0,0.5982274050997534,10.901772594900248,True,True
1,10,5,1,2.300000000000001,0.75,4.0,0.6878110360402241,11.062188963959777,True,True
1,10,5,1,2.300000000000001,1.0,4.0,0.7746437608439596,11.22535623915604,True,True
1,10,5,1,2.4000000000000012,0.0,4.0,0.392815517985146,10.607184482014855,True,True
1,10,5,1,2.4000000000000012,0.25,4.0,0.48376555031122237,10.766234449688778,True,True
1,10,5,1,2.4000000000000012,0.5,4.0,0.571921205698005,10.928078794301996,True,True
1,10,5,1,2.4000000000000012,0.75,4.0,0.6573416810475852,11.092658318952415,True,True
1,10,5,1,2.4000000000000012,1.0,4.0,0.740088720646833,11.259911279353167,True,True
1,10,5,1,2.5000000000000013,0.0,4.0,0.3765246170202001,10.6234753829798,True,True
1,10,5,1,2.5000000000000013,0.25,4.0,0.46354429448435486,10.786455705515646,True,True
1,10,5,1,2.5000000000000013,0.5,4.0,0.5478369883287968,10.952163011671203,True,True
1,10,5,1,2.5000000000000013,0.75,4.0,0.6294661854106778,11.120533814589322,True,True
1,10,5,1,2.5000000000000013,1.0,4.0,0.7084973778708186,11.291502622129181,True,True
1,10,5,1,2.6000000000000014,0.0,4.0,0.3615327038263487,10.638467296173651,True,True
1,10,5,1,2.6000000000000014,0.25,4.0,0.44494858207877463,10.805051417921225,True,True
1,10,5,1,2.6000000000000014,0.5,4.0,0.5257039487822635,10.974296051217737,True,True
1,10,5,1,2.6000000000000014,0.75,4.0,0.6038657985941231,11.146134201405877,True,True
1,10,5,1,2.6000000000000014,1.0,4.0,0.6795026259105894,11.32049737408941,True,True
1,10,5,1,2.700000000000002,0.0,4.0,0.347690197950409,10.65230980204959,True,True
1,10,5,1,2.700000000000002,0.25,4.0,0.4277896549812059,10.822210345018794,True,True
1,10,5,1,2.700000000000002,0.5,4.0,0.5052936741468113,10.994706325853189,True,True
1,10,5,1,2.700000000000002,0.75,4.0,0.5802721015600314,11.16972789843997,True,True
1,10,5,1,2.700000000000002,1.0,4.0,0.6527958153262379,11.347204184673762,True,True
1,10,5,1,2.8000000000000016,0.0,4.0,0.33486966005973606,10.665130339940264,True,True
1,10,5,1,2.8000000000000016,0.25,4.0,0.4119069367875001,10.8380930632125,True,True
1,10,5,1,2.8000000000000016,0.5,4.0,0.48641214162267943,11.01358785837732,True,True
1,10,5,1,2.8000000000000016,0.75,4.0,0.5584574204658148,11.191542579534186,True,True
1,10,5,1,2.8000000000000016,1.0,4.0,0.6281155208676665,11.371884479132333,True,True
1,10,5,1,2.9000000000000017,0.0,4.0,0.32296183731170114,10.677038162688298,True,True
1,10,5,1,2.9000000000000017,0.25,4.0,0.39716295468060814,10.852837045319392,True,True
1,10,5,1,2.9000000000000017,0.5,4.0,0.46889346756794215,11.031106532432059,True,True
1,10,5,1,2.9000000000000017,0.75,4.0,0.5382273571587,11.2117726428413,True,True
1,10,5,1,2.9000000000000017,1.0,4.0,0.6052388119711853,11.394761188028815,True,True
1,10,5,1,3.0000000000000018,0.0,4.0,0.3118725279088732,10.688127472091127,True,True
1,10,5,1,3.0000000000000018,0.25,4.0,0.38343932274619785,10.866560677253801,True,True
1,10,5,1,3.0000000000000018,0.5,4.0,0.4525949748957272,11.047405025104272,True,True
1,10,5,1,3.0000000000000018,0.75,4.0,0.5194149090256559,11.230585090974344,True,True
1,10,5,1,3.0000000000000018,1.0,4.0,0.5839743969093592,11.416025603090642,True,True
1,10,5,2,1.1,0.0,4.0,1.8001976305812075,20.19980236941879,True,True
1,10,5,2,1.1,0.25,4.0,2.0224435409106576,20.227556459089342,True,True
1,10,5,2,1.1,0.5,4.0,2.2440045222388356,20.255995477761164,True,True
1,10,5,2,1.1,0.75,4.0,2.4648583064016325,20.28514169359837,True,True
1,10,5,2,1.1,1.0,4.0,2.6849818233570577,20.315018176642944,True,True
1,10,5,2,1.2000000000000002,0.0,4.0,1.6369520632079073,20.363047936792093,True,True
1,10,5,2,1.2000000000000002,0.25,4.0,1.8370710058700386,20.412928994129963,True,True
1,10,5,2,1.2000000000000002,0.5,4.0,2.0361065052100074,20.463893494789993,True,True
1,10,5,2,1.2000000000000002,0.75,4.0,2.2340322357713855,20.515967764228613,True,True
1,10,5,2,1.2000000000000002,1.0,4.0,2.430821426391473,20.569178573608525,True,True
1,10,5,2,1.3000000000000003,0.0,4.0,1.5010121996725765,20.498987800327424,True,True
1,10,5,2,1.3000000000000003,0.25,4.0,1.6830595011080813,20.566940498891917,True,True
1,10,5,2,1.3000000000000003,0.5,4.0,1.8637887548563263,20.636211245143674,True,True
1,10,5,2,1.3000000000000003,0.75,4.0,2.043176346913338,20.706823653086662,True,True
1,10,5,2,1.3000000000000003,1.0,4.0,2.2211986848432925,20.778801315156706,True,True
1,10,5,2,1.4000000000000004,0.0,4.0,1.3860220809192914,20.61397791908071,True,True
1,10,5,2,1.4000000000000004,0.25,4.0,1.553021737532891,20.69697826246711,True,True
1,10,5,2,1.4000000000000004,0.5,4.0,1.7185670392267731,20.781432960773227,True,True
1,10,5,2,1.4000000000000004,0.75,4.0,1.8826393497567881,20.867360650243214,True,True
1,10,5,2,1.4000000000000004,1.0,4.0,2.04522040749457,20.95477959250543,True,True
1,10,5,2,1.5000000000000007,0.0,4.0,1.2874651437776894,20.712534856222312,True,True
1,10,5,2,1.5000000000000007,0.25,4.0,1.441734796567843,20.808265203432157,True,True
1,10,5,2,1.5000000000000007,0.5,4.0,1.5944748114529421,20.90552518854706,True,True
1,10,5,2,1.5000000000000007,0.75,4.0,1.745671968754344,21.004328031245656,True,True
1,10,5,2,1.5000000000000007,1.0,4.0,1.8953136438507254,21.104686356149273,True,True
1,10,5,2,1.6000000000000005,0.0,4.0,1.2020410288672885,20.79795897113271,True,True
1,10,5,2,1.6000000000000005,0.25,4.0,1.3453975029656746,20.904602497034325,True,True
1,10,5,2,1.6000000000000005,0.5,4.0,1.4871879051166825,21.012812094883316,True,True
1,10,5,2,1.6000000000000005,0.75,4.0,1.6274041425590493,21.12259585744095,True,True
1,10,5,2,1.6000000000000005,1.0,4.0,1.7660388330341075,21.23396116696589,True,True
1,10,5,2,1.7000000000000006,0.0,4.0,1.127280605866785,20.872719394133213,True,True
1,10,5,2,1.7000000000000006,0.25,4.0,1.2611753480353336,20.988824651964666,True,True
1,10,5,2,1.7000000000000006,0.5,4.0,1.393492743668391,21.10650725633161,True,True
1,10,5,2,1.7000000000000006,0.75,4.0,1.5242292776895159,21.225770722310486,True,True
1,10,5,2,1.7000000000000006,1.0,4.0,1.653382187119215,21.346617812880787,True,True
1,10,5,2,1.8000000000000005,0.0,4.0,1.061298989416283,20.938701010583717,True,True
1,10,5,2,1.8000000000000005,0.25,4.0,1.1869103948495212,21.06308960515048,True,True
1,10,5,2,1.8000000000000005,0.5,4.0,1.31094963176953,21.18905036823047,True,True
1,10,5,2,1.8000000000000005,0.75,4.0,1.4334171559834363,21.316582844016565,True,True
1,10,5,2,1.8000000000000005,1.0,4.0,1.5543141681095367,21.445685831890465,True,True
1,10,5,2,1.9000000000000008,0.0,4.0,1.0026319252989069,20.997368074701093,True,True
1,10,5,2,1.9000000000000008,0.25,4.0,1.1209301045182514,21.12906989548175,True,True
1,10,5,2,1.9000000000000008,0.5,4.0,1.2376720725739414,21.262327927426057,True,True
1,10,5,2,1.9000000000000008,0.75,4.0,1.352861676321396,21.397138323678604,True,True
1,10,5,2,1.9000000000000008,1.0,4.0,1.4665034692995,21.5334965307005,True,True
1,10,5,2,2.000000000000001,0.0,4.0,0.95012437887911,21.04987562112089,True,True
1,10,5,2,2.000000000000001,0.25,4.0,1.0619177187106335,21.18808228128937,True,True
1,10,5,2,2.000000000000001,0.5,4.0,1.1721778146268136,21.327822185373186,True,True
1,10,5,2,2.000000000000001,0.75,4.0,1.2809113833887906,21.46908861661121,True,True
1,10,5,2,2.000000000000001,1.0,4.0,1.3881257919216576,21.61187420807834,True,True
1,10,5,2,2.100000000000001,0.0,4.0,0.9028528310031572,21.09714716899684,True,True
1,10,5,2,2.100000000000001,0.25,4.0,1.008822185655859,21.24117781434414,True,True
1,10,5,2,2.100000000000001,0.5,4.0,1.1132857300564982,21.386714269943504,True,True
1,10,5,2,2.100000000000001,0.75,4.0,1.216252596430806,21.533747403569194,True,True
1,10,5,2,2.100000000000001,1.0,4.0,1.317732500637618,21.682267499362382,True,True
1,10,5,2,2.200000000000001,0.0,4.0,0.8600699303110666,21.139930069688933,True,True
1,10,5,2,2.200000000000001,0.25,4.0,0.9607941999655196,21.28920580003448,True,True
1,10,5,2,2.200000000000001,0.5,4.0,1.0600428228217122,21.439957177178286,True,True
1,10,5,2,2.200000000000001,0.75,4.0,1.1578269565402763,21.592173043459724,True,True
1,10,5,2,2.200000000000001,1.0,4.0,1.2541582714121162,21.745841728587884,True,True
1,10,5,2,2.300000000000001,0.0,4.0,0.8211643272831086,21.178835672716893,True,True
1,10,5,2,2.300000000000001,0.25,4.0,0.9171399104074869,21.332860089592515,True,True
1,10,5,2,2.300000000000001,0.5,4.0,1.0116715443771085,21.48832845562289,True,True
1,10,5,2,2.300000000000001,0.75,4.0,1.1047720803411991,21.6452279196588,True,True
1,10,5,2,2.300000000000001,1.0,4.0,1.1964548101995067,21.803545189800495,True,True
1,10,5,2,2.4000000000000012,0.0,4.0,0.785631035970292,21.21436896402971,True,True
1,10,5,2,2.4000000000000012,0.25,4.0,0.8772868404702105,21.372713159529788,True,True
1,10,5,2,2.4000000000000012,0.5,4.0,0.9675311006224447,21.532468899377555,True,True
1,10,5,2,2.4000000000000012,0.75,4.0,1.0563780797369393,21.693621920263062,True,True
1,10,5,2,2.4000000000000012,1.0,4.0,1.14384241139601,21.856157588603992,True,True
1,10,5,2,2.5000000000000013,0.0,4.0,0.7530492340404003,21.2469507659596,True,True
1,10,5,2,2.5000000000000013,0.25,4.0,0.8407584139616784,21.40924158603832,True,True
1,10,5,2,2.5000000000000013,0.5,4.0,0.9270885889687097,21.572911411031292,True,True
1,10,5,2,2.5000000000000013,0.75,4.0,1.0120551965187037,21.737944803481298,True,True
1,10,5,2,2.5000000000000013,1.0,4.0,1.0956739766575936,21.904326023342406,True,True
1,10,5,2,2.6000000000000014,0.0,4.0,0.7230654076526974,21.276934592347303,True,True
1,10,5,2,2.6000000000000014,0.25,4.0,0.8071546487501706,21.44284535124983,True,True
1,10,5,2,2.6000000000000014,0.5,4.0,0.8898971641575493,21.61010283584245,True,True
1,10,5,2,2.6000000000000014,0.75,4.0,0.9713093641653376,21.778690635834664,True,True
1,10,5,2,2.6000000000000014,1.0,4.0,1.051407897564527,21.948592102435473,True,True
1,10,5,2,2.700000000000002,0.0,4.0,0.695380395900818,21.30461960409918,True,True
1,10,5,2,2.700000000000002,0.25,4.0,0.7761373410730137,21.473862658926986,True,True
1,10,5,2,2.700000000000002,0.5,4.0,0.8555793099624118,21.644420690037588,True,True
1,10,5,2,2.700000000000002,0.75,4.0,0.9337235153153021,21.8162764846847,True,True
1,10,5,2,2.700000000000002,1.0,4.0,1.0105873482936225,21.989412651706377,True,True
1,10,5,2,2.8000000000000016,0.0,4.0,0.6697393201194721,21.330260679880528,True,True
1,10,5,2,2.8000000000000016,0.25,4.0,0.7474185655533674,21.502581434446633,True,True
1,10,5,2,2.8000000000000016,0.5,4.0,0.8238138735750002,21.676186126425,True,True
1,10,5,2,2.8000000000000016,0.75,4.0,0.8989431150292599,21.85105688497074,True,True
1,10,5,2,2.8000000000000016,1.0,4.0,0.9728242832453589,22.02717571675464,True,True
1,10,5,2,2.9000000000000017,0.0,4.0,0.6459236746234023,21.354076325376596,True,True
1,10,5,2,2.9000000000000017,0.25,4.0,0.7207516551800026,21.529248344819997,True,True
1,10,5,2,2.9000000000000017,0.5,4.0,0.7943259093612163,21.705674090638784,True,True
1,10,5,2,2.9000000000000017,0.75,4.0,0.8666648436290973,21.883335156370904,True,True
1,10,5,2,2.9000000000000017,1.0,4.0,0.9377869351358843,22.062213064864117,True,True
1,10,5,2,3.0000000000000018,0.0,4.0,0.6237450558177464,21.376254944182254,True,True
1,10,5,2,3.0000000000000018,0.25,4.0,0.6959240581919239,21.554075941808076,True,True
1,10,5,2,3.0000000000000018,0.5,4.0,0.7668786454923957,21.733121354507603,True,True
1,10,5,2,3.0000000000000018,0.75,4.0,0.8366276557208945,21.913372344279104,True,True
1,10,5,2,3.0000000000000018,1.0,4.0,0.9051899497914544,22.094810050208544,True,True
1,10,5,3,1.1,0.0,4.0,2.7002964458718104,30.29970355412819,True,True
1,10,5,3,1.1,0.25,4.0,2.922654895470032,30.327345104529968,True,True
1,10,5,3,1.1,0.5,4.0,3.1445615820196906,30.35543841798031,True,True
1,10,5,3,1.1,0.75,4.0,3.3660067833582517,30.38399321664175,True,True
1,10,5,3,1.1,1.0,4.0,3.5869805446688883,30.41301945533111,True,True
1,10,5,3,1.2000000000000002,0.0,4.0,2.455428094811861,30.54457190518814,True,True
1,10,5,3,1.2000000000000002,0.25,4.0,2.655725680981135,30.594274319018865,True,True
1,10,5,3,1.2000000000000002,0.5,4.0,2.855306768409747,30.644693231590253,True,True
1,10,5,3,1.2000000000000002,0.75,4.0,3.054159757815011,30.69584024218499,True,True
1,10,5,3,1.2000000000000002,1.0,4.0,3.2522729151324796,30.74772708486752,True,True
1,10,5,3,1.3000000000000003,0.0,4.0,2.2515182995088647,30.748481700491133,True,True
1,10,5,3,1.3000000000000003,0.25,4.0,2.433783526420294,30.816216473579708,True,True
1,10,5,3,1.3000000000000003,0.5,4.0,2.615175302439395,30.884824697560603,True,True
1,10,5,3,1.3000000000000003,0.75,4.0,2.7956831322844895,30.954316867715512,True,True
1,10,5,3,1.3000000000000003,1.0,4.0,2.9752965203428374,31.024703479657163,True,True
1,10,5,3,1.4000000000000004,0.0,4.0,2.079033121378938,30.920966878621062,True,True
1,10,5,3,1.4000000000000004,0.25,4.0,2.246273774873421,31.003726225126577,True,True
1,10,5,3,1.4000000000000004,0.5,4.0,2.4125490410603323,31.08745095893967,True,True
1,10,5,3,1.4000000000000004,0.75,4.0,2.577850558840158,31.172149441159842,True,True
1,10,5,3,1.4000000000000004,1.0,4.0,2.742170070949987,31.25782992905001,True,True
1,10,5,3,1.5000000000000007,0.0,4.0,1.9311977156665332,31.068802284333465,True,True
1,10,5,3,1.5000000000000007,0.25,4.0,2.0857213039986053,31.164278696001396,True,True
1,10,5,3,1.5000000000000007,0.5,4.0,2.2392281390685476,31.260771860931452,True,True
1,10,5,3,1.5000000000000007,0.75,4.0,2.391712217179414,31.358287782820586,True,True
1,10,5,3,1.5000000000000007,1.0,4.0,2.543167705199039,31.45683229480096,True,True
1,10,5,3,1.6000000000000005,0.0,4.0,1.803061543300931,31.19693845669907,True,True
1,10,5,3,1.6000000000000005,0.25,4.0,1.9466783997624564,31.303321600237545,True,True
1,10,5,3,1.6000000000000005,0.5,4.0,2.0892530886042504,31.410746911395748,True,True
1,10,5,3,1.6000000000000005,0.75,4.0,2.230781857675023,31.519218142324977,True,True
1,10,5,3,1.6000000000000005,1.0,4.0,2.371261161672205,31.628738838327795,True,True
1,10,5,3,1.7000000000000006,0.0,4.0,1.6909209088001766,31.309079091199823,True,True
1,10,5,3,1.7000000000000006,0.25,4.0,1.825078249411943,31.424921750588055,True,True
1,10,5,3,1.7000000000000006,0.5,4.0,1.9581848944205955,31.541815105579403,True,True
1,10,5,3,1.7000000000000006,0.75,4.0,2.0902391155025875,31.659760884497413,True,True
1,10,5,3,1.7000000000000006,1.0,4.0,2.2212394056239493,31.778760594376052,True,True
1,10,5,3,1.8000000000000005,0.0,4.0,1.5919484841244262,31.408051515875574,True,True
1,10,5,3,1.8000000000000005,0.25,4.0,1.7178219191782187,31.53217808082178,True,True
1,10,5,3,1.8000000000000005,0.5,4.0,1.8426472280734334,31.65735277192657,True,True
1,10,5,3,1.8000000000000005,0.75,4.0,1.9664244476542958,31.783575552345702,True,True
1,10,5,3,1.8000000000000005,1.0,4.0,2.08915383576997,31.91084616423003,True,True
1,10,5,3,1.9000000000000008,0.0,4.0,1.5039478879483603,31.49605211205164,True,True
1,10,5,3,1.9000000000000008,0.25,4.0,1.6225056898422459,31.627494310157754,True,True
1,10,5,3,1.9000000000000008,0.5,4.0,1.7400252463482406,31.75997475365176,True,True
1,10,5,3,1.9000000000000008,0.75,4.0,1.8565081088609112,31.89349189113909,True,True
1,10,5,3,1.9000000000000008,1.0,4.0,1.9719560400177851,32.02804395998221,True,True
1,10,5,3,2.000000000000001,0.0,4.0,1.4251865683186633,31.574813431681335,True,True
1,10,5,3,2.000000000000001,0.25,4.0,1.5372359178041215,31.71276408219588,True,True
1,10,5,3,2.000000000000001,0.5,4.0,1.6482616894610427,31.851738310538956,True,True
1,10,5,3,2.000000000000001,0.75,4.0,1.7582667219402186,31.991733278059783,True,True
1,10,5,3,2.000000000000001,1.0,4.0,1.8672540495784435,32.13274595042156,True,True
1,10,5,3,2.100000000000001,0.0,4.0,1.3542792465047349,31.645720753495265,True,True
1,10,5,3,2.100000000000001,0.25,4.0,1.4605002202041426,31.789499779795857,True,True
1,10,5,3,2.100000000000001,0.5,4.0,1.5657153609397838,31.934284639060216,True,True
1,10,5,3,2.100000000000001,0.75,4.0,1.6699285950847482,32.08007140491525,True,True
1,10,5,3,2.100000000000001,1.0,4.0,1.7731440258619742,32.226855974138026,True,True
1,10,5,3,2.200000000000001,0.0,4.0,1.2901048954665981,31.709895104533402,True,True
1,10,5,3,2.200000000000001,0.25,4.0,1.391075909936463,31.85892409006354,True,True
1,10,5,3,2.200000000000001,0.5,4.0,1.4910607422164723,32.008939257783524,True,True
1,10,5,3,2.200000000000001,0.75,4.0,1.5900642342325693,32.15993576576743,True,True
1,10,5,3,2.200000000000001,1.0,4.0,1.6880913843327328,32.311908615667264,True,True
1,10,5,3,2.300000000000001,0.0,4.0,1.2317464909246638,31.768253509075336,True,True
1,10,5,3,2.300000000000001,0.25,4.0,1.3279636644161066,31.922036335583893,True,True
1,10,5,3,2.300000000000001,0.5,4.0,1.4232154028655906,32.076784597134406,True,True
1,10,5,3,2.300000000000001,0.75,4.0,1.5175073165656645,32.23249268343434,True,True
1,10,5,3,2.300000000000001,1.0,4.0,1.6108451513242041,32.389154848675794,True,True
1,10,5,3,2.4000000000000012,0.0,4.0,1.1784465539554372,31.82155344604456,True,True
1,10,5,3,2.4000000000000012,0.25,4.0,1.2703386556394545,31.979661344360544,True,True
1,10,5,3,2.4000000000000012,0.5,4.0,1.3612866034876063,32.138713396512394,True,True
1,10,5,3,2.4000000000000012,0.75,4.0,1.451296650933667,32.29870334906633,True,True
1,10,5,3,2.4000000000000012,1.0,4.0,1.5403751662596932,32.45962483374031,True,True
1,10,5,3,2.5000000000000013,0.0,4.0,1.1295738510606022,31.870426148939398,True,True
1,10,5,3,2.5000000000000013,0.25,4.0,1.2175139948140785,32.03248600518592,True,True
1,10,5,3,2.5000000000000013,0.5,4.0,1.304531408856512,32.19546859114349,True,True
1,10,5,3,2.5000000000000013,0.75,4.0,1.3906328834530655,32.359367116546935,True,True
1,10,5,3,2.5000000000000013,1.0,4.0,1.4758253037399758,32.524174696260026,True,True
1,10,5,3,2.6000000000000014,0.0,4.0,1.0845981114790462,31.915401888520954,True,True
1,10,5,3,2.6000000000000014,0.25,4.0,1.1689130113731565,32.08108698862684,True,True
1,10,5,3,2.6000000000000014,0.5,4.0,1.2523264773261964,32.24767352267381,True,True
1,10,5,3,2.6000000000000014,0.75,4.0,1.334845746236324,32.415154253763674,True,True
1,10,5,3,2.6000000000000014,1.0,4.0,1.4164781308539283,32.58352186914607,True,True
1,10,5,3,2.700000000000002,0.0,4.0,1.0430705938512261,31.956929406148774,True,True
1,10,5,3,2.700000000000002,0.25,4.0,1.1240479683056588,32.12595203169434,True,True
1,10,5,3,2.700000000000002,0.5,4.0,1.2041448896784335,32.29585511032157,True,True
1,10,5,3,2.700000000000002,0.75,4.0,1.2833689649436177,32.46663103505638,True,True
1,10,5,3,2.700000000000002,1.0,4.0,1.361727859013465,32.63827214098654,True,True
1,10,5,3,2.8000000000000016,0.0,4.0,1.0046089801792064,31.995391019820794,True,True
1,10,5,3,2.8000000000000016,0.25,4.0,1.082503532940036,32.16749646705996,True,True
1,10,5,3,2.8000000000000016,0.5,4.0,1.1595381723311338,32.34046182766887,True,True
1,10,5,3,2.8000000000000016,0.75,4.0,1.2357208103624995,32.5142791896375,True,True
1,10,5,3,2.8000000000000016,1.0,4.0,1.3110594002381042,32.68894059976189,True,True
1,10,5,3,2.9000000000000017,0.0,4.0,0.9688855119351043,32.031114488064894,True,True
1,10,5,3,2.9000000000000017,0.25,4.0,1.0439238065906498,32.20607619340935,True,True
1,10,5,3,2.9000000000000017,0.5,4.0,1.1181222033859317,32.38187779661407,True,True
1,10,5,3,2.9000000000000017,0.75,4.0,1.1914888640418226,32.55851113595818,True,True
1,10,5,3,2.9000000000000017,1.0,4.0,1.2640319759103331,32.735968024089665,True,True
1,10,5,3,3.0000000000000018,0.0,4.0,0.9356175837266196,32.06438241627338,True,True
1,10,5,3,3.0000000000000018,0.25,4.0,1.0080020490492476,32.241997950950754,True,True
1,10,5,3,3.0000000000000018,0.5,4.0,1.0795660557851807,32.42043394421482,True,True
1,10,5,3,3.0000000000000018,0.75,4.0,1.1503179682385944,32.599682031761404,True,True
1,10,5,3,3.0000000000000018,1.0,4.0,1.2202661619404989,32.7797338380595,True,True
1,10,6,1,1.1,0.0,3.0,0.9000988152906038,10.099901184709395,True,True
1,10,6,1,1.1,0.25,3.0,1.1220022611194178,10.127997738880582,True,True
1,10,6,1,1.1,0.5,3.0,1.3424909116785289,10.157509088321472,True,True
1,10,6,1,1.1,0.75,3.0,1.5614708079219985,10.188529192078,True,True
1,10,6,1,1.1,1.0,3.0,1.7788411759113094,10.22115882408869,True,True
1,10,6,1,1.2000000000000002,0.0,3.0,0.8184760316039537,10.181523968396046,True,True
1,10,6,1,1.2000000000000002,0.25,3.0,1.0180532526050037,10.231946747394996,True,True
1,10,6,1,1.2000000000000002,0.5,3.0,1.2154107131957366,10.284589286804263,True,True
1,10,6,1,1.2000000000000002,0.75,3.0,1.4104404845867862,10.339559515413214,True,True
1,10,6,1,1.2000000000000002,1.0,3.0,1.6030313472423598,10.39696865275764,True,True
1,10,6,1,1.3000000000000003,0.0,3.0,0.7505060998362882,10.249493900163712,True,True
1,10,6,1,1.3000000000000003,0.25,3.0,0.9318943774281632,10.318105622571837,True,True
1,10,6,1,1.3000000000000003,0.5,3.0,1.1105993424216463,10.389400657578353,True,True
1,10,6,1,1.3000000000000003,0.75,3.0,1.2865267747908193,10.463473225209182,True,True
1,10,6,1,1.3000000000000003,1.0,3.0,1.4595832112696288,10.540416788730372,True,True
1,10,6,1,1.4000000000000004,0.0,3.0,0.6930110404596457,10.306988959540355,True,True
1,10,6,1,1.4000000000000004,0.25,3.0,0.8592835196133866,10.390716480386613,True,True
1,10,6,1,1.4000000000000004,0.5,3.0,1.022610203747285,10.477389796252716,True,True
1,10,6,1,1.4000000000000004,0.75,3.0,1.1829189052191351,10.567081094780864,True,True
1,10,6,1,1.4000000000000004,1.0,3.0,1.3401410199142596,10.65985898008574,True,True
1,10,6,1,1.5000000000000007,0.0,3.0,0.6437325718888447,10.356267428111156,True,True
1,10,6,1,1.5000000000000007,0.25,3.0,0.7972374057264711,10.45276259427353,True,True
1,10,6,1,1.5000000000000007,0.5,3.0,0.9476568219253627,10.552343178074636,True,True
1,10,6,1,1.5000000000000007,0.75,3.0,1.0949415972884458,10.655058402711553,True,True
1,10,6,1,1.5000000000000007,1.0,3.0,1.2390477143047658,10.760952285695234,True,True
1,10,6,1,1.6000000000000005,0.0,3.0,0.6010205144336442,10.398979485566356,True,True
1,10,6,1,1.6000000000000005,0.25,3.0,0.7435939525583413,10.506406047441658,True,True
1,10,6,1,1.6000000000000005,0.5,3.0,0.8830194165170537,10.616980583482945,True,True
1,10,6,1,1.6000000000000005,0.75,3.0,1.0192688501112412,10.730731149888758,True,True
1,10,6,1,1.6000000000000005,1.0,3.0,1.1523201425836707,10.84767985741633,True,True
1,10,6,1,1.7000000000000006,0.0,3.0,0.5636403029333925,10.436359697066607,True,True
1,10,6,1,1.7000000000000006,0.25,3.0,0.6967463718341955,10.553253628165805,True,True
1,10,6,1,1.7000000000000006,0.5,3.0,0.8266910935596075,10.673308906440393,True,True
1,10,6,1,1.7000000000000006,0.75,3.0,0.9534649393770263,10.796535060622974,True,True
1,10,6,1,1.7000000000000006,1.0,3.0,1.0770644816687813,10.922935518331219,True,True
1,10,6,1,1.8000000000000005,0.0,3.0,0.5306494947081415,10.469350505291859,True,True
1,10,6,1,1.8000000000000005,0.25,3.0,0.655474815884765,10.594525184115234,True,True
1,10,6,1,1.8000000000000005,0.5,3.0,0.7771570840547684,10.722842915945233,True,True
1,10,6,1,1.8000000000000005,0.75,3.0,0.8957025819120039,10.854297418087995,True,True
1,10,6,1,1.8000000000000005,1.0,3.0,1.011123484301411,10.988876515698589,True,True
1,10,6,1,1.9000000000000008,0.0,3.0,0.5013159626494534,10.498684037350547,True,True
1,10,6,1,1.9000000000000008,0.25,3.0,0.6188360362869707,10.631163963713028,True,True
1,10,6,1,1.9000000000000008,0.5,3.0,0.73325173464975,10.76674826535025,True,True
1,10,6,1,1.9000000000000008,0.75,3.0,0.844582653078322,10.905417346921677,True,True
1,10,6,1,1.9000000000000008,1.0,3.0,0.9528538548476408,11.04714614515236,True,True
1,10,6,1,2.000000000000001,0.0,3.0,0.475062189439555,10.524937810560445,True,True
1,10,6,1,2.000000000000001,0.25,3.0,0.5860889073134068,10.663911092686593,True,True
1,10,6,1,2.000000000000001,0.5,3.0,0.6940628959608288,10.80593710403917,True,True
1,10,6,1,2.000000000000001,0.75,3.0,0.7990148739382619,10.950985126061738,True,True
1,10,6,1,2.000000000000001,1.0,3.0,0.9009804864072146,11.099019513592786,True,True
1,10,6,1,2.100000000000001,0.0,3.0,0.4514264155015786,10.54857358449842,True,True
1,10,6,1,2.100000000000001,0.25,3.0,0.5566428650282491,10.693357134971752,True,True
1,10,6,1,2.100000000000001,0.5,3.0,0.658866250318809,10.841133749681191,True,True
1,10,6,1,2.100000000000001,0.75,3.0,0.7581365401579578,10.991863459842042,True,True
1,10,6,1,2.100000000000001,1.0,3.0,0.8544980345752,11.145501965424799,True,True
1,10,6,1,2.200000000000001,0.0,3.0,0.4300349651555333,10.569965034844467,True,True
1,10,6,1,2.200000000000001,0.25,3.0,0.5300214114108561,10.719978588589143,True,True
1,10,6,1,2.200000000000001,0.5,3.0,0.6270791357060581,10.872920864293942,True,True
1,10,6,1,2.200000000000001,0.75,3.0,0.7212557741526844,11.028744225847316,True,True
1,10,6,1,2.200000000000001,1.0,3.0,0.8126026844774161,11.187397315522585,True,True
1,10,6,1,2.300000000000001,0.0,3.0,0.4105821636415543,10.589417836358447,True,True
1,10,6,1,2.300000000000001,0.25,3.0,0.5058357721885542,10.744164227811446,True,True
1,10,6,1,2.300000000000001,0.5,3.0,0.5982274050997534,10.901772594900248,True,True
1,10,6,1,2.300000000000001,0.75,3.0,0.6878110360402241,11.062188963959777,True,True
1,10,6,1,2.300000000000001,1.0,3.0,0.7746437608439596,11.22535623915604,True,True
1,10,6,1,2.4000000000000012,0.0,3.0,0.392815517985146,10.607184482014855,True,True
1,10,6,1,2.4000000000000012,0.25,3.0,0.48376555031122237,10.766234449688778,True,True
1,10,6,1,2.4000000000000012,0.5,3.0,0.571921205698005,10.928078794301996,True,True
1,10,6,1,2.4000000000000012,0.75,3.0,0.6573416810475852,11.092658318952415,True,True
1,10,6,1,2.4000000000000012,1.0,3.0,0.740088720646833,11.259911279353167,True,True
1,10,6,1,2.5000000000000013,0.0,3.0,0.3765246170202001,10.6234753829798,True,True
1,10,6,1,2.5000000000000013,0.25,3.0,0.46354429448435486,10.786455705515646,True,True
1,10,6,1,2.5000000000000013,0.5,3.0,0.5478369883287968,10.952163011671203,True,True
1,10,6,1,2.5000000000000013,0.75,3.0,0.6294661854106778,11.120533814589322,True,True
1,10,6,1,2.5000000000000013,1.0,3.0,0.7084973778708186,11.291502622129181,True,True
1,10,6,1,2.6000000000000014,0.0,3.0,0.3615327038263487,10.638467296173651,True,True
1,10,6,1,2.6000000000000014,0.25,3.0,0.44494858207877463,10.805051417921225,True,True
1,10,6,1,2.6000000000000014,0.5,3.0,0.5257039487822635,10.974296051217737,True,True
1,10,6,1,2.6000000000000014,0.75,3.0,0.6038657985941231,11.146134201405877,True,True
1,10,6,1,2.6000000000000014,1.0,3.0,0.6795026259105894,11.32049737408941,True,True
1,10,6,1,2.700000000000002,0.0,3.0,0.347690197950409,10.65230980204959,True,True
1,10,6,1,2.700000000000002,0.25,3.0,0.4277896549812059,10.822210345018794,True,True
1,10,6,1,2.700000000000002,0.5,3.0,0.5052936741468113,10.994706325853189,True,True
1,10,6,1,2.700000000000002,0.75,3.0,0.5802721015600314,11.16972789843997,True,True
1,10,6,1,2.700000000000002,1.0,3.0,0.6527958153262379,11.347204184673762,True,True
1,10,6,1,2.8000000000000016,0.0,3.0,0.33486966005973606,10.665130339940264,True,True
1,10,6,1,2.8000000000000016,0.25,3.0,0.4119069367875001,10.8380930632125,True,True
1,10,6,1,2.8000000000000016,0.5,3.0,0.48641214162267943,11.01358785837732,True,True
1,10,6,1,2.8000000000000016,0.75,3.0,0.5584574204658148,11.191542579534186,True,True
1,10,6,1,2.8000000000000016,1.0,3.0,0.6281155208676665,11.371884479132333,True,True
1,10,6,1,2.9000000000000017,0.0,3.0,0.32296183731170114,10.677038162688298,True,True
1,10,6,1,2.9000000000000017,0.25,3.0,0.39716295468060814,10.852837045319392,True,True
1,10,6,1,2.9000000000000017,0.5,3.0,0.46889346756794215,11.031106532432059,True,True
1,10,6,1,2.9000000000000017,0.75,3.0,0.5382273571587,11.2117726428413,True,True
1,10,6,1,2.9000000000000017,1.0,3.0,0.6052388119711853,11.394761188028815,True,True
1,10,6,1,3.0000000000000018,0.0,3.0,0.3118725279088732,10.688127472091127,True,True
1,10,6,1,3.0000000000000018,0.25,3.0,0.38343932274619785,10.866560677253801,True,True
1,10,6,1,3.0000000000000018,0.5,3.0,0.4525949748957272,11.047405025104272,True,True
1,10,6,1,3.0000000000000018,0.75,3.0,0.5194149090256559,11.230585090974344,True,True
1,10,6,1,3.0000000000000018,1.0,3.0,0.5839743969093592,11.416025603090642,True,True
1,10,6,2,1.1,0.0,3.0,1.8001976305812075,20.19980236941879,True,True
1,10,6,2,1.1,0.25,3.0,2.0224435409106576,20.227556459089342,True,True
1,10,6,2,1.1,0.5,3.0,2.2440045222388356,20.255995477761164,True,True
1,10,6,2,1.1,0.75,3.0,2.4648583064016325,20.28514169359837,True,True
1,10,6,2,1.1,1.0,3.0,2.6849818233570577,20.315018176642944,True,True
1,10,6,2,1.2000000000000002,0.0,3.0,1.6369520632079073,20.363047936792093,True,True
1,10,6,2,1.2000000000000002,0.25,3.0,1.8370710058700386,20.412928994129963,True,True
1,10,6,2,1.2000000000000002,0.5,3.0,2.0361065052100074,20.463893494789993,True,True
1,10,6,2,1.2000000000000002,0.75,3.0,2.2340322357713855,20.515967764228613,True,True
1,10,6,2,1.2000000000000002,1.0,3.0,2.430821426391473,20.569178573608525,True,True
1,10,6,2,1.3000000000000003,0.0,3.0,1.5010121996725765,20.498987800327424,True,True
1,10,6,2,1.3000000000000003,0.25,3.0,1.6830595011080813,20.566940498891917,True,True
1,10,6,2,1.3000000000000003,0.5,3.0,1.8637887548563263,20.636211245143674,True,True
1,10,6,2,1.3000000000000003,0.75,3.0,2.043176346913338,20.706823653086662,True,True
1,10,6,2,1.3000000000000003,1.0,3.0,2.2211986848432925,20.778801315156706,True,True
1,10,6,2,1.4000000000000004,0.0,3.0,1.3860220809192914,20.61397791908071,True,True
1,10,6,2,1.4000000000000004,0.25,3.0,1.553021737532891,20.69697826246711,True,True
1,10,6,2,1.4000000000000004,0.5,3.0,1.7185670392267731,20.781432960773227,True,True
1,10,6,2,1.4000000000000004,0.75,3.0,1.8826393497567881,20.867360650243214,True,True
1,10,6,2,1.4000000000000004,1.0,3.0,2.04522040749457,20.95477959250543,True,True
1,10,6,2,1.5000000000000007,0.0,3.0,1.2874651437776894,20.712534856222312,True,True
1,10,6,2,1.5000000000000007,0.25,3.0,1.441734796567843,20.808265203432157,True,True
1,10,6,2,1.5000000000000007,0.5,3.0,1.5944748114529421,20.90552518854706,True,True
1,10,6,2,1.5000000000000007,0.75,3.0,1.745671968754344,21.004328031245656,True,True
1,10,6,2,1.5000000000000007,1.0,3.0,1.8953136438507254,21.104686356149273,True,True
1,10,6,2,1.6000000000000005,0.0,3.0,1.2020410288672885,20.79795897113271,True,True
1,10,6,2,1.6000000000000005,0.25,3.0,1.3453975029656746,20.904602497034325,True,True
1,10,6,2,1.6000000000000005,0.5,3.0,1.4871879051166825,21.012812094883316,True,True
1,10,6,2,1.6000000000000005,0.75,3.0,1.6274041425590493,21.12259585744095,True,True
1,10,6,2,1.6000000000000005,1.0,3.0,1.7660388330341075,21.23396116696589,True,True
1,10,6,2,1.7000000000000006,0.0,3.0,1.127280605866785,20.872719394133213,True,True
1,10,6,2,1.7000000000000006,0.25,3.0,1.2611753480353336,20.988824651964666,True,True
1,10,6,2,1.7000000000000006,0.5,3.0,1.393492743668391,21.10650725633161,True,True
1,10,6,2,1.7000000000000006,0.75,3.0,1.5242292776895159,21.225770722310486,True,True
1,10,6,2,1.7000000000000006,1.0,3.0,1.653382187119215,21.346617812880787,True,True
1,10,6,2,1.8000000000000005,0.0,3.0,1.061298989416283,20.938701010583717,True,True
1,10,6,2,1.8000000000000005,0.25,3.0,1.1869103948495212,21.06308960515048,True,True
1,10,6,2,1.8000000000000005,0.5,3.0,1.31094963176953,21.18905036823047,True,True
1,10,6,2,1.8000000000000005,0.75,3.0,1.4334171559834363,21.316582844016565,True,True
1,10,6,2,1.8000000000000005,1.0,3.0,1.5543141681095367,21.445685831890465,True,True
1,10,6,2,1.9000000000000008,0.0,3.0,1.0026319252989069,20.997368074701093,True,True
1,10,6,2,1.9000000000000008,0.25,3.0,1.1209301045182514,21.12906989548175,True,True
1,10,6,2,1.9000000000000008,0.5,3.0,1.2376720725739414,21.262327927426057,True,True
1,10,6,2,1.9000000000000008,0.75,3.0,1.352861676321396,21.397138323678604,True,True
1,10,6,2,1.9000000000000008,1.0,3.0,1.4665034692995,21.5334965307005,True,True
1,10,6,2,2.000000000000001,0.0,3.0,0.95012437887911,21.04987562112089,True,True
1,10,6,2,2.000000000000001,0.25,3.0,1.0619177187106335,21.18808228128937,True,True
1,10,6,2,2.000000000000001,0.5,3.0,1.1721778146268136,21.327822185373186,True,True
1,10,6,2,2.000000000000001,0.75,3.0,1.2809113833887906,21.46908861661121,True,True
1,10,6,2,2.000000000000001,1.0,3.0,1.3881257919216576,21.61187420807834,True,True
1,10,6,2,2.100000000000001,0.0,3.0,0.9028528310031572,21.09714716899684,True,True
1,10,6,2,2.100000000000001,0.25,3.0,1.008822185655859,21.24117781434414,True,True
1,10,6,2,2.100000000000001,0.5,3.0,1.1132857300564982,21.386714269943504,True,True
1,10,6,2,2.100000000000001,0.75,3.0,1.216252596430806,21.533747403569194,True,True
1,10,6,2,2.100000000000001,1.0,3.0,1.317732500637618,21.682267499362382,True,True
1,10,6,2,2.200000000000001,0.0,3.0,0.8600699303110666,21.139930069688933,True,True
1,10,6,2,2.200000000000001,0.25,3.0,0.9607941999655196,21.28920580003448,True,True
1,10,6,2,2.200000000000001,0.5,3.0,1.0600428228217122,21.439957177178286,True,True
1,10,6,2,2.200000000000001,0.75,3.0,1.1578269565402763,21.592173043459724,True,True
1,10,6,2,2.200000000000001,1.0,3.0,1.2541582714121162,21.745841728587884,True,True
1,10,6,2,2.300000000000001,0.0,3.0,0.8211643272831086,21.178835672716893,True,True
1,10,6,2,2.300000000000001,0.25,3.0,0.9171399104074869,21.332860089592515,True,True
1,10,6,2,2.300000000000001,0.5,3.0,1.0116715443771085,21.48832845562289,True,True
1,10,6,2,2.300000000000001,0.75,3.0,1.1047720803411991,21.6452279196588,True,True
1,10,6,2,2.300000000000001,1.0,3.0,1.1964548101995067,21.803545189800495,True,True
1,10,6,2,2.4000000000000012,0.0,3.0,0.785631035970292,21.21436896402971,True,True
1,10,6,2,2.4000000000000012,0.25,3.0,0.8772868404702105,21.372713159529788,True,True
1,10,6,2,2.4000000000000012,0.5,3.0,0.9675311006224447,21.532468899377555,True,True
1,10,6,2,2.4000000000000012,0.75,3.0,1.0563780797369393,21.693621920263062,True,True
1,10,6,2,2.4000000000000012,1.0,3.0,1.14384241139601,21.856157588603992,True,True
1,10,6,2,2.5000000000000013,0.0,3.0,0.7530492340404003,21.2469507659596,True,True
1,10,6,2,2.5000000000000013,0.25,3.0,0.8407584139616784,21.40924158603832,True,True
1,10,6,2,2.5000000000000013,0.5,3.0,0.9270885889687097,21.572911411031292,True,True
1,10,6,2,2.5000000000000013,0.75,3.0,1.0120551965187037,21.737944803481298,True,True
1,10,6,2,2.5000000000000013,1.0,3.0,1.0956739766575936,21.904326023342406,True,True
1,10,6,2,2.6000000000000014,0.0,3.0,0.7230654076526974,21.276934592347303,True,True
1,10,6,2,2.6000000000000014,0.25,3.0,0.8071546487501706,21.44284535124983,True,True
1,10,6,2,2.6000000000000014,0.5,3.0,0.8898971641575493,21.61010283584245,True,True
1,10,6,2,2.6000000000000014,0.75,3.0,0.9713093641653376,21.778690635834664,True,True
1,10,6,2,2.6000000000000014,1.0,3.0,1.051407897564527,21.948592102435473,True,True
1,10,6,2,2.700000000000002,0.0,3.0,0.695380395900818,21.30461960409918,True,True
1,10,6,2,2.700000000000002,0.25,3.0,0.7761373410730137,21.473862658926986,True,True
1,10,6,2,2.700000000000002,0.5,3.0,0.8555793099624118,21.644420690037588,True,True
1,10,6,2,2.700000000000002,0.75,3.0,0.9337235153153021,21.8162764846847,True,True
1,10,6,2,2.700000000000002,1.0,3.0,1.0105873482936225,21.989412651706377,True,True
1,10,6,2,2.8000000000000016,0.0,3.0,0.6697393201194721,21.330260679880528,True,True
1,10,6,2,2.8000000000000016,0.25,3.0,0.7474185655533674,21.502581434446633,True,True
1,10,6,2,2.8000000000000016,0.5,3.0,0.8238138735750002,21.676186126425,True,True
1,10,6,2,2.8000000000000016,0.75,3.0,0.8989431150292599,21.85105688497074,True,True
1,10,6,2,2.8000000000000016,1.0,3.0,0.9728242832453589,22.02717571675464,True,True
1,10,6,2,2.9000000000000017,0.0,3.0,0.6459236746234023,21.354076325376596,True,True
1,10,6,2,2.9000000000000017,0.25,3.0,0.7207516551800026,21.529248344819997,True,True
1,10,6,2,2.9000000000000017,0.5,3.0,0.7943259093612163,21.705674090638784,True,True
1,10,6,2,2.9000000000000017,0.75,3.0,0.8666648436290973,21.883335156370904,True,True
1,10,6,2,2.9000000000000017,1.0,3.0,0.9377869351358843,22.062213064864117,True,True
1,10,6,2,3.0000000000000018,0.0,3.0,0.6237450558177464,21.376254944182254,True,True
1,10,6,2,3.0000000000000018,0.25,3.0,0.6959240581919239,21.554075941808076,True,True
1,10,6,2,3.0000000000000018,0.5,3.0,0.7668786454923957,21.733121354507603,True,True
1,10,6,2,3.0000000000000018,0.75,3.0,0.8366276557208945,21.913372344279104,True,True
1,10,6,2,3.0000000000000018,1.0,3.0,0.9051899497914544,22.094810050208544,True,True
1,10,6,3,1.1,0.0,3.0,2.7002964458718104,30.29970355412819,True,True
1,10,6,3,1.1,0.25,3.0,2.922654895470032,30.327345104529968,True,True
1,10,6,3,1.1,0.5,3.0,3.1445615820196906,30.35543841798031,True,True
1,10,6,3,1.1,0.75,3.0,3.3660067833582517,30.38399321664175,True,True
1,10,6,3,1.1,1.0,3.0,3.5869805446688883,30.41301945533111,True,True
1,10,6,3,1.2000000000000002,0.0,3.0,2.455428094811861,30.54457190518814,True,True
1,10,6,3,1.2000000000000002,0.25,3.0,2.655725680981135,30.594274319018865,True,True
1,10,6,3,1.2000000000000002,0.5,3.0,2.855306768409747,30.644693231590253,True,True
1,10,6,3,1.2000000000000002,0.75,3.0,3.054159757815011,30.69584024218499,True,True
1,10,6,3,1.2000000000000002,1.0,3.0,3.2522729151324796,30.74772708486752,True,True
1,10,6,3,1.3000000000000003,0.0,3.0,2.2515182995088647,30.748481700491133,True,True
1,10,6,3,1.3000000000000003,0.25,3.0,2.433783526420294,30.816216473579708,True,True
1,10,6,3,1.3000000000000003,0.5,3.0,2.615175302439395,30.884824697560603,True,True
1,10,6,3,1.3000000000000003,0.75,3.0,2.7956831322844895,30.954316867715512,True,True
1,10,6,3,1.3000000000000003,1.0,3.0,2.9752965203428374,31.024703479657163,True,True
1,10,6,3,1.4000000000000004,0.0,3.0,2.079033121378938,30.920966878621062,True,True
1,10,6,3,1.4000000000000004,0.25,3.0,2.246273774873421,31.003726225126577,True,True
1,10,6,3,1.4000000000000004,0.5,3.0,2.4125490410603323,31.08745095893967,True,True
1,10,6,3,1.4000000000000004,0.75,3.0,2.577850558840158,31.172149441159842,True,True
1,10,6,3,1.4000000000000004,1.0,3.0,2.742170070949987,31.25782992905001,True,True
1,10,6,3,1.5000000000000007,0.0,3.0,1.9311977156665332,31.068802284333465,True,True
1,10,6,3,1.5000000000000007,0.25,3.0,2.0857213039986053,31.164278696001396,True,True
1,10,6,3,1.5000000000000007,0.5,3.0,2.2392281390685476,31.260771860931452,True,True
1,10,6,3,1.5000000000000007,0.75,3.0,2.391712217179414,31.358287782820586,True,True
1,10,6,3,1.5000000000000007,1.0,3.0,2.543167705199039,31.45683229480096,True,True
1,10,6,3,1.6000000000000005,0.0,3.0,1.803061543300931,31.19693845669907,True,True
1,10,6,3,1.6000000000000005,0.25,3.0,1.9466783997624564,31.303321600237545,True,True
1,10,6,3,1.6000000000000005,0.5,3.0,2.0892530886042504,31.410746911395748,True,True
1,10,6,3,1.6000000000000005,0.75,3.0,2.230781857675023,31.519218142324977,True,True
1,10,6,3,1.6000000000000005,1.0,3.0,2.371261161672205,31.628738838327795,True,True
1,10,6,3,1.7000000000000006,0.0,3.0,1.6909209088001766,31.309079091199823,True,True
1,10,6,3,1.7000000000000006,0.25,3.0,1.825078249411943,31.424921750588055,True,True
1,10,6,3,1.7000000000000006,0.5,3.0,1.9581848944205955,31.541815105579403,True,True
1,10,6,3,1.7000000000000006,0.75,3.0,2.0902391155025875,31.659760884497413,True,True
1,10,6,3,1.7000000000000006,1.0,3.0,2.2212394056239493,31.778760594376052,True,True
1,10,6,3,1.8000000000000005,0.0,3.0,1.5919484841244262,31.408051515875574,True,True
1,10,6,3,1.8000000000000005,0.25,3.0,1.7178219191782187,31.53217808082178,True,True
1,10,6,3,1.8000000000000005,0.5,3.0,1.8426472280734334,31.65735277192657,True,True
1,10,6,3,1.8000000000000005,0.75,3.0,1.9664244476542958,31.783575552345702,True,True
1,10,6,3,1.8000000000000005,1.0,3.0,2.08915383576997,31.91084616423003,True,True
1,10,6,3,1.9000000000000008,0.0,3.0,1.5039478879483603,31.49605211205164,True,True
1,10,6,3,1.9000000000000008,0.25,3.0,1.6225056898422459,31.627494310157754,True,True
1,10,6,3,1.9000000000000008,0.5,3.0,1.7400252463482406,31.75997475365176,True,True
1,10,6,3,1.9000000000000008,0.75,3.0,1.8565081088609112,31.89349189113909,True,True
1,10,6,3,1.9000000000000008,1.0,3.0,1.9719560400177851,32.02804395998221,True,True
1,10,6,3,2.000000000000001,0.0,3.0,1.4251865683186633,31.574813431681335,True,True
1,10,6,3,2.000000000000001,0.25,3.0,1.5372359178041215,31.71276408219588,True,True
1,10,6,3,2.000000000000001,0.5,3.0,1.6482616894610427,31.851738310538956,True,True
1,10,6,3,2.000000000000001,0.75,3.0,1.7582667219402186,31.991733278059783,True,True
1,10,6,3,2.000000000000001,1.0,3.0,1.8672540495784435,32.13274595042156,True,True
1,10,6,3,2.100000000000001,0.0,3.0,1.3542792465047349,31.645720753495265,True,True
1,10,6,3,2.100000000000001,0.25,3.0,1.4605002202041426,31.789499779795857,True,True
1,10,6,3,2.100000000000001,0.5,3.0,1.5657153609397838,31.934284639060216,True,True
1,10,6,3,2.100000000000001,0.75,3.0,1.6699285950847482,32.08007140491525,True,True
1,10,6,3,2.100000000000001,1.0,3.0,1.7731440258619742,32.226855974138026,True,True
1,10,6,3,2.200000000000001,0.0,3.0,1.2901048954665981,31.709895104533402,True,True
1,10,6,3,2.200000000000001,0.25,3.0,1.391075909936463,31.85892409006354,True,True
1,10,6,3,2.200000000000001,0.5,3.0,1.4910607422164723,32.008939257783524,True,True
1,10,6,3,2.200000000000001,0.75,3.0,1.5900642342325693,32.15993576576743,True,True
1,10,6,3,2.200000000000001,1.0,3.0,1.6880913843327328,32.311908615667264,True,True
1,10,6,3,2.300000000000001,0.0,3.0,1.2317464909246638,31.768253509075336,True,True
1,10,6,3,2.300000000000001,0.25,3.0,1.3279636644161066,31.922036335583893,True,True
1,10,6,3,2.300000000000001,0.5,3.0,1.4232154028655906,32.076784597134406,True,True
1,10,6,3,2.300000000000001,0.75,3.0,1.5175073165656645,32.23249268343434,True,True
1,10,6,3,2.300000000000001,1.0,3.0,1.6108451513242041,32.389154848675794,True,True
1,10,6,3,2.4000000000000012,0.0,3.0,1.1784465539554372,31.82155344604456,True,True
1,10,6,3,2.4000000000000012,0.25,3.0,1.2703386556394545,31.979661344360544,True,True
1,10,6,3,2.4000000000000012,0.5,3.0,1.3612866034876063,32.138713396512394,True,True
1,10,6,3,2.4000000000000012,0.75,3.0,1.451296650933667,32.29870334906633,True,True
1,10,6,3,2.4000000000000012,1.0,3.0,1.5403751662596932,32.45962483374031,True,True
1,10,6,3,2.5000000000000013,0.0,3.0,1.1295738510606022,31.870426148939398,True,True
1,10,6,3,2.5000000000000013,0.25,3.0,1.2175139948140785,32.03248600518592,True,True
1,10,6,3,2.5000000000000013,0.5,3.0,1.304531408856512,32.19546859114349,True,True
1,10,6,3,2.5000000000000013,0.75,3.0,1.3906328834530655,32.359367116546935,True,True
1,10,6,3,2.5000000000000013,1.0,3.0,1.4758253037399758,32.524174696260026,True,True
1,10,6,3,2.6000000000000014,0.0,3.0,1.0845981114790462,31.915401888520954,True,True
1,10,6,3,2.6000000000000014,0.25,3.0,1.1689130113731565,32.08108698862684,True,True
1,10,6,3,2.6000000000000014,0.5,3.0,1.2523264773261964,32.24767352267381,True,True
1,10,6,3,2.6000000000000014,0.75,3.0,1.334845746236324,32.415154253763674,True,True
1,10,6,3,2.6000000000000014,1.0,3.0,1.4164781308539283,32.58352186914607,True,True
1,10,6,3,2.700000000000002,0.0,3.0,1.0430705938512261,31.956929406148774,True,True
1,10,6,3,2.700000000000002,0.25,3.0,1.1240479683056588,32.12595203169434,True,True
1,10,6,3,2.700000000000002,0.5,3.0,1.2041448896784335,32.29585511032157,True,True
1,10,6,3,2.700000000000002,0.75,3.0,1.2833689649436177,32.46663103505638,True,True
1,10,6,3,2.700000000000002,1.0,3.0,1.361727859013465,32.63827214098654,True,True
1,10,6,3,2.8000000000000016,0.0,3.0,1.0046089801792064,31.995391019820794,True,True
1,10,6,3,2.8000000000000016,0.25,3.0,1.082503532940036,32.16749646705996,True,True
1,10,6,3,2.8000000000000016,0.5,3.0,1.1595381723311338,32.34046182766887,True,True
1,10,6,3,2.8000000000000016,0.75,3.0,1.2357208103624995,32.5142791896375,True,True
1,10,6,3,2.8000000000000016,1.0,3.0,1.3110594002381042,32.68894059976189,True,True
1,10,6,3,2.9000000000000017,0.0,3.0,0.9688855119351043,32.031114488064894,True,True
1,10,6,3,2.9000000000000017,0.25,3.0,1.0439238065906498,32.20607619340935,True,True
1,10,6,3,2.9000000000000017,0.5,3.0,1.1181222033859317,32.38187779661407,True,True
1,10,6,3,2.9000000000000017,0.75,3.0,1.1914888640418226,32.55851113595818,True,True
1,10,6,3,2.9000000000000017,1.0,3.0,1.2640319759103331,32.735968024089665,True,True
1,10,6,3,3.0000000000000018,0.0,3.0,0.9356175837266196,32.06438241627338,True,True
1,10,6,3,3.0000000000000018,0.25,3.0,1.0080020490492476,32.241997950950754,True,True
1,10,6,3,3.0000000000000018,0.5,3.0,1.0795660557851807,32.42043394421482,True,True
1,10,6,3,3.0000000000000018,0.75,3.0,1.1503179682385944,32.599682031761404,True,True
1,10,6,3,3.0000000000000018,1.0,3.0,1.2202661619404989,32.7797338380595,True,True
1,10,7,1,1.1,0.0,2.0,0.9000988152906038,10.099901184709395,True,True
1,10,7,1,1.1,0.25,2.0,1.1220022611194178,10.127997738880582,True,True
1,10,7,1,1.1,0.5,2.0,1.3424909116785289,10.157509088321472,True,True
1,10,7,1,1.1,0.75,2.0,1.5614708079219985,10.188529192078,True,True
1,10,7,1,1.1,1.0,2.0,1.7788411759113094,10.22115882408869,True,True
1,10,7,1,1.2000000000000002,0.0,2.0,0.8184760316039537,10.181523968396046,True,True
1,10,7,1,1.2000000000000002,0.25,2.0,1.0180532526050037,10.231946747394996,True,True
1,10,7,1,1.2000000000000002,0.5,2.0,1.2154107131957366,10.284589286804263,True,True
1,10,7,1,1.2000000000000002,0.75,2.0,1.4104404845867862,10.339559515413214,True,True
1,10,7,1,1.2000000000000002,1.0,2.0,1.6030313472423598,10.39696865275764,True,True
1,10,7,1,1.3000000000000003,0.0,2.0,0.7505060998362882,10.249493900163712,True,True
1,10,7,1,1.3000000000000003,0.25,2.0,0.9318943774281632,10.318105622571837,True,True
1,10,7,1,1.3000000000000003,0.5,2.0,1.1105993424216463,10.389400657578353,True,True
1,10,7,1,1.3000000000000003,0.75,2.0,1.2865267747908193,10.463473225209182,True,True
1,10,7,1,1.3000000000000003,1.0,2.0,1.4595832112696288,10.540416788730372,True,True
1,10,7,1,1.4000000000000004,0.0,2.0,0.6930110404596457,10.306988959540355,True,True
1,10,7,1,1.4000000000000004,0.25,2.0,0.8592835196133866,10.390716480386613,True,True
1,10,7,1,1.4000000000000004,0.5,2.0,1.022610203747285,10.477389796252716,True,True
1,10,7,1,1.4000000000000004,0.75,2.0,1.1829189052191351,10.567081094780864,True,True
1,10,7,1,1.4000000000000004,1.0,2.0,1.3401410199142596,10.65985898008574,True,True
1,10,7,1,1.5000000000000007,0.0,2.0,0.6437325718888447,10.356267428111156,True,True
1,10,7,1,1.5000000000000007,0.25,2.0,0.7972374057264711,10.45276259427353,True,True
1,10,7,1,1.5000000000000007,0.5,2.0,0.9476568219253627,10.552343178074636,True,True
1,10,7,1,1.5000000000000007,0.75,2.0,1.0949415972884458,10.655058402711553,True,True
1,10,7,1,1.5000000000000007,1.0,2.0,1.2390477143047658,10.760952285695234,True,True
1,10,7,1,1.6000000000000005,0.0,2.0,0.6010205144336442,10.398979485566356,True,True
1,10,7,1,1.6000000000000005,0.25,2.0,0.7435939525583413,10.506406047441658,True,True
1,10,7,1,1.6000000000000005,0.5,2.0,0.8830194165170537,10.616980583482945,True,True
1,10,7,1,1.6000000000000005,0.75,2.0,1.0192688501112412,10.730731149888758,True,True
1,10,7,1,1.6000000000000005,1.0,2.0,1.1523201425836707,10.84767985741633,True,True
1,10,7,1,1.7000000000000006,0.0,2.0,0.5636403029333925,10.436359697066607,True,True
1,10,7,1,1.7000000000000006,0.25,2.0,0.6967463718341955,10.553253628165805,True,True
1,10,7,1,1.7000000000000006,0.5,2.0,0.8266910935596075,10.673308906440393,True,True
1,10,7,1,1.7000000000000006,0.75,2.0,0.9534649393770263,10.796535060622974,True,True
1,10,7,1,1.7000000000000006,1.0,2.0,1.0770644816687813,10.922935518331219,True,True
1,10,7,1,1.8000000000000005,0.0,2.0,0.5306494947081415,10.469350505291859,True,True
1,10,7,1,1.8000000000000005,0.25,2.0,0.655474815884765,10.594525184115234,True,True
1,10,7,1,1.8000000000000005,0.5,2.0,0.7771570840547684,10.722842915945233,True,True
1,10,7,1,1.8000000000000005,0.75,2.0,0.8957025819120039,10.854297418087995,True,True
1,10,7,1,1.8000000000000005,1.0,2.0,1.011123484301411,10.988876515698589,True,True
1,10,7,1,1.9000000000000008,0.0,2.0,0.5013159626494534,10.498684037350547,True,True
1,10,7,1,1.9000000000000008,0.25,2.0,0.6188360362869707,10.631163963713028,True,True
1,10,7,1,1.9000000000000008,0.5,2.0,0.73325173464975,10.76674826535025,True,True
1,10,7,1,1.9000000000000008,0.75,2.0,0.844582653078322,10.905417346921677,True,True
1,10,7,1,1.9000000000000008,1.0,2.0,0.9528538548476408,11.04714614515236,True,True
1,10,7,1,2.000000000000001,0.0,2.0,0.475062189439555,10.524937810560445,True,True
1,10,7,1,2.000000000000001,0.25,2.0,0.5860889073134068,10.663911092686593,True,True
1,10,7,1,2.000000000000001,0.5,2.0,0.6940628959608288,10.80593710403917,True,True
1,10,7,1,2.000000000000001,0.75,2.0,0.7990148739382619,10.950985126061738,True,True
1,10,7,1,2.000000000000001,1.0,2.0,0.9009804864072146,11.099019513592786,True,True
1,10,7,1,2.100000000000001,0.0,2.0,0.4514264155015786,10.54857358449842,True,True
1,10,7,1,2.100000000000001,0.25,2.0,0.5566428650282491,10.693357134971752,True,True
1,10,7,1,2.100000000000001,0.5,2.0,0.658866250318809,10.841133749681191,True,True
1,10,7,1,2.100000000000001,0.75,2.0,0.7581365401579578,10.991863459842042,True,True
1,10,7,1,2.100000000000001,1.0,2.0,0.8544980345752,11.145501965424799,True,True
1,10,7,1,2.200000000000001,0.0,2.0,0.4300349651555333,10.569965034844467,True,True
1,10,7,1,2.200000000000001,0.25,2.0,0.5300214114108561,10.719978588589143,True,True
1,10,7,1,2.200000000000001,0.5,2.0,0.6270791357060581,10.872920864293942,True,True
1,10,7,1,2.200000000000001,0.75,2.0,0.7212557741526844,11.028744225847316,True,True
1,10,7,1,2.200000000000001,1.0,2.0,0.8126026844774161,11.187397315522585,True,True
1,10,7,1,2.300000000000001,0.0,2.0,0.4105821636415543,10.589417836358447,True,True
1,10,7,1,2.300000000000001,0.25,2.0,0.5058357721885542,10.744164227811446,True,True
1,10,7,1,2.300000000000001,0.5,2.0,0.5982274050997534,10.901772594900248,True,True
1,10,7,1,2.300000000000001,0.75,2.0,0.6878110360402241,11.062188963959777,True,True
1,10,7,1,2.300000000000001,1.0,2.0,0.7746437608439596,11.22535623915604,True,True
1,10,7,1,2.4000000000000012,0.0,2.0,0.392815517985146,10.607184482014855,True,True
1,10,7,1,2.4000000000000012,0.25,2.0,0.48376555031122237,10.766234449688778,True,True
1,10,7,1,2.4000000000000012,0.5,2.0,0.571921205698005,10.928078794301996,True,True
1,10,7,1,2.4000000000000012,0.75,2.0,0.6573416810475852,11.092658318952415,True,True
1,10,7,1,2.4000000000000012,1.0,2.0,0.740088720646833,11.259911279353167,True,True
1,10,7,1,2.5000000000000013,0.0,2.0,0.3765246170202001,10.6234753829798,True,True
1,10,7,1,2.5000000000000013,0.25,2.0,0.46354429448435486,10.786455705515646,True,True
1,10,7,1,2.5000000000000013,0.5,2.0,0.5478369883287968,10.952163011671203,True,True
1,10,7,1,2.5000000000000013,0.75,2.0,0.6294661854106778,11.120533814589322,True,True
1,10,7,1,2.5000000000000013,1.0,2.0,0.7084973778708186,11.291502622129181,True,True
1,10,7,1,2.6000000000000014,0.0,2.0,0.3615327038263487,10.638467296173651,True,True
1,10,7,1,2.6000000000000014,0.25,2.0,0.44494858207877463,10.805051417921225,True,True
1,10,7,1,2.6000000000000014,0.5,2.0,0.5257039487822635,10.974296051217737,True,True
1,10,7,1,2.6000000000000014,0.75,2.0,0.6038657985941231,11.146134201405877,True,True
1,10,7,1,2.6000000000000014,1.0,2.0,0.6795026259105894,11.32049737408941,True,True
1,10,7,1,2.700000000000002,0.0,2.0,0.347690197950409,10.65230980204959,True,True
1,10,7,1,2.700000000000002,0.25,2.0,0.4277896549812059,10.822210345018794,True,True
1,10,7,1,2.700000000000002,0.5,2.0,0.5052936741468113,10.994706325853189,True,True
1,10,7,1,2.700000000000002,0.75,2.0,0.5802721015600314,11.16972789843997,True,True
1,10,7,1,2.700000000000002,1.0,2.0,0.6527958153262379,11.347204184673762,True,True
1,10,7,1,2.8000000000000016,0.0,2.0,0.33486966005973606,10.665130339940264,True,True
1,10,7,1,2.8000000000000016,0.25,2.0,0.4119069367875001,10.8380930632125,True,True
1,10,7,1,2.8000000000000016,0.5,2.0,0.48641214162267943,11.01358785837732,True,True
1,10,7,1,2.8000000000000016,0.75,2.0,0.5584574204658148,11.191542579534186,True,True
1,10,7,1,2.8000000000000016,1.0,2.0,0.6281155208676665,11.371884479132333,True,True
1,10,7,1,2.9000000000000017,0.0,2.0,0.32296183731170114,10.677038162688298,True,True
1,10,7,1,2.9000000000000017,0.25,2.0,0.39716295468060814,10.852837045319392,True,True
1,10,7,1,2.9000000000000017,0.5,2.0,0.46889346756794215,11.031106532432059,True,True
1,10,7,1,2.9000000000000017,0.75,2.0,0.5382273571587,11.2117726428413,True,True
1,10,7,1,2.9000000000000017,1.0,2.0,0.6052388119711853,11.394761188028815,True,True
1,10,7,1,3.0000000000000018,0.0,2.0,0.3118725279088732,10.688127472091127,True,True
1,10,7,1,3.0000000000000018,0.25,2.0,0.38343932274619785,10.866560677253801,True,True
1,10,7,1,3.0000000000000018,0.5,2.0,0.4525949748957272,11.047405025104272,True,True
1,10,7,1,3.0000000000000018,0.75,2.0,0.5194149090256559,11.230585090974344,True,True
1,10,7,1,3.0000000000000018,1.0,2.0,0.5839743969093592,11.416025603090642,True,True
1,10,7,2,1.1,0.0,2.0,1.8001976305812075,20.19980236941879,True,True
1,10,7,2,1.1,0.25,2.0,2.0224435409106576,20.227556459089342,True,True
1,10,7,2,1.1,0.5,2.0,2.2440045222388356,20.255995477761164,True,True
1,10,7,2,1.1,0.75,2.0,2.4648583064016325,20.28514169359837,True,True
1,10,7,2,1.1,1.0,2.0,2.6849818233570577,20.315018176642944,True,True
1,10,7,2,1.2000000000000002,0.0,2.0,1.6369520632079073,20.363047936792093,True,True
1,10,7,2,1.2000000000000002,0.25,2.0,1.8370710058700386,20.412928994129963,True,True
1,10,7,2,1.2000000000000002,0.5,2.0,2.0361065052100074,20.463893494789993,True,True
1,10,7,2,1.2000000000000002,0.75,2.0,2.2340322357713855,20.515967764228613,True,True
1,10,7,2,1.2000000000000002,1.0,2.0,2.430821426391473,20.569178573608525,True,True
1,10,7,2,1.3000000000000003,0.0,2.0,1.5010121996725765,20.498987800327424,True,True
1,10,7,2,1.3000000000000003,0.25,2.0,1.6830595011080813,20.566940498891917,True,True
1,10,7,2,1.3000000000000003,0.5,2.0,1.8637887548563263,20.636211245143674,True,True
1,10,7,2,1.3000000000000003,0.75,2.0,2.043176346913338,20.706823653086662,True,True
1,10,7,2,1.3000000000000003,1.0,2.0,2.2211986848432925,20.778801315156706,True,True
1,10,7,2,1.4000000000000004,0.0,2.0,1.3860220809192914,20.61397791908071,True,True
1,10,7,2,1.4000000000000004,0.25,2.0,1.553021737532891,20.69697826246711,True,True
1,10,7,2,1.4000000000000004,0.5,2.0,1.7185670392267731,20.781432960773227,True,True
1,10,7,2,1.4000000000000004,0.75,2.0,1.8826393497567881,20.867360650243214,True,True
1,10,7,2,1.4000000000000004,1.0,2.0,2.04522040749457,20.95477959250543,True,True
1,10,7,2,1.5000000000000007,0.0,2.0,1.2874651437776894,20.712534856222312,True,True
1,10,7,2,1.5000000000000007,0.25,2.0,1.441734796567843,20.808265203432157,True,True
1,10,7,2,1.5000000000000007,0.5,2.0,1.5944748114529421,20.90552518854706,True,True
1,10,7,2,1.5000000000000007,0.75,2.0,1.745671968754344,21.004328031245656,True,True
1,10,7,2,1.5000000000000007,1.0,2.0,1.8953136438507254,21.104686356149273,True,True
1,10,7,2,1.6000000000000005,0.0,2.0,1.2020410288672885,20.79795897113271,True,True
1,10,7,2,1.6000000000000005,0.25,2.0,1.3453975029656746,20.904602497034325,True,True
1,10,7,2,1.6000000000000005,0.5,2.0,1.4871879051166825,21.012812094883316,True,True
1,10,7,2,1.6000000000000005,0.75,2.0,1.6274041425590493,21.12259585744095,True,True
1,10,7,2,1.6000000000000005,1.0,2.0,1.7660388330341075,21.23396116696589,True,True
1,10,7,2,1.7000000000000006,0.0,2.0,1.127280605866785,20.872719394133213,True,True
1,10,7,2,1.7000000000000006,0.25,2.0,1.2611753480353336,20.988824651964666,True,True
1,10,7,2,1.7000000000000006,0.5,2.0,1.393492743668391,21.10650725633161,True,True
1,10,7,2,1.7000000000000006,0.75,2.0,1.5242292776895159,21.225770722310486,True,True
1,10,7,2,1.7000000000000006,1.0,2.0,1.653382187119215,21.346617812880787,True,True
1,10,7,2,1.8000000000000005,0.0,2.0,1.061298989416283,20.938701010583717,True,True
1,10,7,2,1.8000000000000005,0.25,2.0,1.1869103948495212,21.06308960515048,True,True
1,10,7,2,1.8000000000000005,0.5,2.0,1.31094963176953,21.18905036823047,True,True
1,10,7,2,1.8000000000000005,0.75,2.0,1.4334171559834363,21.316582844016565,True,True
1,10,7,2,1.8000000000000005,1.0,2.0,1.5543141681095367,21.445685831890465,True,True
1,10,7,2,1.9000000000000008,0.0,2.0,1.0026319252989069,20.997368074701093,True,True
1,10,7,2,1.9000000000000008,0.25,2.0,1.1209301045182514,21.12906989548175,True,True
1,10,7,2,1.9000000000000008,0.5,2.0,1.2376720725739414,21.262327927426057,True,True
1,10,7,2,1.9000000000000008,0.75,2.0,1.352861676321396,21.397138323678604,True,True
1,10,7,2,1.9000000000000008,1.0,2.0,1.4665034692995,21.5334965307005,True,True
1,10,7,2,2.000000000000001,0.0,2.0,0.95012437887911,21.04987562112089,True,True
1,10,7,2,2.000000000000001,0.25,2.0,1.0619177187106335,21.18808228128937,True,True
1,10,7,2,2.000000000000001,0.5,2.0,1.1721778146268136,21.327822185373186,True,True
1,10,7,2,2.000000000000001,0.75,2.0,1.2809113833887906,21.46908861661121,True,True
1,10,7,2,2.000000000000001,1.0,2.0,1.3881257919216576,21.61187420807834,True,True
1,10,7,2,2.100000000000001,0.0,2.0,0.9028528310031572,21.09714716899684,True,True
1,10,7,2,2.100000000000001,0.25,2.0,1.008822185655859,21.24117781434414,True,True
1,10,7,2,2.100000000000001,0.5,2.0,1.1132857300564982,21.386714269943504,True,True
1,10,7,2,2.100000000000001,0.75,2.0,1.216252596430806,21.533747403569194,True,True
1,10,7,2,2.100000000000001,1.0,2.0,1.317732500637618,21.682267499362382,True,True
1,10,7,2,2.200000000000001,0.0,2.0,0.8600699303110666,21.139930069688933,True,True
1,10,7,2,2.200000000000001,0.25,2.0,0.9607941999655196,21.28920580003448,True,True
1,10,7,2,2.200000000000001,0.5,2.0,1.0600428228217122,21.439957177178286,True,True
1,10,7,2,2.200000000000001,0.75,2.0,1.1578269565402763,21.592173043459724,True,True
1,10,7,2,2.200000000000001,1.0,2.0,1.2541582714121162,21.745841728587884,True,True
1,10,7,2,2.300000000000001,0.0,2.0,0.8211643272831086,21.178835672716893,True,True
1,10,7,2,2.300000000000001,0.25,2.0,0.9171399104074869,21.332860089592515,True,True
1,10,7,2,2.300000000000001,0.5,2.0,1.0116715443771085,21.48832845562289,True,True
1,10,7,2,2.300000000000001,0.75,2.0,1.1047720803411991,21.6452279196588,True,True
1,10,7,2,2.300000000000001,1.0,2.0,1.1964548101995067,21.803545189800495,True,True
1,10,7,2,2.4000000000000012,0.0,2.0,0.785631035970292,21.21436896402971,True,True
1,10,7,2,2.4000000000000012,0.25,2.0,0.8772868404702105,21.372713159529788,True,True
1,10,7,2,2.4000000000000012,0.5,2.0,0.9675311006224447,21.532468899377555,True,True
1,10,7,2,2.4000000000000012,0.75,2.0,1.0563780797369393,21.693621920263062,True,True
1,10,7,2,2.4000000000000012,1.0,2.0,1.14384241139601,21.856157588603992,True,True
1,10,7,2,2.5000000000000013,0.0,2.0,0.7530492340404003,21.2469507659596,True,True
1,10,7,2,2.5000000000000013,0.25,2.0,0.8407584139616784,21.40924158603832,True,True
1,10,7,2,2.5000000000000013,0.5,2.0,0.9270885889687097,21.572911411031292,True,True
1,10,7,2,2.5000000000000013,0.75,2.0,1.0120551965187037,21.737944803481298,True,True
1,10,7,2,2.5000000000000013,1.0,2.0,1.0956739766575936,21.904326023342406,True,True
1,10,7,2,2.6000000000000014,0.0,2.0,0.7230654076526974,21.276934592347303,True,True
1,10,7,2,2.6000000000000014,0.25,2.0,0.8071546487501706,21.44284535124983,True,True
1,10,7,2,2.6000000000000014,0.5,2.0,0.8898971641575493,21.61010283584245,True,True
1,10,7,2,2.6000000000000014,0.75,2.0,0.9713093641653376,21.778690635834664,True,True
1,10,7,2,2.6000000000000014,1.0,2.0,1.051407897564527,21.948592102435473,True,True
1,10,7,2,2.700000000000002,0.0,2.0,0.695380395900818,21.30461960409918,True,True
1,10,7,2,2.700000000000002,0.25,2.0,0.7761373410730137,21.473862658926986,True,True
1,10,7,2,2.700000000000002,0.5,2.0,0.8555793099624118,21.644420690037588,True,True
1,10,7,2,2.700000000000002,0.75,2.0,0.9337235153153021,21.8162764846847,True,True
1,10,7,2,2.700000000000002,1.0,2.0,1.0105873482936225,21.989412651706377,True,True
1,10,7,2,2.8000000000000016,0.0,2.0,0.6697393201194721,21.330260679880528,True,True
1,10,7,2,2.8000000000000016,0.25,2.0,0.7474185655533674,21.502581434446633,True,True
1,10,7,2,2.8000000000000016,0.5,2.0,0.8238138735750002,21.676186126425,True,True
1,10,7,2,2.8000000000000016,0.75,2.0,0.8989431150292599,21.85105688497074,True,True
1,10,7,2,2.8000000000000016,1.0,2.0,0.9728242832453589,22.02717571675464,True,True
1,10,7,2,2.9000000000000017,0.0,2.0,0.6459236746234023,21.354076325376596,True,True
1,10,7,2,2.9000000000000017,0.25,2.0,0.7207516551800026,21.529248344819997,True,True
1,10,7,2,2.9000000000000017,0.5,2.0,0.7943259093612163,21.705674090638784,True,True
1,10,7,2,2.9000000000000017,0.75,2.0,0.8666648436290973,21.883335156370904,True,True
1,10,7,2,2.9000000000000017,1.0,2.0,0.9377869351358843,22.062213064864117,True,True
1,10,7,2,3.0000000000000018,0.0,2.0,0.6237450558177464,21.376254944182254,True,True
1,10,7,2,3.0000000000000018,0.25,2.0,0.6959240581919239,21.554075941808076,True,True
1,10,7,2,3.0000000000000018,0.5,2.0,0.7668786454923957,21.733121354507603,True,True
1,10,7,2,3.0000000000000018,0.75,2.0,0.8366276557208945,21.913372344279104,True,True
1,10,7,2,3.0000000000000018,1.0,2.0,0.9051899497914544,22.094810050208544,True,True
1,10,7,3,1.1,0.0,2.0,2.7002964458718104,30.29970355412819,True,True
1,10,7,3,1.1,0.25,2.0,2.922654895470032,30.327345104529968,True,True
1,10,7,3,1.1,0.5,2.0,3.1445615820196906,30.35543841798031,True,True
1,10,7,3,1.1,0.75,2.0,3.3660067833582517,30.38399321664175,True,True
1,10,7,3,1.1,1.0,2.0,3.5869805446688883,30.41301945533111,True,True
1,10,7,3,1.2000000000000002,0.0,2.0,2.455428094811861,30.54457190518814,True,True
1,10,7,3,1.2000000000000002,0.25,2.0,2.655725680981135,30.594274319018865,True,True
1,10,7,3,1.2000000000000002,0.5,2.0,2.855306768409747,30.644693231590253,True,True
1,10,7,3,1.2000000000000002,0.75,2.0,3.054159757815011,30.69584024218499,True,True
1,10,7,3,1.2000000000000002,1.0,2.0,3.2522729151324796,30.74772708486752,True,True
1,10,7,3,1.3000000000000003,0.0,2.0,2.2515182995088647,30.748481700491133,True,True
1,10,7,3,1.3000000000000003,0.25,2.0,2.433783526420294,30.816216473579708,True,True
1,10,7,3,1.3000000000000003,0.5,2.0,2.615175302439395,30.884824697560603,True,True
1,10,7,3,1.3000000000000003,0.75,2.0,2.7956831322844895,30.954316867715512,True,True
1,10,7,3,1.3000000000000003,1.0,2.0,2.9752965203428374,31.024703479657163,True,True
1,10,7,3,1.4000000000000004,0.0,2.0,2.079033121378938,30.920966878621062,True,True
1,10,7,3,1.4000000000000004,0.25,2.0,2.246273774873421,31.003726225126577,True,True
1,10,7,3,1.4000000000000004,0.5,2.0,2.4125490410603323,31.08745095893967,True,True
1,10,7,3,1.4000000000000004,0.75,2.0,2.577850558840158,31.172149441159842,True,True
1,10,7,3,1.4000000000000004,1.0,2.0,2.742170070949987,31.25782992905001,True,True
1,10,7,3,1.5000000000000007,0.0,2.0,1.9311977156665332,31.068802284333465,True,True
1,10,7,3,1.5000000000000007,0.25,2.0,2.0857213039986053,31.164278696001396,True,True
1,10,7,3,1.5000000000000007,0.5,2.0,2.2392281390685476,31.260771860931452,True,True
1,10,7,3,1.5000000000000007,0.75,2.0,2.391712217179414,31.358287782820586,True,True
1,10,7,3,1.5000000000000007,1.0,2.0,2.543167705199039,31.45683229480096,True,True
1,10,7,3,1.6000000000000005,0.0,2.0,1.803061543300931,31.19693845669907,True,True
1,10,7,3,1.6000000000000005,0.25,2.0,1.9466783997624564,31.303321600237545,True,True
1,10,7,3,1.6000000000000005,0.5,2.0,2.0892530886042504,31.410746911395748,True,True
1,10,7,3,1.6000000000000005,0.75,2.0,2.230781857675023,31.519218142324977,True,True
1,10,7,3,1.6000000000000005,1.0,2.0,2.371261161672205,31.628738838327795,True,True
1,10,7,3,1.7000000000000006,0.0,2.0,1.6909209088001766,31.309079091199823,True,True
1,10,7,3,1.7000000000000006,0.25,2.0,1.825078249411943,31.424921750588055,True,True
1,10,7,3,1.7000000000000006,0.5,2.0,1.9581848944205955,31.541815105579403,True,True
1,10,7,3,1.7000000000000006,0.75,2.0,2.0902391155025875,31.659760884497413,True,True
1,10,7,3,1.7000000000000006,1.0,2.0,2.2212394056239493,31.778760594376052,True,True
1,10,7,3,1.8000000000000005,0.0,2.0,1.5919484841244262,31.408051515875574,True,True
1,10,7,3,1.8000000000000005,0.25,2.0,1.7178219191782187,31.53217808082178,True,True
1,10,7,3,1.8000000000000005,0.5,2.0,1.8426472280734334,31.65735277192657,True,True
1,10,7,3,1.8000000000000005,0.75,2.0,1.9664244476542958,31.783575552345702,True,True
1,10,7,3,1.8000000000000005,1.0,2.0,2.08915383576997,31.91084616423003,True,True
1,10,7,3,1.9000000000000008,0.0,2.0,1.5039478879483603,31.49605211205164,True,True
1,10,7,3,1.9000000000000008,0.25,2.0,1.6225056898422459,31.627494310157754,True,True
1,10,7,3,1.9000000000000008,0.5,2.0,1.7400252463482406,31.75997475365176,True,True
1,10,7,3,1.9000000000000008,0.75,2.0,1.8565081088609112,31.89349189113909,True,True
1,10,7,3,1.9000000000000008,1.0,2.0,1.9719560400177851,32.02804395998221,True,True
1,10,7,3,2.000000000000001,0.0,2.0,1.4251865683186633,31.574813431681335,True,True
1,10,7,3,2.000000000000001,0.25,2.0,1.5372359178041215,31.71276408219588,True,True
1,10,7,3,2.000000000000001,0.5,2.0,1.6482616894610427,31.851738310538956,True,True
1,10,7,3,2.000000000000001,0.75,2.0,1.7582667219402186,31.991733278059783,True,True
1,10,7,3,2.000000000000001,1.0,2.0,1.8672540495784435,32.13274595042156,True,True
1,10,7,3,2.100000000000001,0.0,2.0,1.3542792465047349,31.645720753495265,True,True
1,10,7,3,2.100000000000001,0.25,2.0,1.4605002202041426,31.789499779795857,True,True
1,10,7,3,2.100000000000001,0.5,2.0,1.5657153609397838,31.934284639060216,True,True
1,10,7,3,2.100000000000001,0.75,2.0,1.6699285950847482,32.08007140491525,True,True
1,10,7,3,2.100000000000001,1.0,2.0,1.7731440258619742,32.226855974138026,True,True
1,10,7,3,2.200000000000001,0.0,2.0,1.2901048954665981,31.709895104533402,True,True
1,10,7,3,2.200000000000001,0.25,2.0,1.391075909936463,31.85892409006354,True,True
1,10,7,3,2.200000000000001,0.5,2.0,1.4910607422164723,32.008939257783524,True,True
1,10,7,3,2.200000000000001,0.75,2.0,1.5900642342325693,32.15993576576743,True,True
1,10,7,3,2.200000000000001,1.0,2.0,1.6880913843327328,32.311908615667264,True,True
1,10,7,3,2.300000000000001,0.0,2.0,1.2317464909246638,31.768253509075336,True,True
1,10,7,3,2.300000000000001,0.25,2.0,1.3279636644161066,31.922036335583893,True,True
1,10,7,3,2.300000000000001,0.5,2.0,1.4232154028655906,32.076784597134406,True,True
1,10,7,3,2.300000000000001,0.75,2.0,1.5175073165656645,32.23249268343434,True,True
1,10,7,3,2.300000000000001,1.0,2.0,1.6108451513242041,32.389154848675794,True,True
1,10,7,3,2.4000000000000012,0.0,2.0,1.1784465539554372,31.82155344604456,True,True
1,10,7,3,2.4000000000000012,0.25,2.0,1.2703386556394545,31.979661344360544,True,True
1,10,7,3,2.4000000000000012,0.5,2.0,1.3612866034876063,32.138713396512394,True,True
1,10,7,3,2.4000000000000012,0.75,2.0,1.451296650933667,32.29870334906633,True,True
1,10,7,3,2.4000000000000012,1.0,2.0,1.5403751662596932,32.45962483374031,True,True
1,10,7,3,2.5000000000000013,0.0,2.0,1.1295738510606022,31.870426148939398,True,True
1,10,7,3,2.5000000000000013,0.25,2.0,1.2175139948140785,32.03248600518592,True,True
1,10,7,3,2.5000000000000013,0.5,2.0,1.304531408856512,32.19546859114349,True,True
1,10,7,3,2.5000000000000013,0.75,2.0,1.3906328834530655,32.359367116546935,True,True
1,10,7,3,2.5000000000000013,1.0,2.0,1.4758253037399758,32.524174696260026,True,True
1,10,7,3,2.6000000000000014,0.0,2.0,1.0845981114790462,31.915401888520954,True,True
1,10,7,3,2.6000000000000014,0.25,2.0,1.1689130113731565,32.08108698862684,True,True
1,10,7,3,2.6000000000000014,0.5,2.0,1.2523264773261964,32.24767352267381,True,True
1,10,7,3,2.6000000000000014,0.75,2.0,1.334845746236324,32.415154253763674,True,True
1,10,7,3,2.6000000000000014,1.0,2.0,1.4164781308539283,32.58352186914607,True,True
1,10,7,3,2.700000000000002,0.0,2.0,1.0430705938512261,31.956929406148774,True,True
1,10,7,3,2.700000000000002,0.25,2.0,1.1240479683056588,32.12595203169434,True,True
1,10,7,3,2.700000000000002,0.5,2.0,1.2041448896784335,32.29585511032157,True,True
1,10,7,3,2.700000000000002,0.75,2.0,1.2833689649436177,32.46663103505638,True,True
1,10,7,3,2.700000000000002,1.0,2.0,1.361727859013465,32.63827214098654,True,True
1,10,7,3,2.8000000000000016,0.0,2.0,1.0046089801792064,31.995391019820794,True,True
1,10,7,3,2.8000000000000016,0.25,2.0,1.082503532940036,32.16749646705996,True,True
1,10,7,3,2.8000000000000016,0.5,2.0,1.1595381723311338,32.34046182766887,True,True
1,10,7,3,2.8000000000000016,0.75,2.0,1.2357208103624995,32.5142791896375,True,True
1,10,7,3,2.8000000000000016,1.0,2.0,1.3110594002381042,32.68894059976189,True,True
1,10,7,3,2.9000000000000017,0.0,2.0,0.9688855119351043,32.031114488064894,True,True
1,10,7,3,2.9000000000000017,0.25,2.0,1.0439238065906498,32.20607619340935,True,True
1,10,7,3,2.9000000000000017,0.5,2.0,1.1181222033859317,32.38187779661407,True,True
1,10,7,3,2.9000000000000017,0.75,2.0,1.1914888640418226,32.55851113595818,True,True
1,10,7,3,2.9000000000000017,1.0,2.0,1.2640319759103331,32.735968024089665,True,True
1,10,7,3,3.0000000000000018,0.0,2.0,0.9356175837266196,32.06438241627338,True,True
1,10,7,3,3.0000000000000018,0.25,2.0,1.0080020490492476,32.241997950950754,True,True
1,10,7,3,3.0000000000000018,0.5,2.0,1.0795660557851807,32.42043394421482,True,True
1,10,7,3,3.0000000000000018,0.75,2.0,1.1503179682385944,32.599682031761404,True,True
1,10,7,3,3.0000000000000018,1.0,2.0,1.2202661619404989,32.7797338380595,True,True
2,5,4,1,1.1,0.0,5.0,0.8613084183628567,2.6386915816371435,True,False
2,5,4,1,1.1,0.25,5.0,1.0535890741590364,2.6964109258409636,True,False
2,5,4,1,1.1,0.5,5.0,1.2312938852141924,2.7687061147858074,True,False
2,5,4,1,1.1,0.75,5.0,1.3912750701200938,2.858724929879906,True,False
2,5,4,1,1.1,1.0,5.0,1.5309412718383464,2.9690587281616536,True,False
2,5,4,1,1.2000000000000002,0.0,5.0,0.7604714927468401,2.73952850725316,True,False
2,5,4,1,1.2000000000000002,0.25,5.0,0.920296730217533,2.829703269782467,True,False
2,5,4,1,1.2000000000000002,0.5,5.0,1.0645856533065143,2.9354143466934857,True,False
2,5,4,1,1.2000000000000002,0.75,5.0,1.192373779766692,3.057626220233308,True,False
2,5,4,1,1.2000000000000002,1.0,5.0,1.303515275699954,3.196484724300046,True,False
2,5,4,1,1.3000000000000003,0.0,5.0,0.6825623779709293,2.817437622029071,True,False
2,5,4,1,1.3000000000000003,0.25,5.0,0.8205907596412829,2.929409240358717,True,False
2,5,4,1,1.3000000000000003,0.5,5.0,0.9438822909426166,3.0561177090573834,True,False
2,5,4,1,1.3000000000000003,0.75,5.0,1.0525073964752085,3.1974926035247915,True,False
2,5,4,1,1.3000000000000003,1.0,5.0,1.1471191570046406,3.3528808429953596,True,False
2,5,4,1,1.4000000000000004,0.0,5.0,0.6200505700316874,2.8799494299683124,True,False
2,5,4,1,1.4000000000000004,0.25,5.0,0.7420912910312927,3.0079087089687073,True,False
2,5,4,1,1.4000000000000004,0.5,5.0,0.8504659328977799,3.14953406710222,True,False
2,5,4,1,1.4000000000000004,0.75,5.0,0.9457523584929246,3.304247641507075,True,False
2,5,4,1,1.4000000000000004,1.0,5.0,1.028905643051517,3.471094356948483,True,False
2,5,4,1,1.5000000000000007,0.0,5.0,0.5685460934368476,2.9314539065631524,True,False
2,5,4,1,1.5000000000000007,0.25,5.0,0.6782161153045771,3.0717838846954226,True,False
2,5,4,1,1.5000000000000007,0.5,5.0,0.7752551286084106,3.2247448713915894,True,False
2,5,4,1,1.5000000000000007,0.75,5.0,0.8605007578755397,3.3894992421244603,True,False
2,5,4,1,1.5000000000000007,1.0,5.0,0.9350221801617078,3.564977819838292,True,False
2,5,4,1,1.6000000000000005,0.0,5.0,0.5252551286084108,2.9747448713915894,True,False
2,5,4,1,1.6000000000000005,0.25,5.0,0.6249999999999998,3.125,True,False
2,5,4,1,1.6000000000000005,0.5,5.0,0.7130462323766247,3.286953767623375,True,False
2,5,4,1,1.6000000000000005,0.75,5.0,0.7903652184960859,3.4596347815039143,True,False
2,5,4,1,1.6000000000000005,1.0,5.0,0.8580589092924942,3.6419410907075056,True,False
2,5,4,1,1.7000000000000006,0.0,5.0,0.48829014242343227,3.0117098575765677,True,False
2,5,4,1,1.7000000000000006,0.25,5.0,0.5798591945729015,3.1701408054270983,True,False
2,5,4,1,1.7000000000000006,0.5,5.0,0.6605532309722704,3.3394467690277296,True,False
2,5,4,1,1.7000000000000006,0.75,5.0,0.7314091029877903,3.51859089701221,True,False
2,5,4,1,1.7000000000000006,1.0,5.0,0.7935235911928522,3.7064764088071476,True,False
2,5,4,1,1.8000000000000005,0.0,5.0,0.4563187753116644,3.043681224688336,True,False
2,5,4,1,1.8000000000000005,0.25,5.0,0.5410157838681562,3.208984216131844,True,False
2,5,4,1,1.8000000000000005,0.5,5.0,0.6155626895136539,3.384437310486346,True,False
2,5,4,1,1.8000000000000005,0.75,5.0,0.6810230457363782,3.568976954263622,True,False
2,5,4,1,1.8000000000000005,1.0,5.0,0.7384702377319119,3.761529762268088,True,False
2,5,4,1,1.9000000000000008,0.0,5.0,0.4283682334644834,3.071631766535517,True,False
2,5,4,1,1.9000000000000008,0.25,5.0,0.5071958627439608,3.242804137256039,True,False
2,5,4,1,1.9000000000000008,0.5,5.0,0.5765128067054186,3.4234871932945814,True,False
2,5,4,1,1.9000000000000008,0.75,5.0,0.637386669509636,3.612613330490364,True,False
2,5,4,1,1.9000000000000008,1.0,5.0,0.6908588734076764,3.8091411265923236,True,False
2,5,4,1,2.000000000000001,0.0,5.0,0.40370879821637384,3.096291201783626,True,False
2,5,4,1,2.000000000000001,0.25,5.0,0.47745751406263137,3.2725424859373686,True,False
2,5,4,1,2.000000000000001,0.5,5.0,0.5422620262886746,3.4577379737113256,True,False
2,5,4,1,2.000000000000001,0.75,5.0,0.5991805480332868,3.650819451966713,True,False
2,5,4,1,2.000000000000001,1.0,5.0,0.6492189406417876,3.850781059358212,True,False
2,5,4,1,2.100000000000001,0.0,5.0,0.38178078893628675,3.118219211063713,True,False
2,5,4,1,2.100000000000001,0.25,5.0,0.4510864626302751,3.298913537369725,True,False
2,5,4,1,2.100000000000001,0.5,5.0,0.5119523817143099,3.48804761828569,True,False
2,5,4,1,2.100000000000001,0.75,5.0,0.565419393982258,3.684580606017742,True,False
2,5,4,1,2.100000000000001,1.0,5.0,0.6124568344475252,3.887543165552475,True,False
2,5,4,1,2.200000000000001,0.0,5.0,0.3621468508389065,3.1378531491610935,True,False
2,5,4,1,2.200000000000001,0.25,5.0,0.42752963603897753,3.3224703639610222,True,False
2,5,4,1,2.200000000000001,0.5,5.0,0.4849242443182762,3.515075755681724,True,False
2,5,4,1,2.200000000000001,0.75,5.0,0.5353495238375079,3.7146504761624923,True,False
2,5,4,1,2.200000000000001,1.0,5.0,0.5797387248478971,3.920261275152103,True,False
2,5,4,1,2.300000000000001,0.0,5.0,0.3444597201570956,3.1555402798429046,True,False
2,5,4,1,2.300000000000001,0.25,5.0,0.4063511829487323,3.3436488170512675,True,False
2,5,4,1,2.300000000000001,0.5,5.0,0.46066078546952327,3.539339214530477,True,False
2,5,4,1,2.300000000000001,0.75,5.0,0.508382826097495,3.741617173902505,True,False
2,5,4,1,2.300000000000001,1.0,5.0,0.5504156518366792,3.949584348163321,True,False
2,5,4,1,2.4000000000000012,0.0,5.0,0.3284398242306681,3.171560175769332,True,False
2,5,4,1,2.4000000000000012,0.25,5.0,0.3872024107202394,3.3627975892797606,True,False
2,5,4,1,2.4000000000000012,0.5,5.0,0.4387505004004002,3.5612494995996,True,False
2,5,4,1,2.4000000000000012,0.75,5.0,0.4840526110403982,3.765947388959602,True,False
2,5,4,1,2.4000000000000012,1.0,5.0,0.5239737352326681,3.9760262647673317,True,False
2,5,4,1,2.5000000000000013,0.0,5.0,0.3138593383654926,3.186140661634507,True,False
2,5,4,1,2.5000000000000013,0.25,5.0,0.3698006776509628,3.3801993223490374,True,False
2,5,4,1,2.5000000000000013,0.5,5.0,0.41886116991581,3.58113883008419,True,False
2,5,4,1,2.5000000000000013,0.75,5.0,0.461983163043741,3.788016836956259,True,False
2,5,4,1,2.5000000000000013,1.0,5.0,0.49999999999999956,4.0,True,False
2,5,4,1,2.6000000000000014,0.0,5.0,0.3005306010606712,3.199469398939329,True,False
2,5,4,1,2.6000000000000014,0.25,5.0,0.35391422888880997,3.3960857711111903,True,False
2,5,4,1,2.6000000000000014,0.5,5.0,0.4007213164390928,3.5992786835609074,True,False
2,5,4,1,2.6000000000000014,0.75,5.0,0.44186818926511484,3.808131810734885,True,False
2,5,4,1,2.6000000000000014,1.0,5.0,0.4781582810750058,4.021841718924994,True,False
2,5,4,1,2.700000000000002,0.0,5.0,0.28829754256412543,3.211702457435875,True,False
2,5,4,1,2.700000000000002,0.25,5.0,0.3393510842016678,3.4106489157983324,True,False
2,5,4,1,2.700000000000002,0.5,5.0,0.38410671419455666,3.615893285805443,True,False
2,5,4,1,2.700000000000002,0.75,5.0,0.4234552225610897,3.8265447774389103,True,False
2,5,4,1,2.700000000000002,1.0,5.0,0.4581718419033176,4.041828158096682,True,False
2,5,4,1,2.8000000000000016,0.0,5.0,0.27702924090705117,3.2229707590929486,True,False
2,5,4,1,2.8000000000000016,0.25,5.0,0.3259507524198684,3.4240492475801316,True,False
2,5,4,1,2.8000000000000016,0.5,5.0,0.36883039333296597,3.631169606667034,True,False
2,5,4,1,2.8000000000000016,0.75,5.0,0.40653411439155973,3.84346588560844,True,False
2,5,4,1,2.8000000000000016,1.0,5.0,0.43981058607511603,4.060189413924884,True,False
2,5,4,1,2.9000000000000017,0.0,5.0,0.26661500800272386,3.2333849919972764,True,False
2,5,4,1,2.9000000000000017,0.25,5.0,0.31357795804483124,3.4364220419551685,True,False
2,5,4,1,2.9000000000000017,0.5,5.0,0.354735111988304,3.6452648880116962,True,False
2,5,4,1,2.9000000000000017,0.75,5.0,0.39092840103275206,3.859071598967248,True,False
2,5,4,1,2.9000000000000017,1.0,5.0,0.4228814846963216,4.077118515303678,True,False
2,5,4,1,3.0000000000000018,0.0,5.0,0.2569605944025901,3.24303940559741,True,False
2,5,4,1,3.0000000000000018,0.25,5.0,0.3021178259852604,3.4478821740147394,True,False
2,5,4,1,3.0000000000000018,0.5,5.0,0.3416876048222999,3.6583123951777,True,False
2,5,4,1,3.0000000000000018,0.75,5.0,0.37648872847022585,3.8735112715297744,True,False
2,5,4,1,3.0000000000000018,1.0,5.0,0.4072213010420014,4.092778698957998,True,False
2,5,4,2,1.1,0.0,5.0,1.7226168367257133,5.277383163274287,True,True
2,5,4,2,1.1,0.25,5.0,1.9181455033520656,5.331854496647934,True,True
2,5,4,2,1.1,0.5,5.0,2.1071781483180727,5.392821851681927,True,True
2,5,4,2,1.1,0.75,5.0,2.2889278074438093,5.461072192556191,True,True
2,5,4,2,1.1,1.0,5.0,2.4625877704283847,5.537412229571615,True,True
2,5,4,2,1.2000000000000002,0.0,5.0,1.5209429854936802,5.47905701450632,True,True
2,5,4,2,1.2000000000000002,0.25,5.0,1.6844781629674965,5.565521837032503,True,True
2,5,4,2,1.2000000000000002,0.5,5.0,1.840593460435066,5.659406539564934,True,True
2,5,4,2,1.2000000000000002,0.75,5.0,1.9889216170406205,5.761078382959379,True,True
2,5,4,2,1.2000000000000002,1.0,5.0,2.1291713066130287,5.870828693386971,True,True
2,5,4,2,1.3000000000000003,0.0,5.0,1.3651247559418587,5.634875244058142,True,True
2,5,4,2,1.3000000000000003,0.25,5.0,1.5067982045721307,5.743201795427869,True,True
2,5,4,2,1.3000000000000003,0.5,5.0,1.6411815192825658,5.858818480717434,True,True
2,5,4,2,1.3000000000000003,0.75,5.0,1.7681772919685614,5.981822708031439,True,True
2,5,4,2,1.3000000000000003,1.0,5.0,1.887764581885233,6.112235418114767,True,True
2,5,4,2,1.4000000000000004,0.0,5.0,1.2401011400633748,5.759898859936625,True,True
2,5,4,2,1.4000000000000004,0.25,5.0,1.365595053053633,5.884404946946367,True,True
2,5,4,2,1.4000000000000004,0.5,5.0,1.4841825820625854,6.015817417937415,True,True
2,5,4,2,1.4000000000000004,0.75,5.0,1.5959220222705346,6.154077977729465,True,True
2,5,4,2,1.4000000000000004,1.0,5.0,1.7009318657955599,6.29906813420444,True,True
2,5,4,2,1.5000000000000007,0.0,5.0,1.1370921868736952,5.862907813126305,True,True
2,5,4,2,1.5000000000000007,0.25,5.0,1.2499999999999996,6.0,True,True
2,5,4,2,1.5000000000000007,0.5,5.0,1.3564322306091543,6.143567769390845,True,True
2,5,4,2,1.5000000000000007,0.75,5.0,1.4565380231780911,6.293461976821909,True,True
2,5,4,2,1.5000000000000007,1.0,5.0,1.5505102572168212,6.449489742783179,True,True
2,5,4,2,1.6000000000000005,0.0,5.0,1.0505102572168217,5.949489742783179,True,True
2,5,4,2,1.6000000000000005,0.25,5.0,1.1532850083393509,6.096714991660649,True,True
2,5,4,2,1.6000000000000005,0.5,5.0,1.2499999999999996,6.25,True,True
2,5,4,2,1.6000000000000005,0.75,5.0,1.3408581334108383,6.409141866589161,True,True
2,5,4,2,1.6000000000000005,1.0,5.0,1.4260924647532494,6.57390753524675,True,True
2,5,4,2,1.7000000000000006,0.0,5.0,0.9765802848468645,6.0234197151531355,True,True
2,5,4,2,1.7000000000000006,0.25,5.0,1.0709878737217253,6.179012126278275,True,True
2,5,4,2,1.7000000000000006,0.5,5.0,1.159718389145803,6.340281610854197,True,True
2,5,4,2,1.7000000000000006,0.75,5.0,1.243006514848041,6.506993485151959,True,True
2,5,4,2,1.7000000000000006,1.0,5.0,1.3211064619445407,6.678893538055459,True,True
2,5,4,2,1.8000000000000005,0.0,5.0,0.9126375506233289,6.087362449376672,True,True
2,5,4,2,1.8000000000000005,0.25,5.0,0.9999999999999996,6.25,True,True
2,5,4,2,1.8000000000000005,0.5,5.0,1.0820315677363124,6.417968432263688,True,True
2,5,4,2,1.8000000000000005,0.75,5.0,1.1589852520446224,6.591014747955377,True,True
2,5,4,2,1.8000000000000005,1.0,5.0,1.2311253790273078,6.768874620972692,True,True
2,5,4,2,1.9000000000000008,0.0,5.0,0.8567364669289668,6.143263533071034,True,True
2,5,4,2,1.9000000000000008,0.25,5.0,0.9380738066666114,6.311926193333388,True,True
2,5,4,2,1.9000000000000008,0.5,5.0,1.0143917254879216,6.485608274512078,True,True
2,5,4,2,1.9000000000000008,0.75,5.0,1.0859530490260934,6.664046950973907,True,True
2,5,4,2,1.9000000000000008,1.0,5.0,1.1530256134108372,6.846974386589163,True,True
2,5,4,2,2.000000000000001,0.0,5.0,0.8074175964327477,6.192582403567252,True,True
2,5,4,2,2.000000000000001,0.25,5.0,0.8835359750673359,6.3664640249326645,True,True
2,5,4,2,2.000000000000001,0.5,5.0,0.9549150281252627,6.545084971874737,True,True
2,5,4,2,2.000000000000001,0.75,5.0,1.0218219473716674,6.728178052628333,True,True
2,5,4,2,2.000000000000001,1.0,5.0,1.0845240525773492,6.915475947422651,True,True
2,5,4,2,2.100000000000001,0.0,5.0,0.7635615778725735,6.236438422127426,True,True
2,5,4,2,2.100000000000001,0.25,5.0,0.8351107292838402,6.414889270716159,True,True
2,5,4,2,2.100000000000001,0.5,5.0,0.9021729252605502,6.59782707473945,True,True
2,5,4,2,2.100000000000001,0.75,5.0,0.9650161594295827,6.784983840570417,True,True
2,5,4,2,2.100000000000001,1.0,5.0,1.0239047634286198,6.97609523657138,True,True
2,5,4,2,2.200000000000001,0.0,5.0,0.724293701677813,6.275706298322187,True,True
2,5,4,2,2.200000000000001,0.25,5.0,0.7918059303387568,6.458194069661243,True,True
2,5,4,2,2.200000000000001,0.5,5.0,0.8550592720779551,6.6449407279220445,True,True
2,5,4,2,2.200000000000001,0.75,5.0,0.9143201794182465,6.8356798205817535,True,True
2,5,4,2,2.200000000000001,1.0,5.0,0.9698484886365524,7.030151511363448,True,True
2,5,4,2,2.300000000000001,0.0,5.0,0.6889194403141912,6.311080559685809,True,True
2,5,4,2,2.300000000000001,0.25,5.0,0.75283693844275,6.49716306155725,True,True
2,5,4,2,2.300000000000001,0.5,5.0,0.8127023658974646,6.687297634102535,True,True
2,5,4,2,2.300000000000001,0.75,5.0,0.8687790948709733,6.881220905129027,True,True
2,5,4,2,2.300000000000001,1.0,5.0,0.9213215709390465,7.078678429060954,True,True
2,5,4,2,2.4000000000000012,0.0,5.0,0.6568796484613362,6.343120351538664,True,True
2,5,4,2,2.4000000000000012,0.25,5.0,0.7175741625967476,6.5324258374032524,True,True
2,5,4,2,2.4000000000000012,0.5,5.0,0.7744048214404788,6.725595178559521,True,True
2,5,4,2,2.4000000000000012,0.75,5.0,0.8276309161289084,6.922369083871091,True,True
2,5,4,2,2.4000000000000012,1.0,5.0,0.8775010008008004,7.1224989991992,True,True
2,5,4,2,2.5000000000000013,0.0,5.0,0.6277186767309852,6.372281323269014,True,True
2,5,4,2,2.5000000000000013,0.25,5.0,0.6855059959237875,6.564494004076213,True,True
2,5,4,2,2.5000000000000013,0.5,5.0,0.7396013553019256,6.760398644698075,True,True
2,5,4,2,2.5000000000000013,0.75,5.0,0.7902593301867329,6.959740669813267,True,True
2,5,4,2,2.5000000000000013,1.0,5.0,0.83772233983162,7.16227766016838,True,True
2,5,4,2,2.6000000000000014,0.0,5.0,0.6010612021213424,6.398938797878658,True,True
2,5,4,2,2.6000000000000014,0.25,5.0,0.6562120447770399,6.59378795522296,True,True
2,5,4,2,2.6000000000000014,0.5,5.0,0.7078284577776199,6.7921715422223805,True,True
2,5,4,2,2.6000000000000014,0.75,5.0,0.7561599172868028,6.993840082713197,True,True
2,5,4,2,2.6000000000000014,1.0,5.0,0.8014426328781856,7.198557367121815,True,True
2,5,4,2,2.700000000000002,0.0,5.0,0.5765950851282509,6.42340491487175,True,True
2,5,4,2,2.700000000000002,0.25,5.0,0.6293434219968845,6.620656578003116,True,True
2,5,4,2,2.700000000000002,0.5,5.0,0.6787021684033356,6.821297831596665,True,True
2,5,4,2,2.700000000000002,0.75,5.0,0.7249154920212999,7.0250845079787005,True,True
2,5,4,2,2.700000000000002,1.0,5.0,0.7682134283891133,7.231786571610886,True,True
2,5,4,2,2.8000000000000016,0.0,5.0,0.5540584818141023,6.445941518185897,True,True
2,5,4,2,2.8000000000000016,0.25,5.0,0.604607996113276,6.645392003886724,True,True
2,5,4,2,2.8000000000000016,0.5,5.0,0.6519015048397367,6.848098495160263,True,True
2,5,4,2,2.8000000000000016,0.75,5.0,0.6961777787542576,7.053822221245742,True,True
2,5,4,2,2.8000000000000016,1.0,5.0,0.7376607866659319,7.262339213334068,True,True
2,5,4,2,2.9000000000000017,0.0,5.0,0.5332300160054477,6.466769983994553,True,True
2,5,4,2,2.9000000000000017,0.25,5.0,0.5817591854780182,6.668240814521981,True,True
2,5,4,2,2.9000000000000017,0.5,5.0,0.6271559160896625,6.872844083910337,True,True
2,5,4,2,2.9000000000000017,0.75,5.0,0.6696535772782415,7.0803464227217585,True,True
2,5,4,2,2.9000000000000017,1.0,5.0,0.709470223976608,7.2905297760233925,True,True
2,5,4,2,3.0000000000000018,0.0,5.0,0.5139211888051802,6.48607881119482,True,True
2,5,4,2,3.0000000000000018,0.25,5.0,0.5605873319671839,6.689412668032816,True,True
2,5,4,2,3.0000000000000018,0.5,5.0,0.6042356519705208,6.895764348029479,True,True
2,5,4,2,3.0000000000000018,0.75,5.0,0.6450941706194175,7.1049058293805825,True,True
2,5,4,2,3.0000000000000018,1.0,5.0,0.6833752096445997,7.3166247903554,True,True
2,5,4,3,1.1,0.0,5.0,2.58392525508857,7.91607474491143,True,True
2,5,4,3,1.1,0.25,5.0,2.7804799883390583,7.969520011660942,True,True
2,5,4,3,1.1,0.5,5.0,2.972874432014974,8.027125567985026,True,True
2,5,4,3,1.1,0.75,5.0,3.1607672224771086,8.089232777522891,True,True
2,5,4,3,1.1,1.0,5.0,3.3438053430213235,8.156194656978677,True,True
2,5,4,3,1.2000000000000002,0.0,5.0,2.28141447824052,8.21858552175948,True,True
2,5,4,3,1.2000000000000002,0.25,5.0,2.446156371535004,8.303843628464996,True,True
2,5,4,3,1.2000000000000002,0.5,5.0,2.606040774302443,8.393959225697557,True,True
2,5,4,3,1.2000000000000002,0.75,5.0,2.7608901906525993,8.4891098093474,True,True
2,5,4,3,1.2000000000000002,1.0,5.0,2.9105458270998628,8.589454172900137,True,True
2,5,4,3,1.3000000000000003,0.0,5.0,2.0476871339127882,8.452312866087212,True,True
2,5,4,3,1.3000000000000003,0.25,5.0,2.1905651992857504,8.55943480071425,True,True
2,5,4,3,1.3000000000000003,0.5,5.0,2.3286135038926097,8.67138649610739,True,True
2,5,4,3,1.3000000000000003,0.75,5.0,2.4617722789238488,8.78822772107615,True,True
2,5,4,3,1.3000000000000003,1.0,5.0,2.5900036514139884,8.909996348586011,True,True
2,5,4,3,1.4000000000000004,0.0,5.0,1.8601517100950624,8.639848289904938,True,True
2,5,4,3,1.4000000000000004,0.25,5.0,1.9867983067288164,8.763201693271183,True,True
2,5,4,3,1.4000000000000004,0.5,5.0,2.108835008437366,8.891164991562635,True,True
2,5,4,3,1.4000000000000004,0.75,5.0,2.226273873093878,9.023726126906123,True,True
2,5,4,3,1.4000000000000004,1.0,5.0,2.3391454778269165,9.160854522173084,True,True
2,5,4,3,1.5000000000000007,0.0,5.0,1.7056382803105428,8.794361719689457,True,True
2,5,4,3,1.5000000000000007,0.25,5.0,1.819634336668026,8.930365663331974,True,True
2,5,4,3,1.5000000000000007,0.5,5.0,1.929285785728574,9.070714214271426,True,True
2,5,4,3,1.5000000000000007,0.75,5.0,2.0346483459137312,9.21535165408627,True,True
2,5,4,3,1.5000000000000007,1.0,5.0,2.135791926299759,9.36420807370024,True,True
2,5,4,3,1.6000000000000005,0.0,5.0,1.5757653858252323,8.924234614174768,True,True
2,5,4,3,1.6000000000000005,0.25,5.0,1.6795636252263786,9.070436374773621,True,True
2,5,4,3,1.6000000000000005,0.5,5.0,1.7792809834656946,9.220719016534305,True,True
2,5,4,3,1.6000000000000005,0.75,5.0,1.8749999999999991,9.375,True,True
2,5,4,3,1.6000000000000005,1.0,5.0,1.96681351239461,9.53318648760539,True,True
2,5,4,3,1.7000000000000006,0.0,5.0,1.4648704272702968,9.035129572729703,True,True
2,5,4,3,1.7000000000000006,0.25,5.0,1.5602405441650244,9.189759455834976,True,True
2,5,4,3,1.7000000000000006,0.5,5.0,1.6517765749099533,9.348223425090048,True,True
2,5,4,3,1.7000000000000006,0.75,5.0,1.7395775837187046,9.510422416281296,True,True
2,5,4,3,1.7000000000000006,1.0,5.0,1.8237497307901278,9.676250269209872,True,True
2,5,4,3,1.8000000000000005,0.0,5.0,1.3689563259349935,9.131043674065006,True,True
2,5,4,3,1.8000000000000005,0.25,5.0,1.4572253340278314,9.292774665972168,True,True
2,5,4,3,1.8000000000000005,0.5,5.0,1.5418859709873605,9.45811402901264,True,True
2,5,4,3,1.8000000000000005,0.75,5.0,1.6230473516044688,9.62695264839553,True,True
2,5,4,3,1.8000000000000005,1.0,5.0,1.7008231289145517,9.799176871085448,True,True
2,5,4,3,1.9000000000000008,0.0,5.0,1.2851047003934504,9.21489529960655,True,True
2,5,4,3,1.9000000000000008,0.25,5.0,1.3672977117082468,9.382702288291753,True,True
2,5,4,3,1.9000000000000008,0.5,5.0,1.446087010514928,9.553912989485072,True,True
2,5,4,3,1.9000000000000008,0.75,5.0,1.521587588231883,9.728412411768117,True,True
2,5,4,3,1.9000000000000008,1.0,5.0,1.5939169503257666,9.906083049674233,True,True
2,5,4,3,2.000000000000001,0.0,5.0,1.2111263946491215,9.28887360535088,True,True
2,5,4,3,2.000000000000001,0.25,5.0,1.288054318932045,9.461945681067956,True,True
2,5,4,3,2.000000000000001,0.5,5.0,1.361763660688287,9.638236339311714,True,True
2,5,4,3,2.000000000000001,0.75,5.0,1.4323725421878937,9.817627457812106,True,True
2,5,4,3,2.000000000000001,1.0,5.0,1.4999999999999991,10.0,True,True
2,5,4,3,2.100000000000001,0.0,5.0,1.14534236680886,9.35465763319114,True,True
2,5,4,3,2.100000000000001,0.25,5.0,1.2176592462419986,9.532340753758001,True,True
2,5,4,3,2.100000000000001,0.5,5.0,1.2869251134118196,9.713074886588181,True,True
2,5,4,3,2.100000000000001,0.75,5.0,1.3532593878908257,9.896740612109173,True,True
2,5,4,3,2.100000000000001,1.0,5.0,1.4167811370430732,10.083218862956926,True,True
2,5,4,3,2.200000000000001,0.0,5.0,1.08644055251672,9.41355944748328,True,True
2,5,4,3,2.200000000000001,0.25,5.0,1.154682530252665,9.595317469747336,True,True
2,5,4,3,2.200000000000001,0.5,5.0,1.2200254886060566,9.779974511393943,True,True
2,5,4,3,2.200000000000001,0.75,5.0,1.2825889081169324,9.967411091883069,True,True
2,5,4,3,2.200000000000001,1.0,5.0,1.342490911678528,10.157509088321472,True,True
2,5,4,3,2.300000000000001,0.0,5.0,1.033379160471287,9.466620839528712,True,True
2,5,4,3,2.300000000000001,0.25,5.0,1.09799182686735,9.65200817313265,True,True
2,5,4,3,2.300000000000001,0.5,5.0,1.1598437215073538,9.840156278492646,True,True
2,5,4,3,2.300000000000001,0.75,5.0,1.2190535488461975,10.030946451153802,True,True
2,5,4,3,2.300000000000001,1.0,5.0,1.2757378553407888,10.22426214465921,True,True
2,5,4,3,2.4000000000000012,0.0,5.0,0.9853194726920043,9.514680527307995,True,True
2,5,4,3,2.4000000000000012,0.25,5.0,1.0466775767048038,9.703322423295196,True,True
2,5,4,3,2.4000000000000012,0.5,5.0,1.1054010421882632,9.894598957811738,True,True
2,5,4,3,2.4000000000000012,0.75,5.0,1.1616072321607183,10.08839276783928,True,True
2,5,4,3,2.4000000000000012,1.0,5.0,1.2154107131957357,10.284589286804264,True,True
2,5,4,3,2.5000000000000013,0.0,5.0,0.9415780150964776,9.558421984903521,True,True
2,5,4,3,2.5000000000000013,0.25,5.0,0.9999999999999991,9.75,True,True
2,5,4,3,2.5000000000000013,0.5,5.0,1.0559027913422048,9.944097208657794,True,True
2,5,4,3,2.5000000000000013,0.75,5.0,1.1094020329528886,10.14059796704711,True,True
2,5,4,3,2.5000000000000013,1.0,5.0,1.1606100623285442,10.339389937671456,True,True
2,5,4,3,2.6000000000000014,0.0,5.0,0.901591803182014,9.598408196817985,True,True
2,5,4,3,2.6000000000000014,0.25,5.0,0.9573507382319271,9.792649261768073,True,True
2,5,4,3,2.6000000000000014,0.5,5.0,1.0106964734108077,9.989303526589193,True,True
2,5,4,3,2.6000000000000014,0.75,5.0,1.0617426866664301,10.188257313333569,True,True
2,5,4,3,2.6000000000000014,1.0,5.0,1.1105993424216454,10.389400657578355,True,True
2,5,4,3,2.700000000000002,0.0,5.0,0.8648926276923765,9.635107372307623,True,True
2,5,4,3,2.700000000000002,0.25,5.0,0.9182245712598185,9.831775428740182,True,True
2,5,4,3,2.700000000000002,0.5,5.0,0.9692409269772702,10.030759073022729,True,True
2,5,4,3,2.700000000000002,0.75,5.0,1.0180532526050028,10.231946747394996,True,True
2,5,4,3,2.700000000000002,1.0,5.0,1.0647690677097996,10.4352309322902,True,True
2,5,4,3,2.8000000000000016,0.0,5.0,0.8310877227211542,9.668912277278846,True,True
2,5,4,3,2.8000000000000016,0.25,5.0,0.8821982174657581,9.867801782534242,True,True
2,5,4,3,2.8000000000000016,0.5,5.0,0.9310832793757333,10.068916720624266,True,True
2,5,4,3,2.8000000000000016,0.75,5.0,0.9778522572596051,10.272147742740394,True,True
2,5,4,3,2.8000000000000016,1.0,5.0,1.0226102037472842,10.477389796252716,True,True
2,5,4,3,2.9000000000000017,0.0,5.0,0.7998450240081718,9.700154975991829,True,True
2,5,4,3,2.9000000000000017,0.25,5.0,0.8489142091419764,9.901085790858023,True,True
2,5,4,3,2.9000000000000017,0.5,5.0,0.8958414599333171,10.104158540066683,True,True
2,5,4,3,2.9000000000000017,0.75,5.0,0.9407338741344935,10.309266125865506,True,True
2,5,4,3,2.9000000000000017,1.0,5.0,0.9836940494977551,10.516305950502245,True,True
2,5,4,3,3.0000000000000018,0.0,5.0,0.7708817832077699,9.72911821679223,True,True
2,5,4,3,3.0000000000000018,0.25,5.0,0.8180684666104536,9.931931533389546,True,True
2,5,4,3,3.0000000000000018,0.5,5.0,0.8631907522521471,10.136809247747852,True,True
2,5,4,3,3.0000000000000018,0.75,5.0,0.9063534779557809,10.343646522044219,True,True
2,5,4,3,3.0000000000000018,1.0,5.0,0.9476568219253627,10.552343178074636,True,True
2,5,5,1,1.1,0.0,4.0,0.8613084183628567,2.6386915816371435,True,False
2,5,5,1,1.1,0.25,4.0,1.0535890741590364,2.6964109258409636,True,False
2,5,5,1,1.1,0.5,4.0,1.2312938852141924,2.7687061147858074,True,False
2,5,5,1,1.1,0.75,4.0,1.3912750701200938,2.858724929879906,True,False
2,5,5,1,1.1,1.0,4.0,1.5309412718383464,2.9690587281616536,True,False
2,5,5,1,1.2000000000000002,0.0,4.0,0.7604714927468401,2.73952850725316,True,False
2,5,5,1,1.2000000000000002,0.25,4.0,0.920296730217533,2.829703269782467,True,False
2,5,5,1,1.2000000000000002,0.5,4.0,1.0645856533065143,2.9354143466934857,True,False
2,5,5,1,1.2000000000000002,0.75,4.0,1.192373779766692,3.057626220233308,True,False
2,5,5,1,1.2000000000000002,1.0,4.0,1.303515275699954,3.196484724300046,True,False
2,5,5,1,1.3000000000000003,0.0,4.0,0.6825623779709293,2.817437622029071,True,False
2,5,5,1,1.3000000000000003,0.25,4.0,0.8205907596412829,2.929409240358717,True,False
2,5,5,1,1.3000000000000003,0.5,4.0,0.9438822909426166,3.0561177090573834,True,False
2,5,5,1,1.3000000000000003,0.75,4.0,1.0525073964752085,3.1974926035247915,True,False
2,5,5,1,1.3000000000000003,1.0,4.0,1.1471191570046406,3.3528808429953596,True,False
2,5,5,1,1.4000000000000004,0.0,4.0,0.6200505700316874,2.8799494299683124,True,False
2,5,5,1,1.4000000000000004,0.25,4.0,0.7420912910312927,3.0079087089687073,True,False
2,5,5,1,1.4000000000000004,0.5,4.0,0.8504659328977799,3.14953406710222,True,False
2,5,5,1,1.4000000000000004,0.75,4.0,0.9457523584929246,3.304247641507075,True,False
2,5,5,1,1.4000000000000004,1.0,4.0,1.028905643051517,3.471094356948483,True,False
2,5,5,1,1.5000000000000007,0.0,4.0,0.5685460934368476,2.9314539065631524,True,False
2,5,5,1,1.5000000000000007,0.25,4.0,0.6782161153045771,3.0717838846954226,True,False
2,5,5,1,1.5000000000000007,0.5,4.0,0.7752551286084106,3.2247448713915894,True,False
2,5,5,1,1.5000000000000007,0.75,4.0,0.8605007578755397,3.3894992421244603,True,False
2,5,5,1,1.5000000000000007,1.0,4.0,0.9350221801617078,3.564977819838292,True,False
2,5,5,1,1.6000000000000005,0.0,4.0,0.5252551286084108,2.9747448713915894,True,False
2,5,5,1,1.6000000000000005,0.25,4.0,0.6249999999999998,3.125,True,False
2,5,5,1,1.6000000000000005,0.5,4.0,0.7130462323766247,3.286953767623375,True,False
2,5,5,1,1.6000000000000005,0.75,4.0,0.7903652184960859,3.4596347815039143,True,False
2,5,5,1,1.6000000000000005,1.0,4.0,0.8580589092924942,3.6419410907075056,True,False
2,5,5,1,1.7000000000000006,0.0,4.0,0.48829014242343227,3.0117098575765677,True,False
2,5,5,1,1.7000000000000006,0.25,4.0,0.5798591945729015,3.1701408054270983,True,False
2,5,5,1,1.7000000000000006,0.5,4.0,0.6605532309722704,3.3394467690277296,True,False
2,5,5,1,1.7000000000000006,0.75,4.0,0.7314091029877903,3.51859089701221,True,False
2,5,5,1,1.7000000000000006,1.0,4.0,0.7935235911928522,3.7064764088071476,True,False
2,5,5,1,1.8000000000000005,0.0,4.0,0.4563187753116644,3.043681224688336,True,False
2,5,5,1,1.8000000000000005,0.25,4.0,0.5410157838681562,3.208984216131844,True,False
2,5,5,1,1.8000000000000005,0.5,4.0,0.6155626895136539,3.384437310486346,True,False
2,5,5,1,1.8000000000000005,0.75,4.0,0.6810230457363782,3.568976954263622,True,False
2,5,5,1,1.8000000000000005,1.0,4.0,0.7384702377319119,3.761529762268088,True,False
2,5,5,1,1.9000000000000008,0.0,4.0,0.4283682334644834,3.071631766535517,True,False
2,5,5,1,1.9000000000000008,0.25,4.0,0.5071958627439608,3.242804137256039,True,False
2,5,5,1,1.9000000000000008,0.5,4.0,0.5765128067054186,3.4234871932945814,True,False
2,5,5,1,1.9000000000000008,0.75,4.0,0.637386669509636,3.612613330490364,True,False
2,5,5,1,1.9000000000000008,1.0,4.0,0.6908588734076764,3.8091411265923236,True,False
2,5,5,1,2.000000000000001,0.0,4.0,0.40370879821637384,3.096291201783626,True,False
2,5,5,1,2.000000000000001,0.25,4.0,0.47745751406263137,3.2725424859373686,True,False
2,5,5,1,2.000000000000001,0.5,4.0,0.5422620262886746,3.4577379737113256,True,False
2,5,5,1,2.000000000000001,0.75,4.0,0.5991805480332868,3.650819451966713,True,False
2,5,5,1,2.000000000000001,1.0,4.0,0.6492189406417876,3.850781059358212,True,False
2,5,5,1,2.100000000000001,0.0,4.0,0.38178078893628675,3.118219211063713,True,False
2,5,5,1,2.100000000000001,0.25,4.0,0.4510864626302751,3.298913537369725,True,False
2,5,5,1,2.100000000000001,0.5,4.0,0.5119523817143099,3.48804761828569,True,False
2,5,5,1,2.100000000000001,0.75,4.0,0.565419393982258,3.684580606017742,True,False
2,5,5,1,2.100000000000001,1.0,4.0,0.6124568344475252,3.887543165552475,True,False
2,5,5,1,2.200000000000001,0.0,4.0,0.3621468508389065,3.1378531491610935,True,False
2,5,5,1,2.200000000000001,0.25,4.0,0.42752963603897753,3.3224703639610222,True,False
2,5,5,1,2.200000000000001,0.5,4.0,0.4849242443182762,3.515075755681724,True,False
2,5,5,1,2.200000000000001,0.75,4.0,0.5353495238375079,3.7146504761624923,True,False
2,5,5,1,2.200000000000001,1.0,4.0,0.5797387248478971,3.920261275152103,True,False
2,5,5,1,2.300000000000001,0.0,4.0,0.3444597201570956,3.1555402798429046,True,False
2,5,5,1,2.300000000000001,0.25,4.0,0.4063511829487323,3.3436488170512675,True,False
2,5,5,1,2.300000000000001,0.5,4.0,0.46066078546952327,3.539339214530477,True,False
2,5,5,1,2.300000000000001,0.75,4.0,0.508382826097495,3.741617173902505,True,False
2,5,5,1,2.300000000000001,1.0,4.0,0.5504156518366792,3.949584348163321,True,False
2,5,5,1,2.4000000000000012,0.0,4.0,0.3284398242306681,3.171560175769332,True,False
2,5,5,1,2.4000000000000012,0.25,4.0,0.3872024107202394,3.3627975892797606,True,False
2,5,5,1,2.4000000000000012,0.5,4.0,0.4387505004004002,3.5612494995996,True,False
2,5,5,1,2.4000000000000012,0.75,4.0,0.4840526110403982,3.765947388959602,True,False
2,5,5,1,2.4000000000000012,1.0,4.0,0.5239737352326681,3.9760262647673317,True,False
2,5,5,1,2.5000000000000013,0.0,4.0,0.3138593383654926,3.186140661634507,True,False
2,5,5,1,2.5000000000000013,0.25,4.0,0.3698006776509628,3.3801993223490374,True,False
2,5,5,1,2.5000000000000013,0.5,4.0,0.41886116991581,3.58113883008419,True,False
2,5,5,1,2.5000000000000013,0.75,4.0,0.461983163043741,3.788016836956259,True,False
2,5,5,1,2.5000000000000013,1.0,4.0,0.49999999999999956,4.0,True,False
2,5,5,1,2.6000000000000014,0.0,4.0,0.3005306010606712,3.199469398939329,True,False
2,5,5,1,2.6000000000000014,0.25,4.0,0.35391422888880997,3.3960857711111903,True,False
2,5,5,1,2.6000000000000014,0.5,4.0,0.4007213164390928,3.5992786835609074,True,False
2,5,5,1,2.6000000000000014,0.75,4.0,0.44186818926511484,3.808131810734885,True,False
2,5,5,1,2.6000000000000014,1.0,4.0,0.4781582810750058,4.021841718924994,True,True
2,5,5,1,2.700000000000002,0.0,4.0,0.28829754256412543,3.211702457435875,True,False
2,5,5,1,2.700000000000002,0.25,4.0,0.3393510842016678,3.4106489157983324,True,False
2,5,5,1,2.700000000000002,0.5,4.0,0.38410671419455666,3.615893285805443,True,False
2,5,5,1,2.700000000000002,0.75,4.0,0.4234552225610897,3.8265447774389103,True,False
2,5,5,1,2.700000000000002,1.0,4.0,0.4581718419033176,4.041828158096682,True,True
2,5,5,1,2.8000000000000016,0.0,4.0,0.27702924090705117,3.2229707590929486,True,False
2,5,5,1,2.8000000000000016,0.25,4.0,0.3259507524198684,3.4240492475801316,True,False
2,5,5,1,2.8000000000000016,0.5,4.0,0.36883039333296597,3.631169606667034,True,False
2,5,5,1,2.8000000000000016,0.75,4.0,0.40653411439155973,3.84346588560844,True,False
2,5,5,1,2.8000000000000016,1.0,4.0,0.43981058607511603,4.060189413924884,True,True
2,5,5,1,2.9000000000000017,0.0,4.0,0.26661500800272386,3.2333849919972764,True,False
2,5,5,1,2.9000000000000017,0.25,4.0,0.31357795804483124,3.4364220419551685,True,False
2,5,5,1,2.9000000000000017,0.5,4.0,0.354735111988304,3.6452648880116962,True,False
2,5,5,1,2.9000000000000017,0.75,4.0,0.39092840103275206,3.859071598967248,True,False
2,5,5,1,2.9000000000000017,1.0,4.0,0.4228814846963216,4.077118515303678,True,True
2,5,5,1,3.0000000000000018,0.0,4.0,0.2569605944025901,3.24303940559741,True,False
2,5,5,1,3.0000000000000018,0.25,4.0,0.3021178259852604,3.4478821740147394,True,False
2,5,5,1,3.0000000000000018,0.5,4.0,0.3416876048222999,3.6583123951777,True,False
2,5,5,1,3.0000000000000018,0.75,4.0,0.37648872847022585,3.8735112715297744,True,False
2,5,5,1,3.0000000000000018,1.0,4.0,0.4072213010420014,4.092778698957998,True,True
2,5,5,2,1.1,0.0,4.0,1.7226168367257133,5.277383163274287,True,True
2,5,5,2,1.1,0.25,4.0,1.9181455033520656,5.331854496647934,True,True
2,5,5,2,1.1,0.5,4.0,2.1071781483180727,5.392821851681927,True,True
2,5,5,2,1.1,0.75,4.0,2.2889278074438093,5.461072192556191,True,True
2,5,5,2,1.1,1.0,4.0,2.4625877704283847,5.537412229571615,True,True
2,5,5,2,1.2000000000000002,0.0,4.0,1.5209429854936802,5.47905701450632,True,True
2,5,5,2,1.2000000000000002,0.25,4.0,1.6844781629674965,5.565521837032503,True,True
2,5,5,2,1.2000000000000002,0.5,4.0,1.840593460435066,5.659406539564934,True,True
2,5,5,2,1.2000000000000002,0.75,4.0,1.9889216170406205,5.761078382959379,True,True
2,5,5,2,1.2000000000000002,1.0,4.0,2.1291713066130287,5.870828693386971,True,True
2,5,5,2,1.3000000000000003,0.0,4.0,1.3651247559418587,5.634875244058142,True,True
2,5,5,2,1.3000000000000003,0.25,4.0,1.5067982045721307,5.743201795427869,True,True
2,5,5,2,1.3000000000000003,0.5,4.0,1.6411815192825658,5.858818480717434,True,True
2,5,5,2,1.3000000000000003,0.75,4.0,1.7681772919685614,5.981822708031439,True,True
2,5,5,2,1.3000000000000003,1.0,4.0,1.887764581885233,6.112235418114767,True,True
2,5,5,2,1.4000000000000004,0.0,4.0,1.2401011400633748,5.759898859936625,True,True
2,5,5,2,1.4000000000000004,0.25,4.0,1.365595053053633,5.884404946946367,True,True
2,5,5,2,1.4000000000000004,0.5,4.0,1.4841825820625854,6.015817417937415,True,True
2,5,5,2,1.4000000000000004,0.75,4.0,1.5959220222705346,6.154077977729465,True,True
2,5,5,2,1.4000000000000004,1.0,4.0,1.7009318657955599,6.29906813420444,True,True
2,5,5,2,1.5000000000000007,0.0,4.0,1.1370921868736952,5.862907813126305,True,True
2,5,5,2,1.5000000000000007,0.25,4.0,1.2499999999999996,6.0,True,True
2,5,5,2,1.5000000000000007,0.5,4.0,1.3564322306091543,6.143567769390845,True,True
2,5,5,2,1.5000000000000007,0.75,4.0,1.4565380231780911,6.293461976821909,True,True
2,5,5,2,1.5000000000000007,1.0,4.0,1.5505102572168212,6.449489742783179,True,True
2,5,5,2,1.6000000000000005,0.0,4.0,1.0505102572168217,5.949489742783179,True,True
2,5,5,2,1.6000000000000005,0.25,4.0,1.1532850083393509,6.096714991660649,True,True
2,5,5,2,1.6000000000000005,0.5,4.0,1.2499999999999996,6.25,True,True
2,5,5,2,1.6000000000000005,0.75,4.0,1.3408581334108383,6.409141866589161,True,True
2,5,5,2,1.6000000000000005,1.0,4.0,1.4260924647532494,6.57390753524675,True,True
2,5,5,2,1.7000000000000006,0.0,4.0,0.9765802848468645,6.0234197151531355,True,True
2,5,5,2,1.7000000000000006,0.25,4.0,1.0709878737217253,6.179012126278275,True,True
2,5,5,2,1.7000000000000006,0.5,4.0,1.159718389145803,6.340281610854197,True,True
2,5,5,2,1.7000000000000006,0.75,4.0,1.243006514848041,6.506993485151959,True,True
2,5,5,2,1.7000000000000006,1.0,4.0,1.3211064619445407,6.678893538055459,True,True
2,5,5,2,1.8000000000000005,0.0,4.0,0.9126375506233289,6.087362449376672,True,True
2,5,5,2,1.8000000000000005,0.25,4.0,0.9999999999999996,6.25,True,True
2,5,5,2,1.8000000000000005,0.5,4.0,1.0820315677363124,6.417968432263688,True,True
2,5,5,2,1.8000000000000005,0.75,4.0,1.1589852520446224,6.591014747955377,True,True
2,5,5,2,1.8000000000000005,1.0,4.0,1.2311253790273078,6.768874620972692,True,True
2,5,5,2,1.9000000000000008,0.0,4.0,0.8567364669289668,6.143263533071034,True,True
2,5,5,2,1.9000000000000008,0.25,4.0,0.9380738066666114,6.311926193333388,True,True
2,5,5,2,1.9000000000000008,0.5,4.0,1.0143917254879216,6.485608274512078,True,True
2,5,5,2,1.9000000000000008,0.75,4.0,1.0859530490260934,6.664046950973907,True,True
2,5,5,2,1.9000000000000008,1.0,4.0,1.1530256134108372,6.846974386589163,True,True
2,5,5,2,2.000000000000001,0.0,4.0,0.8074175964327477,6.192582403567252,True,True
2,5,5,2,2.000000000000001,0.25,4.0,0.8835359750673359,6.3664640249326645,True,True
2,5,5,2,2.000000000000001,0.5,4.0,0.9549150281252627,6.545084971874737,True,True
2,5,5,2,2.000000000000001,0.75,4.0,1.0218219473716674,6.728178052628333,True,True
2,5,5,2,2.000000000000001,1.0,4.0,1.0845240525773492,6.915475947422651,True,True
2,5,5,2,2.100000000000001,0.0,4.0,0.7635615778725735,6.236438422127426,True,True
2,5,5,2,2.100000000000001,0.25,4.0,0.8351107292838402,6.414889270716159,True,True
2,5,5,2,2.100000000000001,0.5,4.0,0.9021729252605502,6.59782707473945,True,True
2,5,5,2,2.100000000000001,0.75,4.0,0.9650161594295827,6.784983840570417,True,True
2,5,5,2,2.100000000000001,1.0,4.0,1.0239047634286198,6.97609523657138,True,True
2,5,5,2,2.200000000000001,0.0,4.0,0.724293701677813,6.275706298322187,True,True
2,5,5,2,2.200000000000001,0.25,4.0,0.7918059303387568,6.458194069661243,True,True
2,5,5,2,2.200000000000001,0.5,4.0,0.8550592720779551,6.6449407279220445,True,True
2,5,5,2,2.200000000000001,0.75,4.0,0.9143201794182465,6.8356798205817535,True,True
2,5,5,2,2.200000000000001,1.0,4.0,0.9698484886365524,7.030151511363448,True,True
2,5,5,2,2.300000000000001,0.0,4.0,0.6889194403141912,6.311080559685809,True,True
2,5,5,2,2.300000000000001,0.25,4.0,0.75283693844275,6.49716306155725,True,True
2,5,5,2,2.300000000000001,0.5,4.0,0.8127023658974646,6.687297634102535,True,True
2,5,5,2,2.300000000000001,0.75,4.0,0.8687790948709733,6.881220905129027,True,True
2,5,5,2,2.300000000000001,1.0,4.0,0.9213215709390465,7.078678429060954,True,True
2,5,5,2,2.4000000000000012,0.0,4.0,0.6568796484613362,6.343120351538664,True,True
2,5,5,2,2.4000000000000012,0.25,4.0,0.7175741625967476,6.5324258374032524,True,True
2,5,5,2,2.4000000000000012,0.5,4.0,0.7744048214404788,6.725595178559521,True,True
2,5,5,2,2.4000000000000012,0.75,4.0,0.8276309161289084,6.922369083871091,True,True
2,5,5,2,2.4000000000000012,1.0,4.0,0.8775010008008004,7.1224989991992,True,True
2,5,5,2,2.5000000000000013,0.0,4.0,0.6277186767309852,6.372281323269014,True,True
2,5,5,2,2.5000000000000013,0.25,4.0,0.6855059959237875,6.564494004076213,True,True
2,5,5,2,2.5000000000000013,0.5,4.0,0.7396013553019256,6.760398644698075,True,True
2,5,5,2,2.5000000000000013,0.75,4.0,0.7902593301867329,6.959740669813267,True,True
2,5,5,2,2.5000000000000013,1.0,4.0,0.83772233983162,7.16227766016838,True,True
2,5,5,2,2.6000000000000014,0.0,4.0,0.6010612021213424,6.398938797878658,True,True
2,5,5,2,2.6000000000000014,0.25,4.0,0.6562120447770399,6.59378795522296,True,True
2,5,5,2,2.6000000000000014,0.5,4.0,0.7078284577776199,6.7921715422223805,True,True
2,5,5,2,2.6000000000000014,0.75,4.0,0.7561599172868028,6.993840082713197,True,True
2,5,5,2,2.6000000000000014,1.0,4.0,0.8014426328781856,7.198557367121815,True,True
2,5,5,2,2.700000000000002,0.0,4.0,0.5765950851282509,6.42340491487175,True,True
2,5,5,2,2.700000000000002,0.25,4.0,0.6293434219968845,6.620656578003116,True,True
2,5,5,2,2.700000000000002,0.5,4.0,0.6787021684033356,6.821297831596665,True,True
2,5,5,2,2.700000000000002,0.75,4.0,0.7249154920212999,7.0250845079787005,True,True
2,5,5,2,2.700000000000002,1.0,4.0,0.7682134283891133,7.231786571610886,True,True
2,5,5,2,2.8000000000000016,0.0,4.0,0.5540584818141023,6.445941518185897,True,True
2,5,5,2,2.8000000000000016,0.25,4.0,0.604607996113276,6.645392003886724,True,True
2,5,5,2,2.8000000000000016,0.5,4.0,0.6519015048397367,6.848098495160263,True,True
2,5,5,2,2.8000000000000016,0.75,4.0,0.6961777787542576,7.053822221245742,True,True
2,5,5,2,2.8000000000000016,1.0,4.0,0.7376607866659319,7.262339213334068,True,True
2,5,5,2,2.9000000000000017,0.0,4.0,0.5332300160054477,6.466769983994553,True,True
2,5,5,2,2.9000000000000017,0.25,4.0,0.5817591854780182,6.668240814521981,True,True
2,5,5,2,2.9000000000000017,0.5,4.0,0.6271559160896625,6.872844083910337,True,True
2,5,5,2,2.9000000000000017,0.75,4.0,0.6696535772782415,7.0803464227217585,True,True
2,5,5,2,2.9000000000000017,1.0,4.0,0.709470223976608,7.2905297760233925,True,True
2,5,5,2,3.0000000000000018,0.0,4.0,0.5139211888051802,6.48607881119482,True,True
2,5,5,2,3.0000000000000018,0.25,4.0,0.5605873319671839,6.689412668032816,True,True
2,5,5,2,3.0000000000000018,0.5,4.0,0.6042356519705208,6.895764348029479,True,True
2,5,5,2,3.0000000000000018,0.75,4.0,0.6450941706194175,7.1049058293805825,True,True
2,5,5,2,3.0000000000000018,1.0,4.0,0.6833752096445997,7.3166247903554,True,True
2,5,5,3,1.1,0.0,4.0,2.58392525508857,7.91607474491143,True,True
2,5,5,3,1.1,0.25,4.0,2.7804799883390583,7.969520011660942,True,True
2,5,5,3,1.1,0.5,4.0,2.972874432014974,8.027125567985026,True,True
2,5,5,3,1.1,0.75,4.0,3.1607672224771086,8.089232777522891,True,True
2,5,5,3,1.1,1.0,4.0,3.3438053430213235,8.156194656978677,True,True
2,5,5,3,1.2000000000000002,0.0,4.0,2.28141447824052,8.21858552175948,True,True
2,5,5,3,1.2000000000000002,0.25,4.0,2.446156371535004,8.303843628464996,True,True
2,5,5,3,1.2000000000000002,0.5,4.0,2.606040774302443,8.393959225697557,True,True
2,5,5,3,1.2000000000000002,0.75,4.0,2.7608901906525993,8.4891098093474,True,True
2,5,5,3,1.2000000000000002,1.0,4.0,2.9105458270998628,8.589454172900137,True,True
2,5,5,3,1.3000000000000003,0.0,4.0,2.0476871339127882,8.452312866087212,True,True
2,5,5,3,1.3000000000000003,0.25,4.0,2.1905651992857504,8.55943480071425,True,True
2,5,5,3,1.3000000000000003,0.5,4.0,2.3286135038926097,8.67138649610739,True,True
2,5,5,3,1.3000000000000003,0.75,4.0,2.4617722789238488,8.78822772107615,True,True
2,5,5,3,1.3000000000000003,1.0,4.0,2.5900036514139884,8.909996348586011,True,True
2,5,5,3,1.4000000000000004,0.0,4.0,1.8601517100950624,8.639848289904938,True,True
2,5,5,3,1.4000000000000004,0.25,4.0,1.9867983067288164,8.763201693271183,True,True
2,5,5,3,1.4000000000000004,0.5,4.0,2.108835008437366,8.891164991562635,True,True
2,5,5,3,1.4000000000000004,0.75,4.0,2.226273873093878,9.023726126906123,True,True
2,5,5,3,1.4000000000000004,1.0,4.0,2.3391454778269165,9.160854522173084,True,True
2,5,5,3,1.5000000000000007,0.0,4.0,1.7056382803105428,8.794361719689457,True,True
2,5,5,3,1.5000000000000007,0.25,4.0,1.819634336668026,8.930365663331974,True,True
2,5,5,3,1.5000000000000007,0.5,4.0,1.929285785728574,9.070714214271426,True,True
2,5,5,3,1.5000000000000007,0.75,4.0,2.0346483459137312,9.21535165408627,True,True
2,5,5,3,1.5000000000000007,1.0,4.0,2.135791926299759,9.36420807370024,True,True
2,5,5,3,1.6000000000000005,0.0,4.0,1.5757653858252323,8.924234614174768,True,True
2,5,5,3,1.6000000000000005,0.25,4.0,1.6795636252263786,9.070436374773621,True,True
2,5,5,3,1.6000000000000005,0.5,4.0,1.7792809834656946,9.220719016534305,True,True
2,5,5,3,1.6000000000000005,0.75,4.0,1.8749999999999991,9.375,True,True
2,5,5,3,1.6000000000000005,1.0,4.0,1.96681351239461,9.53318648760539,True,True
2,5,5,3,1.7000000000000006,0.0,4.0,1.4648704272702968,9.035129572729703,True,True
2,5,5,3,1.7000000000000006,0.25,4.0,1.5602405441650244,9.189759455834976,True,True
2,5,5,3,1.7000000000000006,0.5,4.0,1.6517765749099533,9.348223425090048,True,True
2,5,5,3,1.7000000000000006,0.75,4.0,1.7395775837187046,9.510422416281296,True,True
2,5,5,3,1.7000000000000006,1.0,4.0,1.8237497307901278,9.676250269209872,True,True
2,5,5,3,1.8000000000000005,0.0,4.0,1.3689563259349935,9.131043674065006,True,True
2,5,5,3,1.8000000000000005,0.25,4.0,1.4572253340278314,9.292774665972168,True,True
2,5,5,3,1.8000000000000005,0.5,4.0,1.5418859709873605,9.45811402901264,True,True
2,5,5,3,1.8000000000000005,0.75,4.0,1.6230473516044688,9.62695264839553,True,True
2,5,5,3,1.8000000000000005,1.0,4.0,1.7008231289145517,9.799176871085448,True,True
2,5,5,3,1.9000000000000008,0.0,4.0,1.2851047003934504,9.21489529960655,True,True
2,5,5,3,1.9000000000000008,0.25,4.0,1.3672977117082468,9.382702288291753,True,True
2,5,5,3,1.9000000000000008,0.5,4.0,1.446087010514928,9.553912989485072,True,True
2,5,5,3,1.9000000000000008,0.75,4.0,1.521587588231883,9.728412411768117,True,True
2,5,5,3,1.9000000000000008,1.0,4.0,1.5939169503257666,9.906083049674233,True,True
2,5,5,3,2.000000000000001,0.0,4.0,1.2111263946491215,9.28887360535088,True,True
2,5,5,3,2.000000000000001,0.25,4.0,1.288054318932045,9.461945681067956,True,True
2,5,5,3,2.000000000000001,0.5,4.0,1.361763660688287,9.638236339311714,True,True
2,5,5,3,2.000000000000001,0.75,4.0,1.4323725421878937,9.817627457812106,True,True
2,5,5,3,2.000000000000001,1.0,4.0,1.4999999999999991,10.0,True,True
2,5,5,3,2.100000000000001,0.0,4.0,1.14534236680886,9.35465763319114,True,True
2,5,5,3,2.100000000000001,0.25,4.0,1.2176592462419986,9.532340753758001,True,True
2,5,5,3,2.100000000000001,0.5,4.0,1.2869251134118196,9.713074886588181,True,True
2,5,5,3,2.100000000000001,0.75,4.0,1.3532593878908257,9.896740612109173,True,True
2,5,5,3,2.100000000000001,1.0,4.0,1.4167811370430732,10.083218862956926,True,True
2,5,5,3,2.200000000000001,0.0,4.0,1.08644055251672,9.41355944748328,True,True
2,5,5,3,2.200000000000001,0.25,4.0,1.154682530252665,9.595317469747336,True,True
2,5,5,3,2.200000000000001,0.5,4.0,1.2200254886060566,9.779974511393943,True,True
2,5,5,3,2.200000000000001,0.75,4.0,1.2825889081169324,9.967411091883069,True,True
2,5,5,3,2.200000000000001,1.0,4.0,1.342490911678528,10.157509088321472,True,True
2,5,5,3,2.300000000000001,0.0,4.0,1.033379160471287,9.466620839528712,True,True
2,5,5,3,2.300000000000001,0.25,4.0,1.09799182686735,9.65200817313265,True,True
2,5,5,3,2.300000000000001,0.5,4.0,1.1598437215073538,9.840156278492646,True,True
2,5,5,3,2.300000000000001,0.75,4.0,1.2190535488461975,10.030946451153802,True,True
2,5,5,3,2.300000000000001,1.0,4.0,1.2757378553407888,10.22426214465921,True,True
2,5,5,3,2.4000000000000012,0.0,4.0,0.9853194726920043,9.514680527307995,True,True
2,5,5,3,2.4000000000000012,0.25,4.0,1.0466775767048038,9.703322423295196,True,True
2,5,5,3,2.4000000000000012,0.5,4.0,1.1054010421882632,9.894598957811738,True,True
2,5,5,3,2.4000000000000012,0.75,4.0,1.1616072321607183,10.08839276783928,True,True
2,5,5,3,2.4000000000000012,1.0,4.0,1.2154107131957357,10.284589286804264,True,True
2,5,5,3,2.5000000000000013,0.0,4.0,0.9415780150964776,9.558421984903521,True,True
2,5,5,3,2.5000000000000013,0.25,4.0,0.9999999999999991,9.75,True,True
2,5,5,3,2.5000000000000013,0.5,4.0,1.0559027913422048,9.944097208657794,True,True
2,5,5,3,2.5000000000000013,0.75,4.0,1.1094020329528886,10.14059796704711,True,True
2,5,5,3,2.5000000000000013,1.0,4.0,1.1606100623285442,10.339389937671456,True,True
2,5,5,3,2.6000000000000014,0.0,4.0,0.901591803182014,9.598408196817985,True,True
2,5,5,3,2.6000000000000014,0.25,4.0,0.9573507382319271,9.792649261768073,True,True
2,5,5,3,2.6000000000000014,0.5,4.0,1.0106964734108077,9.989303526589193,True,True
2,5,5,3,2.6000000000000014,0.75,4.0,1.0617426866664301,10.188257313333569,True,True
2,5,5,3,2.6000000000000014,1.0,4.0,1.1105993424216454,10.389400657578355,True,True
2,5,5,3,2.700000000000002,0.0,4.0,0.8648926276923765,9.635107372307623,True,True
2,5,5,3,2.700000000000002,0.25,4.0,0.9182245712598185,9.831775428740182,True,True
2,5,5,3,2.700000000000002,0.5,4.0,0.9692409269772702,10.030759073022729,True,True
2,5,5,3,2.700000000000002,0.75,4.0,1.0180532526050028,10.231946747394996,True,True
2,5,5,3,2.700000000000002,1.0,4.0,1.0647690677097996,10.4352309322902,True,True
2,5,5,3,2.8000000000000016,0.0,4.0,0.8310877227211542,9.668912277278846,True,True
2,5,5,3,2.8000000000000016,0.25,4.0,0.8821982174657581,9.867801782534242,True,True
2,5,5,3,2.8000000000000016,0.5,4.0,0.9310832793757333,10.068916720624266,True,True
2,5,5,3,2.8000000000000016,0.75,4.0,0.9778522572596051,10.272147742740394,True,True
2,5,5,3,2.8000000000000016,1.0,4.0,1.0226102037472842,10.477389796252716,True,True
2,5,5,3,2.9000000000000017,0.0,4.0,0.7998450240081718,9.700154975991829,True,True
2,5,5,3,2.9000000000000017,0.25,4.0,0.8489142091419764,9.901085790858023,True,True
2,5,5,3,2.9000000000000017,0.5,4.0,0.8958414599333171,10.104158540066683,True,True
2,5,5,3,2.9000000000000017,0.75,4.0,0.9407338741344935,10.309266125865506,True,True
2,5,5,3,2.9000000000000017,1.0,4.0,0.9836940494977551,10.516305950502245,True,True
2,5,5,3,3.0000000000000018,0.0,4.0,0.7708817832077699,9.72911821679223,True,True
2,5,5,3,3.0000000000000018,0.25,4.0,0.8180684666104536,9.931931533389546,True,True
2,5,5,3,3.0000000000000018,0.5,4.0,0.8631907522521471,10.136809247747852,True,True
2,5,5,3,3.0000000000000018,0.75,4.0,0.9063534779557809,10.343646522044219,True,True
2,5,5,3,3.0000000000000018,1.0,4.0,0.9476568219253627,10.552343178074636,True,True
2,5,6,1,1.1,0.0,3.0,0.8613084183628567,2.6386915816371435,True,False
2,5,6,1,1.1,0.25,3.0,1.0535890741590364,2.6964109258409636,True,False
2,5,6,1,1.1,0.5,3.0,1.2312938852141924,2.7687061147858074,True,False
2,5,6,1,1.1,0.75,3.0,1.3912750701200938,2.858724929879906,True,False
2,5,6,1,1.1,1.0,3.0,1.5309412718383464,2.9690587281616536,True,False
2,5,6,1,1.2000000000000002,0.0,3.0,0.7604714927468401,2.73952850725316,True,False
2,5,6,1,1.2000000000000002,0.25,3.0,0.920296730217533,2.829703269782467,True,False
2,5,6,1,1.2000000000000002,0.5,3.0,1.0645856533065143,2.9354143466934857,True,False
2,5,6,1,1.2000000000000002,0.75,3.0,1.192373779766692,3.057626220233308,True,True
2,5,6,1,1.2000000000000002,1.0,3.0,1.303515275699954,3.196484724300046,True,True
2,5,6,1,1.3000000000000003,0.0,3.0,0.6825623779709293,2.817437622029071,True,False
2,5,6,1,1.3000000000000003,0.25,3.0,0.8205907596412829,2.929409240358717,True,False
2,5,6,1,1.3000000000000003,0.5,3.0,0.9438822909426166,3.0561177090573834,True,True
2,5,6,1,1.3000000000000003,0.75,3.0,1.0525073964752085,3.1974926035247915,True,True
2,5,6,1,1.3000000000000003,1.0,3.0,1.1471191570046406,3.3528808429953596,True,True
2,5,6,1,1.4000000000000004,0.0,3.0,0.6200505700316874,2.8799494299683124,True,False
2,5,6,1,1.4000000000000004,0.25,3.0,0.7420912910312927,3.0079087089687073,True,True
2,5,6,1,1.4000000000000004,0.5,3.0,0.8504659328977799,3.14953406710222,True,True
2,5,6,1,1.4000000000000004,0.75,3.0,0.9457523584929246,3.304247641507075,True,True
2,5,6,1,1.4000000000000004,1.0,3.0,1.028905643051517,3.471094356948483,True,True
2,5,6,1,1.5000000000000007,0.0,3.0,0.5685460934368476,2.9314539065631524,True,False
2,5,6,1,1.5000000000000007,0.25,3.0,0.6782161153045771,3.0717838846954226,True,True
2,5,6,1,1.5000000000000007,0.5,3.0,0.7752551286084106,3.2247448713915894,True,True
2,5,6,1,1.5000000000000007,0.75,3.0,0.8605007578755397,3.3894992421244603,True,True
2,5,6,1,1.5000000000000007,1.0,3.0,0.9350221801617078,3.564977819838292,True,True
2,5,6,1,1.6000000000000005,0.0,3.0,0.5252551286084108,2.9747448713915894,True,False
2,5,6,1,1.6000000000000005,0.25,3.0,0.6249999999999998,3.125,True,True
2,5,6,1,1.6000000000000005,0.5,3.0,0.7130462323766247,3.286953767623375,True,True
2,5,6,1,1.6000000000000005,0.75,3.0,0.7903652184960859,3.4596347815039143,True,True
2,5,6,1,1.6000000000000005,1.0,3.0,0.8580589092924942,3.6419410907075056,True,True
2,5,6,1,1.7000000000000006,0.0,3.0,0.48829014242343227,3.0117098575765677,True,True
2,5,6,1,1.7000000000000006,0.25,3.0,0.5798591945729015,3.1701408054270983,True,True
2,5,6,1,1.7000000000000006,0.5,3.0,0.6605532309722704,3.3394467690277296,True,True
2,5,6,1,1.7000000000000006,0.75,3.0,0.7314091029877903,3.51859089701221,True,True
2,5,6,1,1.7000000000000006,1.0,3.0,0.7935235911928522,3.7064764088071476,True,True
2,5,6,1,1.8000000000000005,0.0,3.0,0.4563187753116644,3.043681224688336,True,True
2,5,6,1,1.8000000000000005,0.25,3.0,0.5410157838681562,3.208984216131844,True,True
2,5,6,1,1.8000000000000005,0.5,3.0,0.6155626895136539,3.384437310486346,True,True
2,5,6,1,1.8000000000000005,0.75,3.0,0.6810230457363782,3.568976954263622,True,True
2,5,6,1,1.8000000000000005,1.0,3.0,0.7384702377319119,3.761529762268088,True,True
2,5,6,1,1.9000000000000008,0.0,3.0,0.4283682334644834,3.071631766535517,True,True
2,5,6,1,1.9000000000000008,0.25,3.0,0.5071958627439608,3.242804137256039,True,True
2,5,6,1,1.9000000000000008,0.5,3.0,0.5765128067054186,3.4234871932945814,True,True
2,5,6,1,1.9000000000000008,0.75,3.0,0.637386669509636,3.612613330490364,True,True
2,5,6,1,1.9000000000000008,1.0,3.0,0.6908588734076764,3.8091411265923236,True,True
2,5,6,1,2.000000000000001,0.0,3.0,0.40370879821637384,3.096291201783626,True,True
2,5,6,1,2.000000000000001,0.25,3.0,0.47745751406263137,3.2725424859373686,True,True
2,5,6,1,2.000000000000001,0.5,3.0,0.5422620262886746,3.4577379737113256,True,True
2,5,6,1,2.000000000000001,0.75,3.0,0.5991805480332868,3.650819451966713,True,True
2,5,6,1,2.000000000000001,1.0,3.0,0.6492189406417876,3.850781059358212,True,True
2,5,6,1,2.100000000000001,0.0,3.0,0.38178078893628675,3.118219211063713,True,True
2,5,6,1,2.100000000000001,0.25,3.0,0.4510864626302751,3.298913537369725,True,True
2,5,6,1,2.100000000000001,0.5,3.0,0.5119523817143099,3.48804761828569,True,True
2,5,6,1,2.100000000000001,0.75,3.0,0.565419393982258,3.684580606017742,True,True
2,5,6,1,2.100000000000001,1.0,3.0,0.6124568344475252,3.887543165552475,True,True
2,5,6,1,2.200000000000001,0.0,3.0,0.3621468508389065,3.1378531491610935,True,True
2,5,6,1,2.200000000000001,0.25,3.0,0.42752963603897753,3.3224703639610222,True,True
2,5,6,1,2.200000000000001,0.5,3.0,0.4849242443182762,3.515075755681724,True,True
2,5,6,1,2.200000000000001,0.75,3.0,0.5353495238375079,3.7146504761624923,True,True
2,5,6,1,2.200000000000001,1.0,3.0,0.5797387248478971,3.920261275152103,True,True
2,5,6,1,2.300000000000001,0.0,3.0,0.3444597201570956,3.1555402798429046,True,True
2,5,6,1,2.300000000000001,0.25,3.0,0.4063511829487323,3.3436488170512675,True,True
2,5,6,1,2.300000000000001,0.5,3.0,0.46066078546952327,3.539339214530477,True,True
2,5,6,1,2.300000000000001,0.75,3.0,0.508382826097495,3.741617173902505,True,True
2,5,6,1,2.300000000000001,1.0,3.0,0.5504156518366792,3.949584348163321,True,True
2,5,6,1,2.4000000000000012,0.0,3.0,0.3284398242306681,3.171560175769332,True,True
2,5,6,1,2.4000000000000012,0.25,3.0,0.3872024107202394,3.3627975892797606,True,True
2,5,6,1,2.4000000000000012,0.5,3.0,0.4387505004004002,3.5612494995996,True,True
2,5,6,1,2.4000000000000012,0.75,3.0,0.4840526110403982,3.765947388959602,True,True
2,5,6,1,2.4000000000000012,1.0,3.0,0.5239737352326681,3.9760262647673317,True,True
2,5,6,1,2.5000000000000013,0.0,3.0,0.3138593383654926,3.186140661634507,True,True
2,5,6,1,2.5000000000000013,0.25,3.0,0.3698006776509628,3.3801993223490374,True,True
2,5,6,1,2.5000000000000013,0.5,3.0,0.41886116991581,3.58113883008419,True,True
2,5,6,1,2.5000000000000013,0.75,3.0,0.461983163043741,3.788016836956259,True,True
2,5,6,1,2.5000000000000013,1.0,3.0,0.49999999999999956,4.0,True,True
2,5,6,1,2.6000000000000014,0.0,3.0,0.3005306010606712,3.199469398939329,True,True
2,5,6,1,2.6000000000000014,0.25,3.0,0.35391422888880997,3.3960857711111903,True,True
2,5,6,1,2.6000000000000014,0.5,3.0,0.4007213164390928,3.5992786835609074,True,True
2,5,6,1,2.6000000000000014,0.75,3.0,0.44186818926511484,3.808131810734885,True,True
2,5,6,1,2.6000000000000014,1.0,3.0,0.4781582810750058,4.021841718924994,True,True
2,5,6,1,2.700000000000002,0.0,3.0,0.28829754256412543,3.211702457435875,True,True
2,5,6,1,2.700000000000002,0.25,3.0,0.3393510842016678,3.4106489157983324,True,True
2,5,6,1,2.700000000000002,0.5,3.0,0.38410671419455666,3.615893285805443,True,True
2,5,6,1,2.700000000000002,0.75,3.0,0.4234552225610897,3.8265447774389103,True,True
2,5,6,1,2.700000000000002,1.0,3.0,0.4581718419033176,4.041828158096682,True,True
2,5,6,1,2.8000000000000016,0.0,3.0,0.27702924090705117,3.2229707590929486,True,True
2,5,6,1,2.8000000000000016,0.25,3.0,0.3259507524198684,3.4240492475801316,True,True
2,5,6,1,2.8000000000000016,0.5,3.0,0.36883039333296597,3.631169606667034,True,True
2,5,6,1,2.8000000000000016,0.75,3.0,0.40653411439155973,3.84346588560844,True,True
2,5,6,1,2.8000000000000016,1.0,3.0,0.43981058607511603,4.060189413924884,True,True
2,5,6,1,2.9000000000000017,0.0,3.0,0.26661500800272386,3.2333849919972764,True,True
2,5,6,1,2.9000000000000017,0.25,3.0,0.31357795804483124,3.4364220419551685,True,True
2,5,6,1,2.9000000000000017,0.5,3.0,0.354735111988304,3.6452648880116962,True,True
2,5,6,1,2.9000000000000017,0.75,3.0,0.39092840103275206,3.859071598967248,True,True
2,5,6,1,2.9000000000000017,1.0,3.0,0.4228814846963216,4.077118515303678,True,True
2,5,6,1,3.0000000000000018,0.0,3.0,0.2569605944025901,3.24303940559741,True,True
2,5,6,1,3.0000000000000018,0.25,3.0,0.3021178259852604,3.4478821740147394,True,True
2,5,6,1,3.0000000000000018,0.5,3.0,0.3416876048222999,3.6583123951777,True,True
2,5,6,1,3.0000000000000018,0.75,3.0,0.37648872847022585,3.8735112715297744,True,True
2,5,6,1,3.0000000000000018,1.0,3.0,0.4072213010420014,4.092778698957998,True,True
2,5,6,2,1.1,0.0,3.0,1.7226168367257133,5.277383163274287,True,True
2,5,6,2,1.1,0.25,3.0,1.9181455033520656,5.331854496647934,True,True
2,5,6,2,1.1,0.5,3.0,2.1071781483180727,5.392821851681927,True,True
2,5,6,2,1.1,0.75,3.0,2.2889278074438093,5.461072192556191,True,True
2,5,6,2,1.1,1.0,3.0,2.4625877704283847,5.537412229571615,True,True
2,5,6,2,1.2000000000000002,0.0,3.0,1.5209429854936802,5.47905701450632,True,True
2,5,6,2,1.2000000000000002,0.25,3.0,1.6844781629674965,5.565521837032503,True,True
2,5,6,2,1.2000000000000002,0.5,3.0,1.840593460435066,5.659406539564934,True,True
2,5,6,2,1.2000000000000002,0.75,3.0,1.9889216170406205,5.761078382959379,True,True
2,5,6,2,1.2000000000000002,1.0,3.0,2.1291713066130287,5.870828693386971,True,True
2,5,6,2,1.3000000000000003,0.0,3.0,1.3651247559418587,5.634875244058142,True,True
2,5,6,2,1.3000000000000003,0.25,3.0,1.5067982045721307,5.743201795427869,True,True
2,5,6,2,1.3000000000000003,0.5,3.0,1.6411815192825658,5.858818480717434,True,True
2,5,6,2,1.3000000000000003,0.75,3.0,1.7681772919685614,5.981822708031439,True,True
2,5,6,2,1.3000000000000003,1.0,3.0,1.887764581885233,6.112235418114767,True,True
2,5,6,2,1.4000000000000004,0.0,3.0,1.2401011400633748,5.759898859936625,True,True
2,5,6,2,1.4000000000000004,0.25,3.0,1.365595053053633,5.884404946946367,True,True
2,5,6,2,1.4000000000000004,0.5,3.0,1.4841825820625854,6.015817417937415,True,True
2,5,6,2,1.4000000000000004,0.75,3.0,1.5959220222705346,6.154077977729465,True,True
2,5,6,2,1.4000000000000004,1.0,3.0,1.7009318657955599,6.29906813420444,True,True
2,5,6,2,1.5000000000000007,0.0,3.0,1.1370921868736952,5.862907813126305,True,True
2,5,6,2,1.5000000000000007,0.25,3.0,1.2499999999999996,6.0,True,True
2,5,6,2,1.5000000000000007,0.5,3.0,1.3564322306091543,6.143567769390845,True,True
2,5,6,2,1.5000000000000007,0.75,3.0,1.4565380231780911,6.293461976821909,True,True
2,5,6,2,1.5000000000000007,1.0,3.0,1.5505102572168212,6.449489742783179,True,True
2,5,6,2,1.6000000000000005,0.0,3.0,1.0505102572168217,5.949489742783179,True,True
2,5,6,2,1.6000000000000005,0.25,3.0,1.1532850083393509,6.096714991660649,True,True
2,5,6,2,1.6000000000000005,0.5,3.0,1.2499999999999996,6.25,True,True
2,5,6,2,1.6000000000000005,0.75,3.0,1.3408581334108383,6.409141866589161,True,True
2,5,6,2,1.6000000000000005,1.0,3.0,1.4260924647532494,6.57390753524675,True,True
2,5,6,2,1.7000000000000006,0.0,3.0,0.9765802848468645,6.0234197151531355,True,True
2,5,6,2,1.7000000000000006,0.25,3.0,1.0709878737217253,6.179012126278275,True,True
2,5,6,2,1.7000000000000006,0.5,3.0,1.159718389145803,6.340281610854197,True,True
2,5,6,2,1.7000000000000006,0.75,3.0,1.243006514848041,6.506993485151959,True,True
2,5,6,2,1.7000000000000006,1.0,3.0,1.3211064619445407,6.678893538055459,True,True
2,5,6,2,1.8000000000000005,0.0,3.0,0.9126375506233289,6.087362449376672,True,True
2,5,6,2,1.8000000000000005,0.25,3.0,0.9999999999999996,6.25,True,True
2,5,6,2,1.8000000000000005,0.5,3.0,1.0820315677363124,6.417968432263688,True,True
2,5,6,2,1.8000000000000005,0.75,3.0,1.1589852520446224,6.591014747955377,True,True
2,5,6,2,1.8000000000000005,1.0,3.0,1.2311253790273078,6.768874620972692,True,True
2,5,6,2,1.9000000000000008,0.0,3.0,0.8567364669289668,6.143263533071034,True,True
2,5,6,2,1.9000000000000008,0.25,3.0,0.9380738066666114,6.311926193333388,True,True
2,5,6,2,1.9000000000000008,0.5,3.0,1.0143917254879216,6.485608274512078,True,True
2,5,6,2,1.9000000000000008,0.75,3.0,1.0859530490260934,6.664046950973907,True,True
2,5,6,2,1.9000000000000008,1.0,3.0,1.1530256134108372,6.846974386589163,True,True
2,5,6,2,2.000000000000001,0.0,3.0,0.8074175964327477,6.192582403567252,True,True
2,5,6,2,2.000000000000001,0.25,3.0,0.8835359750673359,6.3664640249326645,True,True
2,5,6,2,2.000000000000001,0.5,3.0,0.9549150281252627,6.545084971874737,True,True
2,5,6,2,2.000000000000001,0.75,3.0,1.0218219473716674,6.728178052628333,True,True
2,5,6,2,2.000000000000001,1.0,3.0,1.0845240525773492,6.915475947422651,True,True
2,5,6,2,2.100000000000001,0.0,3.0,0.7635615778725735,6.236438422127426,True,True
2,5,6,2,2.100000000000001,0.25,3.0,0.8351107292838402,6.414889270716159,True,True
2,5,6,2,2.100000000000001,0.5,3.0,0.9021729252605502,6.59782707473945,True,True
2,5,6,2,2.100000000000001,0.75,3.0,0.9650161594295827,6.784983840570417,True,True
2,5,6,2,2.100000000000001,1.0,3.0,1.0239047634286198,6.97609523657138,True,True
2,5,6,2,2.200000000000001,0.0,3.0,0.724293701677813,6.275706298322187,True,True
2,5,6,2,2.200000000000001,0.25,3.0,0.7918059303387568,6.458194069661243,True,True
2,5,6,2,2.200000000000001,0.5,3.0,0.8550592720779551,6.6449407279220445,True,True
2,5,6,2,2.200000000000001,0.75,3.0,0.9143201794182465,6.8356798205817535,True,True
2,5,6,2,2.200000000000001,1.0,3.0,0.9698484886365524,7.030151511363448,True,True
2,5,6,2,2.300000000000001,0.0,3.0,0.6889194403141912,6.311080559685809,True,True
2,5,6,2,2.300000000000001,0.25,3.0,0.75283693844275,6.49716306155725,True,True
2,5,6,2,2.300000000000001,0.5,3.0,0.8127023658974646,6.687297634102535,True,True
2,5,6,2,2.300000000000001,0.75,3.0,0.8687790948709733,6.881220905129027,True,True
2,5,6,2,2.300000000000001,1.0,3.0,0.9213215709390465,7.078678429060954,True,True
2,5,6,2,2.4000000000000012,0.0,3.0,0.6568796484613362,6.343120351538664,True,True
2,5,6,2,2.4000000000000012,0.25,3.0,0.7175741625967476,6.5324258374032524,True,True
2,5,6,2,2.4000000000000012,0.5,3.0,0.7744048214404788,6.725595178559521,True,True
2,5,6,2,2.4000000000000012,0.75,3.0,0.8276309161289084,6.922369083871091,True,True
2,5,6,2,2.4000000000000012,1.0,3.0,0.8775010008008004,7.1224989991992,True,True
2,5,6,2,2.5000000000000013,0.0,3.0,0.6277186767309852,6.372281323269014,True,True
2,5,6,2,2.5000000000000013,0.25,3.0,0.6855059959237875,6.564494004076213,True,True
2,5,6,2,2.5000000000000013,0.5,3.0,0.7396013553019256,6.760398644698075,True,True
2,5,6,2,2.5000000000000013,0.75,3.0,0.7902593301867329,6.959740669813267,True,True
2,5,6,2,2.5000000000000013,1.0,3.0,0.83772233983162,7.16227766016838,True,True
2,5,6,2,2.6000000000000014,0.0,3.0,0.6010612021213424,6.398938797878658,True,True
2,5,6,2,2.6000000000000014,0.25,3.0,0.6562120447770399,6.59378795522296,True,True
2,5,6,2,2.6000000000000014,0.5,3.0,0.7078284577776199,6.7921715422223805,True,True
2,5,6,2,2.6000000000000014,0.75,3.0,0.7561599172868028,6.993840082713197,True,True
2,5,6,2,2.6000000000000014,1.0,3.0,0.8014426328781856,7.198557367121815,True,True
2,5,6,2,2.700000000000002,0.0,3.0,0.5765950851282509,6.42340491487175,True,True
2,5,6,2,2.700000000000002,0.25,3.0,0.6293434219968845,6.620656578003116,True,True
2,5,6,2,2.700000000000002,0.5,3.0,0.6787021684033356,6.821297831596665,True,True
2,5,6,2,2.700000000000002,0.75,3.0,0.7249154920212999,7.0250845079787005,True,True
2,5,6,2,2.700000000000002,1.0,3.0,0.7682134283891133,7.231786571610886,True,True
2,5,6,2,2.8000000000000016,0.0,3.0,0.5540584818141023,6.445941518185897,True,True
2,5,6,2,2.8000000000000016,0.25,3.0,0.604607996113276,6.645392003886724,True,True
2,5,6,2,2.8000000000000016,0.5,3.0,0.6519015048397367,6.848098495160263,True,True
2,5,6,2,2.8000000000000016,0.75,3.0,0.6961777787542576,7.053822221245742,True,True
2,5,6,2,2.8000000000000016,1.0,3.0,0.7376607866659319,7.262339213334068,True,True
2,5,6,2,2.9000000000000017,0.0,3.0,0.5332300160054477,6.466769983994553,True,True
2,5,6,2,2.9000000000000017,0.25,3.0,0.5817591854780182,6.668240814521981,True,True
2,5,6,2,2.9000000000000017,0.5,3.0,0.6271559160896625,6.872844083910337,True,True
2,5,6,2,2.9000000000000017,0.75,3.0,0.6696535772782415,7.0803464227217585,True,True
2,5,6,2,2.9000000000000017,1.0,3.0,0.709470223976608,7.2905297760233925,True,True
2,5,6,2,3.0000000000000018,0.0,3.0,0.5139211888051802,6.48607881119482,True,True
2,5,6,2,3.0000000000000018,0.25,3.0,0.5605873319671839,6.689412668032816,True,True
2,5,6,2,3.0000000000000018,0.5,3.0,0.6042356519705208,6.895764348029479,True,True
2,5,6,2,3.0000000000000018,0.75,3.0,0.6450941706194175,7.1049058293805825,True,True
2,5,6,2,3.0000000000000018,1.0,3.0,0.6833752096445997,7.3166247903554,True,True
2,5,6,3,1.1,0.0,3.0,2.58392525508857,7.91607474491143,True,True
2,5,6,3,1.1,0.25,3.0,2.7804799883390583,7.969520011660942,True,True
2,5,6,3,1.1,0.5,3.0,2.972874432014974,8.027125567985026,True,True
2,5,6,3,1.1,0.75,3.0,3.1607672224771086,8.089232777522891,True,True
2,5,6,3,1.1,1.0,3.0,3.3438053430213235,8.156194656978677,True,True
2,5,6,3,1.2000000000000002,0.0,3.0,2.28141447824052,8.21858552175948,True,True
2,5,6,3,1.2000000000000002,0.25,3.0,2.446156371535004,8.303843628464996,True,True
2,5,6,3,1.2000000000000002,0.5,3.0,2.606040774302443,8.393959225697557,True,True
2,5,6,3,1.2000000000000002,0.75,3.0,2.7608901906525993,8.4891098093474,True,True
2,5,6,3,1.2000000000000002,1.0,3.0,2.9105458270998628,8.589454172900137,True,True
2,5,6,3,1.3000000000000003,0.0,3.0,2.0476871339127882,8.452312866087212,True,True
2,5,6,3,1.3000000000000003,0.25,3.0,2.1905651992857504,8.55943480071425,True,True
2,5,6,3,1.3000000000000003,0.5,3.0,2.3286135038926097,8.67138649610739,True,True
2,5,6,3,1.3000000000000003,0.75,3.0,2.4617722789238488,8.78822772107615,True,True
2,5,6,3,1.3000000000000003,1.0,3.0,2.5900036514139884,8.909996348586011,True,True
2,5,6,3,1.4000000000000004,0.0,3.0,1.8601517100950624,8.639848289904938,True,True
2,5,6,3,1.4000000000000004,0.25,3.0,1.9867983067288164,8.763201693271183,True,True
2,5,6,3,1.4000000000000004,0.5,3.0,2.108835008437366,8.891164991562635,True,True
2,5,6,3,1.4000000000000004,0.75,3.0,2.226273873093878,9.023726126906123,True,True
2,5,6,3,1.4000000000000004,1.0,3.0,2.3391454778269165,9.160854522173084,True,True
2,5,6,3,1.5000000000000007,0.0,3.0,1.7056382803105428,8.794361719689457,True,True
2,5,6,3,1.5000000000000007,0.25,3.0,1.819634336668026,8.930365663331974,True,True
2,5,6,3,1.5000000000000007,0.5,3.0,1.929285785728574,9.070714214271426,True,True
2,5,6,3,1.5000000000000007,0.75,3.0,2.0346483459137312,9.21535165408627,True,True
2,5,6,3,1.5000000000000007,1.0,3.0,2.135791926299759,9.36420807370024,True,True
2,5,6,3,1.6000000000000005,0.0,3.0,1.5757653858252323,8.924234614174768,True,True
2,5,6,3,1.6000000000000005,0.25,3.0,1.6795636252263786,9.070436374773621,True,True
2,5,6,3,1.6000000000000005,0.5,3.0,1.7792809834656946,9.220719016534305,True,True
2,5,6,3,1.6000000000000005,0.75,3.0,1.8749999999999991,9.375,True,True
2,5,6,3,1.6000000000000005,1.0,3.0,1.96681351239461,9.53318648760539,True,True
2,5,6,3,1.7000000000000006,0.0,3.0,1.4648704272702968,9.035129572729703,True,True
2,5,6,3,1.7000000000000006,0.25,3.0,1.5602405441650244,9.189759455834976,True,True
2,5,6,3,1.7000000000000006,0.5,3.0,1.6517765749099533,9.348223425090048,True,True
2,5,6,3,1.7000000000000006,0.75,3.0,1.7395775837187046,9.510422416281296,True,True
2,5,6,3,1.7000000000000006,1.0,3.0,1.8237497307901278,9.676250269209872,True,True
2,5,6,3,1.8000000000000005,0.0,3.0,1.3689563259349935,9.131043674065006,True,True
2,5,6,3,1.8000000000000005,0.25,3.0,1.4572253340278314,9.292774665972168,True,True
2,5,6,3,1.8000000000000005,0.5,3.0,1.5418859709873605,9.45811402901264,True,True
2,5,6,3,1.8000000000000005,0.75,3.0,1.6230473516044688,9.62695264839553,True,True
2,5,6,3,1.8000000000000005,1.0,3.0,1.7008231289145517,9.799176871085448,True,True
2,5,6,3,1.9000000000000008,0.0,3.0,1.2851047003934504,9.21489529960655,True,True
2,5,6,3,1.9000000000000008,0.25,3.0,1.3672977117082468,9.382702288291753,True,True
2,5,6,3,1.9000000000000008,0.5,3.0,1.446087010514928,9.553912989485072,True,True
2,5,6,3,1.9000000000000008,0.75,3.0,1.521587588231883,9.728412411768117,True,True
2,5,6,3,1.9000000000000008,1.0,3.0,1.5939169503257666,9.906083049674233,True,True
2,5,6,3,2.000000000000001,0.0,3.0,1.2111263946491215,9.28887360535088,True,True
2,5,6,3,2.000000000000001,0.25,3.0,1.288054318932045,9.461945681067956,True,True
2,5,6,3,2.000000000000001,0.5,3.0,1.361763660688287,9.638236339311714,True,True
2,5,6,3,2.000000000000001,0.75,3.0,1.4323725421878937,9.817627457812106,True,True
2,5,6,3,2.000000000000001,1.0,3.0,1.4999999999999991,10.0,True,True
2,5,6,3,2.100000000000001,0.0,3.0,1.14534236680886,9.35465763319114,True,True
2,5,6,3,2.100000000000001,0.25,3.0,1.2176592462419986,9.532340753758001,True,True
2,5,6,3,2.100000000000001,0.5,3.0,1.2869251134118196,9.713074886588181,True,True
2,5,6,3,2.100000000000001,0.75,3.0,1.3532593878908257,9.896740612109173,True,True
2,5,6,3,2.100000000000001,1.0,3.0,1.4167811370430732,10.083218862956926,True,True
2,5,6,3,2.200000000000001,0.0,3.0,1.08644055251672,9.41355944748328,True,True
2,5,6,3,2.200000000000001,0.25,3.0,1.154682530252665,9.595317469747336,True,True
2,5,6,3,2.200000000000001,0.5,3.0,1.2200254886060566,9.779974511393943,True,True
2,5,6,3,2.200000000000001,0.75,3.0,1.2825889081169324,9.967411091883069,True,True
2,5,6,3,2.200000000000001,1.0,3.0,1.342490911678528,10.157509088321472,True,True
2,5,6,3,2.300000000000001,0.0,3.0,1.033379160471287,9.466620839528712,True,True
2,5,6,3,2.300000000000001,0.25,3.0,1.09799182686735,9.65200817313265,True,True
2,5,6,3,2.300000000000001,0.5,3.0,1.1598437215073538,9.840156278492646,True,True
2,5,6,3,2.300000000000001,0.75,3.0,1.2190535488461975,10.030946451153802,True,True
2,5,6,3,2.300000000000001,1.0,3.0,1.2757378553407888,10.22426214465921,True,True
2,5,6,3,2.4000000000000012,0.0,3.0,0.9853194726920043,9.514680527307995,True,True
2,5,6,3,2.4000000000000012,0.25,3.0,1.0466775767048038,9.703322423295196,True,True
2,5,6,3,2.4000000000000012,0.5,3.0,1.1054010421882632,9.894598957811738,True,True
2,5,6,3,2.4000000000000012,0.75,3.0,1.1616072321607183,10.08839276783928,True,True
2,5,6,3,2.4000000000000012,1.0,3.0,1.2154107131957357,10.284589286804264,True,True
2,5,6,3,2.5000000000000013,0.0,3.0,0.9415780150964776,9.558421984903521,True,True
2,5,6,3,2.5000000000000013,0.25,3.0,0.9999999999999991,9.75,True,True
2,5,6,3,2.5000000000000013,0.5,3.0,1.0559027913422048,9.944097208657794,True,True
2,5,6,3,2.5000000000000013,0.75,3.0,1.1094020329528886,10.14059796704711,True,True
2,5,6,3,2.5000000000000013,1.0,3.0,1.1606100623285442,10.339389937671456,True,True
2,5,6,3,2.6000000000000014,0.0,3.0,0.901591803182014,9.598408196817985,True,True
2,5,6,3,2.6000000000000014,0.25,3.0,0.9573507382319271,9.792649261768073,True,True
2,5,6,3,2.6000000000000014,0.5,3.0,1.0106964734108077,9.989303526589193,True,True
2,5,6,3,2.6000000000000014,0.75,3.0,1.0617426866664301,10.188257313333569,True,True
2,5,6,3,2.6000000000000014,1.0,3.0,1.1105993424216454,10.389400657578355,True,True
2,5,6,3,2.700000000000002,0.0,3.0,0.8648926276923765,9.635107372307623,True,True
2,5,6,3,2.700000000000002,0.25,3.0,0.9182245712598185,9.831775428740182,True,True
2,5,6,3,2.700000000000002,0.5,3.0,0.9692409269772702,10.030759073022729,True,True
2,5,6,3,2.700000000000002,0.75,3.0,1.0180532526050028,10.231946747394996,True,True
2,5,6,3,2.700000000000002,1.0,3.0,1.0647690677097996,10.4352309322902,True,True
2,5,6,3,2.8000000000000016,0.0,3.0,0.8310877227211542,9.668912277278846,True,True
2,5,6,3,2.8000000000000016,0.25,3.0,0.8821982174657581,9.867801782534242,True,True
2,5,6,3,2.8000000000000016,0.5,3.0,0.9310832793757333,10.068916720624266,True,True
2,5,6,3,2.8000000000000016,0.75,3.0,0.9778522572596051,10.272147742740394,True,True
2,5,6,3,2.8000000000000016,1.0,3.0,1.0226102037472842,10.477389796252716,True,True
2,5,6,3,2.9000000000000017,0.0,3.0,0.7998450240081718,9.700154975991829,True,True
2,5,6,3,2.9000000000000017,0.25,3.0,0.8489142091419764,9.901085790858023,True,True
2,5,6,3,2.9000000000000017,0.5,3.0,0.8958414599333171,10.104158540066683,True,True
2,5,6,3,2.9000000000000017,0.75,3.0,0.9407338741344935,10.309266125865506,True,True
2,5,6,3,2.9000000000000017,1.0,3.0,0.9836940494977551,10.516305950502245,True,True
2,5,6,3,3.0000000000000018,0.0,3.0,0.7708817832077699,9.72911821679223,True,True
2,5,6,3,3.0000000000000018,0.25,3.0,0.8180684666104536,9.931931533389546,True,True
2,5,6,3,3.0000000000000018,0.5,3.0,0.8631907522521471,10.136809247747852,True,True
2,5,6,3,3.0000000000000018,0.75,3.0,0.9063534779557809,10.343646522044219,True,True
2,5,6,3,3.0000000000000018,1.0,3.0,0.9476568219253627,10.552343178074636,True,True
2,5,7,1,1.1,0.0,2.0,0.8613084183628567,2.6386915816371435,True,True
2,5,7,1,1.1,0.25,2.0,1.0535890741590364,2.6964109258409636,True,True
2,5,7,1,1.1,0.5,2.0,1.2312938852141924,2.7687061147858074,True,True
2,5,7,1,1.1,0.75,2.0,1.3912750701200938,2.858724929879906,True,True
2,5,7,1,1.1,1.0,2.0,1.5309412718383464,2.9690587281616536,True,True
2,5,7,1,1.2000000000000002,0.0,2.0,0.7604714927468401,2.73952850725316,True,True
2,5,7,1,1.2000000000000002,0.25,2.0,0.920296730217533,2.829703269782467,True,True
2,5,7,1,1.2000000000000002,0.5,2.0,1.0645856533065143,2.9354143466934857,True,True
2,5,7,1,1.2000000000000002,0.75,2.0,1.192373779766692,3.057626220233308,True,True
2,5,7,1,1.2000000000000002,1.0,2.0,1.303515275699954,3.196484724300046,True,True
2,5,7,1,1.3000000000000003,0.0,2.0,0.6825623779709293,2.817437622029071,True,True
2,5,7,1,1.3000000000000003,0.25,2.0,0.8205907596412829,2.929409240358717,True,True
2,5,7,1,1.3000000000000003,0.5,2.0,0.9438822909426166,3.0561177090573834,True,True
2,5,7,1,1.3000000000000003,0.75,2.0,1.0525073964752085,3.1974926035247915,True,True
2,5,7,1,1.3000000000000003,1.0,2.0,1.1471191570046406,3.3528808429953596,True,True
2,5,7,1,1.4000000000000004,0.0,2.0,0.6200505700316874,2.8799494299683124,True,True
2,5,7,1,1.4000000000000004,0.25,2.0,0.7420912910312927,3.0079087089687073,True,True
2,5,7,1,1.4000000000000004,0.5,2.0,0.8504659328977799,3.14953406710222,True,True
2,5,7,1,1.4000000000000004,0.75,2.0,0.9457523584929246,3.304247641507075,True,True
2,5,7,1,1.4000000000000004,1.0,2.0,1.028905643051517,3.471094356948483,True,True
2,5,7,1,1.5000000000000007,0.0,2.0,0.5685460934368476,2.9314539065631524,True,True
2,5,7,1,1.5000000000000007,0.25,2.0,0.6782161153045771,3.0717838846954226,True,True
2,5,7,1,1.5000000000000007,0.5,2.0,0.7752551286084106,3.2247448713915894,True,True
2,5,7,1,1.5000000000000007,0.75,2.0,0.8605007578755397,3.3894992421244603,True,True
2,5,7,1,1.5000000000000007,1.0,2.0,0.9350221801617078,3.564977819838292,True,True
2,5,7,1,1.6000000000000005,0.0,2.0,0.5252551286084108,2.9747448713915894,True,True
2,5,7,1,1.6000000000000005,0.25,2.0,0.6249999999999998,3.125,True,True
2,5,7,1,1.6000000000000005,0.5,2.0,0.7130462323766247,3.286953767623375,True,True
2,5,7,1,1.6000000000000005,0.75,2.0,0.7903652184960859,3.4596347815039143,True,True
2,5,7,1,1.6000000000000005,1.0,2.0,0.8580589092924942,3.6419410907075056,True,True
2,5,7,1,1.7000000000000006,0.0,2.0,0.48829014242343227,3.0117098575765677,True,True
2,5,7,1,1.7000000000000006,0.25,2.0,0.5798591945729015,3.1701408054270983,True,True
2,5,7,1,1.7000000000000006,0.5,2.0,0.6605532309722704,3.3394467690277296,True,True
2,5,7,1,1.7000000000000006,0.75,2.0,0.7314091029877903,3.51859089701221,True,True
2,5,7,1,1.7000000000000006,1.0,2.0,0.7935235911928522,3.7064764088071476,True,True
2,5,7,1,1.8000000000000005,0.0,2.0,0.4563187753116644,3.043681224688336,True,True
2,5,7,1,1.8000000000000005,0.25,2.0,0.5410157838681562,3.208984216131844,True,True
2,5,7,1,1.8000000000000005,0.5,2.0,0.6155626895136539,3.384437310486346,True,True
2,5,7,1,1.8000000000000005,0.75,2.0,0.6810230457363782,3.568976954263622,True,True
2,5,7,1,1.8000000000000005,1.0,2.0,0.7384702377319119,3.761529762268088,True,True
2,5,7,1,1.9000000000000008,0.0,2.0,0.4283682334644834,3.071631766535517,True,True
2,5,7,1,1.9000000000000008,0.25,2.0,0.5071958627439608,3.242804137256039,True,True
2,5,7,1,1.9000000000000008,0.5,2.0,0.5765128067054186,3.4234871932945814,True,True
2,5,7,1,1.9000000000000008,0.75,2.0,0.637386669509636,3.612613330490364,True,True
2,5,7,1,1.9000000000000008,1.0,2.0,0.6908588734076764,3.8091411265923236,True,True
2,5,7,1,2.000000000000001,0.0,2.0,0.40370879821637384,3.096291201783626,True,True
2,5,7,1,2.000000000000001,0.25,2.0,0.47745751406263137,3.2725424859373686,True,True
2,5,7,1,2.000000000000001,0.5,2.0,0.5422620262886746,3.4577379737113256,True,True
2,5,7,1,2.000000000000001,0.75,2.0,0.5991805480332868,3.650819451966713,True,True
2,5,7,1,2.000000000000001,1.0,2.0,0.6492189406417876,3.850781059358212,True,True
2,5,7,1,2.100000000000001,0.0,2.0,0.38178078893628675,3.118219211063713,True,True
2,5,7,1,2.100000000000001,0.25,2.0,0.4510864626302751,3.298913537369725,True,True
2,5,7,1,2.100000000000001,0.5,2.0,0.5119523817143099,3.48804761828569,True,True
2,5,7,1,2.100000000000001,0.75,2.0,0.565419393982258,3.684580606017742,True,True
2,5,7,1,2.100000000000001,1.0,2.0,0.6124568344475252,3.887543165552475,True,True
2,5,7,1,2.200000000000001,0.0,2.0,0.3621468508389065,3.1378531491610935,True,True
2,5,7,1,2.200000000000001,0.25,2.0,0.42752963603897753,3.3224703639610222,True,True
2,5,7,1,2.200000000000001,0.5,2.0,0.4849242443182762,3.515075755681724,True,True
2,5,7,1,2.200000000000001,0.75,2.0,0.5353495238375079,3.7146504761624923,True,True
2,5,7,1,2.200000000000001,1.0,2.0,0.5797387248478971,3.920261275152103,True,True
2,5,7,1,2.300000000000001,0.0,2.0,0.3444597201570956,3.1555402798429046,True,True
2,5,7,1,2.300000000000001,0.25,2.0,0.4063511829487323,3.3436488170512675,True,True
2,5,7,1,2.300000000000001,0.5,2.0,0.46066078546952327,3.539339214530477,True,True
2,5,7,1,2.300000000000001,0.75,2.0,0.508382826097495,3.741617173902505,True,True
2,5,7,1,2.300000000000001,1.0,2.0,0.5504156518366792,3.949584348163321,True,True
2,5,7,1,2.4000000000000012,0.0,2.0,0.3284398242306681,3.171560175769332,True,True
2,5,7,1,2.4000000000000012,0.25,2.0,0.3872024107202394,3.3627975892797606,True,True
2,5,7,1,2.4000000000000012,0.5,2.0,0.4387505004004002,3.5612494995996,True,True
2,5,7,1,2.4000000000000012,0.75,2.0,0.4840526110403982,3.765947388959602,True,True
2,5,7,1,2.4000000000000012,1.0,2.0,0.5239737352326681,3.9760262647673317,True,True
2,5,7,1,2.5000000000000013,0.0,2.0,0.3138593383654926,3.186140661634507,True,True
2,5,7,1,2.5000000000000013,0.25,2.0,0.3698006776509628,3.3801993223490374,True,True
2,5,7,1,2.5000000000000013,0.5,2.0,0.41886116991581,3.58113883008419,True,True
2,5,7,1,2.5000000000000013,0.75,2.0,0.461983163043741,3.788016836956259,True,True
2,5,7,1,2.5000000000000013,1.0,2.0,0.49999999999999956,4.0,True,True
2,5,7,1,2.6000000000000014,0.0,2.0,0.3005306010606712,3.199469398939329,True,True
2,5,7,1,2.6000000000000014,0.25,2.0,0.35391422888880997,3.3960857711111903,True,True
2,5,7,1,2.6000000000000014,0.5,2.0,0.4007213164390928,3.5992786835609074,True,True
2,5,7,1,2.6000000000000014,0.75,2.0,0.44186818926511484,3.808131810734885,True,True
2,5,7,1,2.6000000000000014,1.0,2.0,0.4781582810750058,4.021841718924994,True,True
2,5,7,1,2.700000000000002,0.0,2.0,0.28829754256412543,3.211702457435875,True,True
2,5,7,1,2.700000000000002,0.25,2.0,0.3393510842016678,3.4106489157983324,True,True
2,5,7,1,2.700000000000002,0.5,2.0,0.38410671419455666,3.615893285805443,True,True
2,5,7,1,2.700000000000002,0.75,2.0,0.4234552225610897,3.8265447774389103,True,True
2,5,7,1,2.700000000000002,1.0,2.0,0.4581718419033176,4.041828158096682,True,True
2,5,7,1,2.8000000000000016,0.0,2.0,0.27702924090705117,3.2229707590929486,True,True
2,5,7,1,2.8000000000000016,0.25,2.0,0.3259507524198684,3.4240492475801316,True,True
2,5,7,1,2.8000000000000016,0.5,2.0,0.36883039333296597,3.631169606667034,True,True
2,5,7,1,2.8000000000000016,0.75,2.0,0.40653411439155973,3.84346588560844,True,True
2,5,7,1,2.8000000000000016,1.0,2.0,0.43981058607511603,4.060189413924884,True,True
2,5,7,1,2.9000000000000017,0.0,2.0,0.26661500800272386,3.2333849919972764,True,True
2,5,7,1,2.9000000000000017,0.25,2.0,0.31357795804483124,3.4364220419551685,True,True
2,5,7,1,2.9000000000000017,0.5,2.0,0.354735111988304,3.6452648880116962,True,True
2,5,7,1,2.9000000000000017,0.75,2.0,0.39092840103275206,3.859071598967248,True,True
2,5,7,1,2.9000000000000017,1.0,2.0,0.4228814846963216,4.077118515303678,True,True
2,5,7,1,3.0000000000000018,0.0,2.0,0.2569605944025901,3.24303940559741,True,True
2,5,7,1,3.0000000000000018,0.25,2.0,0.3021178259852604,3.4478821740147394,True,True
2,5,7,1,3.0000000000000018,0.5,2.0,0.3416876048222999,3.6583123951777,True,True
2,5,7,1,3.0000000000000018,0.75,2.0,0.37648872847022585,3.8735112715297744,True,True
2,5,7,1,3.0000000000000018,1.0,2.0,0.4072213010420014,4.092778698957998,True,True
2,5,7,2,1.1,0.0,2.0,1.7226168367257133,5.277383163274287,True,True
2,5,7,2,1.1,0.25,2.0,1.9181455033520656,5.331854496647934,True,True
2,5,7,2,1.1,0.5,2.0,2.1071781483180727,5.392821851681927,True,True
2,5,7,2,1.1,0.75,2.0,2.2889278074438093,5.461072192556191,True,True
2,5,7,2,1.1,1.0,2.0,2.4625877704283847,5.537412229571615,True,True
2,5,7,2,1.2000000000000002,0.0,2.0,1.5209429854936802,5.47905701450632,True,True
2,5,7,2,1.2000000000000002,0.25,2.0,1.6844781629674965,5.565521837032503,True,True
2,5,7,2,1.2000000000000002,0.5,2.0,1.840593460435066,5.659406539564934,True,True
2,5,7,2,1.2000000000000002,0.75,2.0,1.9889216170406205,5.761078382959379,True,True
2,5,7,2,1.2000000000000002,1.0,2.0,2.1291713066130287,5.870828693386971,True,True
2,5,7,2,1.3000000000000003,0.0,2.0,1.3651247559418587,5.634875244058142,True,True
2,5,7,2,1.3000000000000003,0.25,2.0,1.5067982045721307,5.743201795427869,True,True
2,5,7,2,1.3000000000000003,0.5,2.0,1.6411815192825658,5.858818480717434,True,True
2,5,7,2,1.3000000000000003,0.75,2.0,1.7681772919685614,5.981822708031439,True,True
2,5,7,2,1.3000000000000003,1.0,2.0,1.887764581885233,6.112235418114767,True,True
2,5,7,2,1.4000000000000004,0.0,2.0,1.2401011400633748,5.759898859936625,True,True
2,5,7,2,1.4000000000000004,0.25,2.0,1.365595053053633,5.884404946946367,True,True
2,5,7,2,1.4000000000000004,0.5,2.0,1.4841825820625854,6.015817417937415,True,True
2,5,7,2,1.4000000000000004,0.75,2.0,1.5959220222705346,6.154077977729465,True,True
2,5,7,2,1.4000000000000004,1.0,2.0,1.7009318657955599,6.29906813420444,True,True
2,5,7,2,1.5000000000000007,0.0,2.0,1.1370921868736952,5.862907813126305,True,True
2,5,7,2,1.5000000000000007,0.25,2.0,1.2499999999999996,6.0,True,True
2,5,7,2,1.5000000000000007,0.5,2.0,1.3564322306091543,6.143567769390845,True,True
2,5,7,2,1.5000000000000007,0.75,2.0,1.4565380231780911,6.293461976821909,True,True
2,5,7,2,1.5000000000000007,1.0,2.0,1.5505102572168212,6.449489742783179,True,True
2,5,7,2,1.6000000000000005,0.0,2.0,1.0505102572168217,5.949489742783179,True,True
2,5,7,2,1.6000000000000005,0.25,2.0,1.1532850083393509,6.096714991660649,True,True
2,5,7,2,1.6000000000000005,0.5,2.0,1.2499999999999996,6.25,True,True
2,5,7,2,1.6000000000000005,0.75,2.0,1.3408581334108383,6.409141866589161,True,True
2,5,7,2,1.6000000000000005,1.0,2.0,1.4260924647532494,6.57390753524675,True,True
2,5,7,2,1.7000000000000006,0.0,2.0,0.9765802848468645,6.0234197151531355,True,True
2,5,7,2,1.7000000000000006,0.25,2.0,1.0709878737217253,6.179012126278275,True,True
2,5,7,2,1.7000000000000006,0.5,2.0,1.159718389145803,6.340281610854197,True,True
2,5,7,2,1.7000000000000006,0.75,2.0,1.243006514848041,6.506993485151959,True,True
2,5,7,2,1.7000000000000006,1.0,2.0,1.3211064619445407,6.678893538055459,True,True
2,5,7,2,1.8000000000000005,0.0,2.0,0.9126375506233289,6.087362449376672,True,True
2,5,7,2,1.8000000000000005,0.25,2.0,0.9999999999999996,6.25,True,True
2,5,7,2,1.8000000000000005,0.5,2.0,1.0820315677363124,6.417968432263688,True,True
2,5,7,2,1.8000000000000005,0.75,2.0,1.1589852520446224,6.591014747955377,True,True
2,5,7,2,1.8000000000000005,1.0,2.0,1.2311253790273078,6.768874620972692,True,True
2,5,7,2,1.9000000000000008,0.0,2.0,0.8567364669289668,6.143263533071034,True,True
2,5,7,2,1.9000000000000008,0.25,2.0,0.9380738066666114,6.311926193333388,True,True
2,5,7,2,1.9000000000000008,0.5,2.0,1.0143917254879216,6.485608274512078,True,True
2,5,7,2,1.9000000000000008,0.75,2.0,1.0859530490260934,6.664046950973907,True,True
2,5,7,2,1.9000000000000008,1.0,2.0,1.1530256134108372,6.846974386589163,True,True
2,5,7,2,2.000000000000001,0.0,2.0,0.8074175964327477,6.192582403567252,True,True
2,5,7,2,2.000000000000001,0.25,2.0,0.8835359750673359,6.3664640249326645,True,True
2,5,7,2,2.000000000000001,0.5,2.0,0.9549150281252627,6.545084971874737,True,True
2,5,7,2,2.000000000000001,0.75,2.0,1.0218219473716674,6.728178052628333,True,True
2,5,7,2,2.000000000000001,1.0,2.0,1.0845240525773492,6.915475947422651,True,True
2,5,7,2,2.100000000000001,0.0,2.0,0.7635615778725735,6.236438422127426,True,True
2,5,7,2,2.100000000000001,0.25,2.0,0.8351107292838402,6.414889270716159,True,True
2,5,7,2,2.100000000000001,0.5,2.0,0.9021729252605502,6.59782707473945,True,True
2,5,7,2,2.100000000000001,0.75,2.0,0.9650161594295827,6.784983840570417,True,True
2,5,7,2,2.100000000000001,1.0,2.0,1.0239047634286198,6.97609523657138,True,True
2,5,7,2,2.200000000000001,0.0,2.0,0.724293701677813,6.275706298322187,True,True
2,5,7,2,2.200000000000001,0.25,2.0,0.7918059303387568,6.458194069661243,True,True
2,5,7,2,2.200000000000001,0.5,2.0,0.8550592720779551,6.6449407279220445,True,True
2,5,7,2,2.200000000000001,0.75,2.0,0.9143201794182465,6.8356798205817535,True,True
2,5,7,2,2.200000000000001,1.0,2.0,0.9698484886365524,7.030151511363448,True,True
2,5,7,2,2.300000000000001,0.0,2.0,0.6889194403141912,6.311080559685809,True,True
2,5,7,2,2.300000000000001,0.25,2.0,0.75283693844275,6.49716306155725,True,True
2,5,7,2,2.300000000000001,0.5,2.0,0.8127023658974646,6.687297634102535,True,True
2,5,7,2,2.300000000000001,0.75,2.0,0.8687790948709733,6.881220905129027,True,True
2,5,7,2,2.300000000000001,1.0,2.0,0.9213215709390465,7.078678429060954,True,True
2,5,7,2,2.4000000000000012,0.0,2.0,0.6568796484613362,6.343120351538664,True,True
2,5,7,2,2.4000000000000012,0.25,2.0,0.7175741625967476,6.5324258374032524,True,True
2,5,7,2,2.4000000000000012,0.5,2.0,0.7744048214404788,6.725595178559521,True,True
2,5,7,2,2.4000000000000012,0.75,2.0,0.8276309161289084,6.922369083871091,True,True
2,5,7,2,2.4000000000000012,1.0,2.0,0.8775010008008004,7.1224989991992,True,True
2,5,7,2,2.5000000000000013,0.0,2.0,0.6277186767309852,6.372281323269014,True,True
2,5,7,2,2.5000000000000013,0.25,2.0,0.6855059959237875,6.564494004076213,True,True
2,5,7,2,2.5000000000000013,0.5,2.0,0.7396013553019256,6.760398644698075,True,True
2,5,7,2,2.5000000000000013,0.75,2.0,0.7902593301867329,6.959740669813267,True,True
2,5,7,2,2.5000000000000013,1.0,2.0,0.83772233983162,7.16227766016838,True,True
2,5,7,2,2.6000000000000014,0.0,2.0,0.6010612021213424,6.398938797878658,True,True
2,5,7,2,2.6000000000000014,0.25,2.0,0.6562120447770399,6.59378795522296,True,True
2,5,7,2,2.6000000000000014,0.5,2.0,0.7078284577776199,6.7921715422223805,True,True
2,5,7,2,2.6000000000000014,0.75,2.0,0.7561599172868028,6.993840082713197,True,True
2,5,7,2,2.6000000000000014,1.0,2.0,0.8014426328781856,7.198557367121815,True,True
2,5,7,2,2.700000000000002,0.0,2.0,0.5765950851282509,6.42340491487175,True,True
2,5,7,2,2.700000000000002,0.25,2.0,0.6293434219968845,6.620656578003116,True,True
2,5,7,2,2.700000000000002,0.5,2.0,0.6787021684033356,6.821297831596665,True,True
2,5,7,2,2.700000000000002,0.75,2.0,0.7249154920212999,7.0250845079787005,True,True
2,5,7,2,2.700000000000002,1.0,2.0,0.7682134283891133,7.231786571610886,True,True
2,5,7,2,2.8000000000000016,0.0,2.0,0.5540584818141023,6.445941518185897,True,True
2,5,7,2,2.8000000000000016,0.25,2.0,0.604607996113276,6.645392003886724,True,True
2,5,7,2,2.8000000000000016,0.5,2.0,0.6519015048397367,6.848098495160263,True,True
2,5,7,2,2.8000000000000016,0.75,2.0,0.6961777787542576,7.053822221245742,True,True
2,5,7,2,2.8000000000000016,1.0,2.0,0.7376607866659319,7.262339213334068,True,True
2,5,7,2,2.9000000000000017,0.0,2.0,0.5332300160054477,6.466769983994553,True,True
2,5,7,2,2.9000000000000017,0.25,2.0,0.5817591854780182,6.668240814521981,True,True
2,5,7,2,2.9000000000000017,0.5,2.0,0.6271559160896625,6.872844083910337,True,True
2,5,7,2,2.9000000000000017,0.75,2.0,0.6696535772782415,7.0803464227217585,True,True
2,5,7,2,2.9000000000000017,1.0,2.0,0.709470223976608,7.2905297760233925,True,True
2,5,7,2,3.0000000000000018,0.0,2.0,0.5139211888051802,6.48607881119482,True,True
2,5,7,2,3.0000000000000018,0.25,2.0,0.5605873319671839,6.689412668032816,True,True
2,5,7,2,3.0000000000000018,0.5,2.0,0.6042356519705208,6.895764348029479,True,True
2,5,7,2,3.0000000000000018,0.75,2.0,0.6450941706194175,7.1049058293805825,True,True
2,5,7,2,3.0000000000000018,1.0,2.0,0.6833752096445997,7.3166247903554,True,True
2,5,7,3,1.1,0.0,2.0,2.58392525508857,7.91607474491143,True,True
2,5,7,3,1.1,0.25,2.0,2.7804799883390583,7.969520011660942,True,True
2,5,7,3,1.1,0.5,2.0,2.972874432014974,8.027125567985026,True,True
2,5,7,3,1.1,0.75,2.0,3.1607672224771086,8.089232777522891,True,True
2,5,7,3,1.1,1.0,2.0,3.3438053430213235,8.156194656978677,True,True
2,5,7,3,1.2000000000000002,0.0,2.0,2.28141447824052,8.21858552175948,True,True
2,5,7,3,1.2000000000000002,0.25,2.0,2.446156371535004,8.303843628464996,True,True
2,5,7,3,1.2000000000000002,0.5,2.0,2.606040774302443,8.393959225697557,True,True
2,5,7,3,1.2000000000000002,0.75,2.0,2.7608901906525993,8.4891098093474,True,True
2,5,7,3,1.2000000000000002,1.0,2.0,2.9105458270998628,8.589454172900137,True,True
2,5,7,3,1.3000000000000003,0.0,2.0,2.0476871339127882,8.452312866087212,True,True
2,5,7,3,1.3000000000000003,0.25,2.0,2.1905651992857504,8.55943480071425,True,True
2,5,7,3,1.3000000000000003,0.5,2.0,2.3286135038926097,8.67138649610739,True,True
2,5,7,3,1.3000000000000003,0.75,2.0,2.4617722789238488,8.78822772107615,True,True
2,5,7,3,1.3000000000000003,1.0,2.0,2.5900036514139884,8.909996348586011,True,True
2,5,7,3,1.4000000000000004,0.0,2.0,1.8601517100950624,8.639848289904938,True,True
2,5,7,3,1.4000000000000004,0.25,2.0,1.9867983067288164,8.763201693271183,True,True
2,5,7,3,1.4000000000000004,0.5,2.0,2.108835008437366,8.891164991562635,True,True
2,5,7,3,1.4000000000000004,0.75,2.0,2.226273873093878,9.023726126906123,True,True
2,5,7,3,1.4000000000000004,1.0,2.0,2.3391454778269165,9.160854522173084,True,True
2,5,7,3,1.5000000000000007,0.0,2.0,1.7056382803105428,8.794361719689457,True,True
2,5,7,3,1.5000000000000007,0.25,2.0,1.819634336668026,8.930365663331974,True,True
2,5,7,3,1.5000000000000007,0.5,2.0,1.929285785728574,9.070714214271426,True,True
2,5,7,3,1.5000000000000007,0.75,2.0,2.0346483459137312,9.21535165408627,True,True
2,5,7,3,1.5000000000000007,1.0,2.0,2.135791926299759,9.36420807370024,True,True
2,5,7,3,1.6000000000000005,0.0,2.0,1.5757653858252323,8.924234614174768,True,True
2,5,7,3,1.6000000000000005,0.25,2.0,1.6795636252263786,9.070436374773621,True,True
2,5,7,3,1.6000000000000005,0.5,2.0,1.7792809834656946,9.220719016534305,True,True
2,5,7,3,1.6000000000000005,0.75,2.0,1.8749999999999991,9.375,True,True
2,5,7,3,1.6000000000000005,1.0,2.0,1.96681351239461,9.53318648760539,True,True
2,5,7,3,1.7000000000000006,0.0,2.0,1.4648704272702968,9.035129572729703,True,True
2,5,7,3,1.7000000000000006,0.25,2.0,1.5602405441650244,9.189759455834976,True,True
2,5,7,3,1.7000000000000006,0.5,2.0,1.6517765749099533,9.348223425090048,True,True
2,5,7,3,1.7000000000000006,0.75,2.0,1.7395775837187046,9.510422416281296,True,True
2,5,7,3,1.7000000000000006,1.0,2.0,1.8237497307901278,9.676250269209872,True,True
2,5,7,3,1.8000000000000005,0.0,2.0,1.3689563259349935,9.131043674065006,True,True
2,5,7,3,1.8000000000000005,0.25,2.0,1.4572253340278314,9.292774665972168,True,True
2,5,7,3,1.8000000000000005,0.5,2.0,1.5418859709873605,9.45811402901264,True,True
2,5,7,3,1.8000000000000005,0.75,2.0,1.6230473516044688,9.62695264839553,True,True
2,5,7,3,1.8000000000000005,1.0,2.0,1.7008231289145517,9.799176871085448,True,True
2,5,7,3,1.9000000000000008,0.0,2.0,1.2851047003934504,9.21489529960655,True,True
2,5,7,3,1.9000000000000008,0.25,2.0,1.3672977117082468,9.382702288291753,True,True
2,5,7,3,1.9000000000000008,0.5,2.0,1.446087010514928,9.553912989485072,True,True
2,5,7,3,1.9000000000000008,0.75,2.0,1.521587588231883,9.728412411768117,True,True
2,5,7,3,1.9000000000000008,1.0,2.0,1.5939169503257666,9.906083049674233,True,True
2,5,7,3,2.000000000000001,0.0,2.0,1.2111263946491215,9.28887360535088,True,True
2,5,7,3,2.000000000000001,0.25,2.0,1.288054318932045,9.461945681067956,True,True
2,5,7,3,2.000000000000001,0.5,2.0,1.361763660688287,9.638236339311714,True,True
2,5,7,3,2.000000000000001,0.75,2.0,1.4323725421878937,9.817627457812106,True,True
2,5,7,3,2.000000000000001,1.0,2.0,1.4999999999999991,10.0,True,True
2,5,7,3,2.100000000000001,0.0,2.0,1.14534236680886,9.35465763319114,True,True
2,5,7,3,2.100000000000001,0.25,2.0,1.2176592462419986,9.532340753758001,True,True
2,5,7,3,2.100000000000001,0.5,2.0,1.2869251134118196,9.713074886588181,True,True
2,5,7,3,2.100000000000001,0.75,2.0,1.3532593878908257,9.896740612109173,True,True
2,5,7,3,2.100000000000001,1.0,2.0,1.4167811370430732,10.083218862956926,True,True
2,5,7,3,2.200000000000001,0.0,2.0,1.08644055251672,9.41355944748328,True,True
2,5,7,3,2.200000000000001,0.25,2.0,1.154682530252665,9.595317469747336,True,True
2,5,7,3,2.200000000000001,0.5,2.0,1.2200254886060566,9.779974511393943,True,True
2,5,7,3,2.200000000000001,0.75,2.0,1.2825889081169324,9.967411091883069,True,True
2,5,7,3,2.200000000000001,1.0,2.0,1.342490911678528,10.157509088321472,True,True
2,5,7,3,2.300000000000001,0.0,2.0,1.033379160471287,9.466620839528712,True,True
2,5,7,3,2.300000000000001,0.25,2.0,1.09799182686735,9.65200817313265,True,True
2,5,7,3,2.300000000000001,0.5,2.0,1.1598437215073538,9.840156278492646,True,True
2,5,7,3,2.300000000000001,0.75,2.0,1.2190535488461975,10.030946451153802,True,True
2,5,7,3,2.300000000000001,1.0,2.0,1.2757378553407888,10.22426214465921,True,True
2,5,7,3,2.4000000000000012,0.0,2.0,0.9853194726920043,9.514680527307995,True,True
2,5,7,3,2.4000000000000012,0.25,2.0,1.0466775767048038,9.703322423295196,True,True
2,5,7,3,2.4000000000000012,0.5,2.0,1.1054010421882632,9.894598957811738,True,True
2,5,7,3,2.4000000000000012,0.75,2.0,1.1616072321607183,10.08839276783928,True,True
2,5,7,3,2.4000000000000012,1.0,2.0,1.2154107131957357,10.284589286804264,True,True
2,5,7,3,2.5000000000000013,0.0,2.0,0.9415780150964776,9.558421984903521,True,True
2,5,7,3,2.5000000000000013,0.25,2.0,0.9999999999999991,9.75,True,True
2,5,7,3,2.5000000000000013,0.5,2.0,1.0559027913422048,9.944097208657794,True,True
2,5,7,3,2.5000000000000013,0.75,2.0,1.1094020329528886,10.14059796704711,True,True
2,5,7,3,2.5000000000000013,1.0,2.0,1.1606100623285442,10.339389937671456,True,True
2,5,7,3,2.6000000000000014,0.0,2.0,0.901591803182014,9.598408196817985,True,True
2,5,7,3,2.6000000000000014,0.25,2.0,0.9573507382319271,9.792649261768073,True,True
2,5,7,3,2.6000000000000014,0.5,2.0,1.0106964734108077,9.989303526589193,True,True
2,5,7,3,2.6000000000000014,0.75,2.0,1.0617426866664301,10.188257313333569,True,True
2,5,7,3,2.6000000000000014,1.0,2.0,1.1105993424216454,10.389400657578355,True,True
2,5,7,3,2.700000000000002,0.0,2.0,0.8648926276923765,9.635107372307623,True,True
2,5,7,3,2.700000000000002,0.25,2.0,0.9182245712598185,9.831775428740182,True,True
2,5,7,3,2.700000000000002,0.5,2.0,0.9692409269772702,10.030759073022729,True,True
2,5,7,3,2.700000000000002,0.75,2.0,1.0180532526050028,10.231946747394996,True,True
2,5,7,3,2.700000000000002,1.0,2.0,1.0647690677097996,10.4352309322902,True,True
2,5,7,3,2.8000000000000016,0.0,2.0,0.8310877227211542,9.668912277278846,True,True
2,5,7,3,2.8000000000000016,0.25,2.0,0.8821982174657581,9.867801782534242,True,True
2,5,7,3,2.8000000000000016,0.5,2.0,0.9310832793757333,10.068916720624266,True,True
2,5,7,3,2.8000000000000016,0.75,2.0,0.9778522572596051,10.272147742740394,True,True
2,5,7,3,2.8000000000000016,1.0,2.0,1.0226102037472842,10.477389796252716,True,True
2,5,7,3,2.9000000000000017,0.0,2.0,0.7998450240081718,9.700154975991829,True,True
2,5,7,3,2.9000000000000017,0.25,2.0,0.8489142091419764,9.901085790858023,True,True
2,5,7,3,2.9000000000000017,0.5,2.0,0.8958414599333171,10.104158540066683,True,True
2,5,7,3,2.9000000000000017,0.75,2.0,0.9407338741344935,10.309266125865506,True,True
2,5,7,3,2.9000000000000017,1.0,2.0,0.9836940494977551,10.516305950502245,True,True
2,5,7,3,3.0000000000000018,0.0,2.0,0.7708817832077699,9.72911821679223,True,True
2,5,7,3,3.0000000000000018,0.25,2.0,0.8180684666104536,9.931931533389546,True,True
2,5,7,3,3.0000000000000018,0.5,2.0,0.8631907522521471,10.136809247747852,True,True
2,5,7,3,3.0000000000000018,0.75,2.0,0.9063534779557809,10.343646522044219,True,True
2,5,7,3,3.0000000000000018,1.0,2.0,0.9476568219253627,10.552343178074636,True,True
2,8,4,1,1.1,0.0,5.0,0.8833255232928416,4.116674476707159,True,False
2,8,4,1,1.1,0.25,5.0,1.0936050625180143,4.156394937481986,True,False
2,8,4,1,1.1,0.5,5.0,1.2981203405741415,4.201879659425859,True,False
2,8,4,1,1.1,0.75,5.0,1.4958739592177814,4.254126040782219,True,False
2,8,4,1,1.1,1.0,5.0,1.6857425186544577,4.3142574813455425,True,False
2,8,4,1,1.2000000000000002,0.0,5.0,0.7921748723400668,4.207825127659933,True,False
2,8,4,1,1.2000000000000002,0.25,5.0,0.9745581399718033,4.275441860028197,True,False
2,8,4,1,1.2000000000000002,0.5,5.0,1.1492189406417879,4.350781059358212,True,False
2,8,4,1,1.2000000000000002,0.75,5.0,1.315419393982258,4.434580606017742,True,False
2,8,4,1,1.2000000000000002,1.0,5.0,1.4724747683480532,4.527525231651946,True,False
2,8,4,1,1.3000000000000003,0.0,5.0,0.7186867420139365,4.2813132579860635,True,False
2,8,4,1,1.3000000000000003,0.25,5.0,0.880158702389769,4.369841297610231,True,False
2,8,4,1,1.3000000000000003,0.5,5.0,1.0332835456560143,4.4667164543439855,True,False
2,8,4,1,1.3000000000000003,0.75,5.0,1.177646290431892,4.572353709568108,True,False
2,8,4,1,1.3000000000000003,1.0,5.0,1.3129452154260528,4.687054784573947,True,False
2,8,4,1,1.4000000000000004,0.0,5.0,0.6580290059674818,4.341970994032518,True,False
2,8,4,1,1.4000000000000004,0.25,5.0,0.8031338060737203,4.4468661939262795,True,False
2,8,4,1,1.4000000000000004,0.5,5.0,0.939810586075116,4.560189413924884,True,False
2,8,4,1,1.4000000000000004,0.75,5.0,1.0678959631498797,4.68210403685012,True,False
2,8,4,1,1.4000000000000004,1.0,5.0,1.1873460656500683,4.812653934349932,True,False
2,8,4,1,1.5000000000000007,0.0,5.0,0.6070305513999086,4.392969448600091,True,False
2,8,4,1,1.5000000000000007,0.25,5.0,0.7389216170406205,4.511078382959379,True,False
2,8,4,1,1.5000000000000007,0.5,5.0,0.8625413911823121,4.637458608817688,True,False
2,8,4,1,1.5000000000000007,0.75,5.0,0.9779079270279645,4.772092072972035,True,False
2,8,4,1,1.5000000000000007,1.0,5.0,1.0851457844873231,4.914854215512677,True,False
2,8,4,1,1.6000000000000005,0.0,5.0,0.5635083268962913,4.436491673103709,True,False
2,8,4,1,1.6000000000000005,0.25,5.0,0.6844781629674968,4.565521837032503,True,False
2,8,4,1,1.6000000000000005,0.5,5.0,0.7974375810233361,4.7025624189766635,True,False
2,8,4,1,1.6000000000000005,0.75,5.0,0.9025332702425621,4.847466729757437,True,False
2,8,4,1,1.6000000000000005,1.0,5.0,0.9999999999999996,5.0,True,False
2,8,4,1,1.7000000000000006,0.0,5.0,0.5259030359353134,4.474096964064687,True,False
2,8,4,1,1.7000000000000006,0.25,5.0,0.637678050890655,4.6123219491093455,True,False
2,8,4,1,1.7000000000000006,0.5,5.0,0.7417449775254839,4.758255022474517,True,False
2,8,4,1,1.7000000000000006,0.75,5.0,0.838341476541423,4.911658523458577,True,False
2,8,4,1,1.7000000000000006,1.0,5.0,0.9277747113166424,5.072225288683358,True,True
2,8,4,1,1.8000000000000005,0.0,5.0,0.4930675702012839,4.5069324297987166,True,False
2,8,4,1,1.8000000000000005,0.25,5.0,0.5969844127270068,4.653015587272993,True,False
2,8,4,1,1.8000000000000005,0.5,5.0,0.6935062201244886,4.806493779875511,True,False
2,8,4,1,1.8000000000000005,0.75,5.0,0.7829349648944675,4.9670650351055325,True,False
2,8,4,1,1.8000000000000005,1.0,5.0,0.8656252541890499,5.13437474581095,True,True
2,8,4,1,1.9000000000000008,0.0,5.0,0.4641373223851115,4.5358626776148885,True,False
2,8,4,1,1.9000000000000008,0.25,5.0,0.5612543633888452,4.688745636611155,True,False
2,8,4,1,1.9000000000000008,0.5,5.0,0.6512848542124883,4.848715145787512,True,False
2,8,4,1,1.9000000000000008,0.75,5.0,0.7345760995344373,5.015423900465563,True,True
2,8,4,1,1.9000000000000008,1.0,5.0,0.8115133803903372,5.188486619609662,True,True
2,8,4,1,2.000000000000001,0.0,5.0,0.4384471871911697,4.561552812808831,True,False
2,8,4,1,2.000000000000001,0.25,5.0,0.5296181732199736,4.720381826780026,True,False
2,8,4,1,2.000000000000001,0.5,5.0,0.613999063670617,4.886000936329383,True,False
2,8,4,1,2.000000000000001,0.75,5.0,0.6919688504283772,5.058031149571622,True,True
2,8,4,1,2.000000000000001,1.0,5.0,0.7639320225002098,5.23606797749979,True,True
2,8,4,1,2.100000000000001,0.0,5.0,0.41547653041802013,4.584523469581979,True,False
2,8,4,1,2.100000000000001,0.25,5.0,0.5014010220741723,4.748598977925828,True,False
2,8,4,1,2.100000000000001,0.5,5.0,0.5808164801342546,4.919183519865745,True,False
2,8,4,1,2.100000000000001,0.75,5.0,0.6541236714605949,5.095876328539405,True,True
2,8,4,1,2.100000000000001,1.0,5.0,0.7217383402084403,5.27826165979156,True,True
2,8,4,1,2.200000000000001,0.0,5.0,0.39481160419828853,4.6051883958017115,True,False
2,8,4,1,2.200000000000001,0.25,5.0,0.4760705625189252,4.773929437481074,True,False
2,8,4,1,2.200000000000001,0.5,5.0,0.5510849782842278,4.948915021715772,True,False
2,8,4,1,2.200000000000001,0.75,5.0,0.6202701230121113,5.129729876987889,True,True
2,8,4,1,2.200000000000001,1.0,5.0,0.6840474176623639,5.315952582337636,True,True
2,8,4,1,2.300000000000001,0.0,5.0,0.37611922057348224,4.623880779426518,True,False
2,8,4,1,2.300000000000001,0.25,5.0,0.45320075593489983,4.796799244065101,True,False
2,8,4,1,2.300000000000001,0.5,5.0,0.5242856544861629,4.975714345513837,True,False
2,8,4,1,2.300000000000001,0.75,5.0,0.5897983154368109,5.160201684563189,True,True
2,8,4,1,2.300000000000001,1.0,5.0,0.6501618927179718,5.349838107282029,True,True
2,8,4,1,2.4000000000000012,0.0,5.0,0.3591279035558115,4.6408720964441885,True,False
2,8,4,1,2.4000000000000012,0.25,5.0,0.43244631384618826,4.817553686153811,True,False
2,8,4,1,2.4000000000000012,0.5,5.0,0.49999999999999956,5.0,True,False
2,8,4,1,2.4000000000000012,0.75,5.0,0.56221848560368,5.18778151439632,True,True
2,8,4,1,2.4000000000000012,1.0,5.0,0.6195238571523829,5.380476142847617,True,True
2,8,4,1,2.5000000000000013,0.0,5.0,0.3436141347152173,4.656385865284783,True,False
2,8,4,1,2.5000000000000013,0.25,5.0,0.4135242483807331,4.8364757516192665,True,False
2,8,4,1,2.5000000000000013,0.5,5.0,0.47788644649964684,5.022113553500353,True,True
2,8,4,1,2.5000000000000013,0.75,5.0,0.5371323818487923,5.212867618151208,True,True
2,8,4,1,2.5000000000000013,1.0,5.0,0.5916810842415403,5.40831891575846,True,True
2,8,4,1,2.6000000000000014,0.0,5.0,0.3293921446888519,4.6706078553111485,True,False
2,8,4,1,2.6000000000000014,0.25,5.0,0.3962003057871981,4.853799694212801,True,False
2,8,4,1,2.6000000000000014,0.5,5.0,0.4576632681240538,5.042336731875946,True,True
2,8,4,1,2.6000000000000014,0.75,5.0,0.5142125661779056,5.235787433822095,True,True
2,8,4,1,2.6000000000000014,1.0,5.0,0.5662627662220956,5.433737233777904,True,True
2,8,4,1,2.700000000000002,0.0,5.0,0.31630622144071685,4.683693778559283,True,False
2,8,4,1,2.700000000000002,0.25,5.0,0.3802788261906227,4.869721173809378,True,False
2,8,4,1,2.700000000000002,0.5,5.0,0.4390958960229918,5.060904103977008,True,True
2,8,4,1,2.700000000000002,0.75,5.0,0.49318715945030434,5.256812840549696,True,True
2,8,4,1,2.700000000000002,1.0,5.0,0.5429617347226685,5.4570382652773315,True,True
2,8,4,1,2.8000000000000016,0.0,5.0,0.3042248358658002,4.6957751641342,True,False
2,8,4,1,2.8000000000000016,0.25,5.0,0.36559505305363293,4.884404946946367,True,False
2,8,4,1,2.8000000000000016,0.5,5.0,0.42198735889539085,5.078012641104609,True,True
2,8,4,1,2.8000000000000016,0.75,5.0,0.47382841096268136,5.276171589037318,True,True
2,8,4,1,2.8000000000000016,1.0,5.0,0.5215212038717896,5.47847879612821,True,True
2,8,4,1,2.9000000000000017,0.0,5.0,0.2930361001655659,4.7069638998344345,True,False
2,8,4,1,2.9000000000000017,0.25,5.0,0.3520092237394543,4.897990776260546,True,False
2,8,4,1,2.9000000000000017,0.5,5.0,0.4061709783436376,5.093829021656362,True,True
2,8,4,1,2.9000000000000017,0.75,5.0,0.4559440071482994,5.294055992851701,True,True
2,8,4,1,2.9000000000000017,1.0,5.0,0.5017247328717298,5.49827526712827,True,True
2,8,4,1,3.0000000000000018,0.0,5.0,0.2826442173916548,4.717355782608346,True,False
2,8,4,1,3.0000000000000018,0.25,5.0,0.3394019746829202,4.91059802531708,True,False
2,8,4,1,3.0000000000000018,0.5,5.0,0.39150471698584877,5.108495283014151,True,True
2,8,4,1,3.0000000000000018,0.75,5.0,0.43937037572075255,5.3106296242792475,True,True
2,8,4,1,3.0000000000000018,1.0,5.0,0.48338852157641643,5.516611478423584,True,True
2,8,4,2,1.1,0.0,5.0,1.7666510465856833,8.233348953414318,True,True
2,8,4,2,1.1,0.25,5.0,1.9782574562949007,8.271742543705098,True,True
2,8,4,2,1.1,0.5,5.0,2.1872101250360285,8.312789874963972,True,True
2,8,4,2,1.1,0.75,5.0,2.3932848895308587,8.35671511046914,True,True
2,8,4,2,1.1,1.0,5.0,2.596240681148283,8.403759318851717,True,True
2,8,4,2,1.2000000000000002,0.0,5.0,1.5843497446801336,8.415650255319866,True,True
2,8,4,2,1.2000000000000002,0.25,5.0,1.7685696044756116,8.481430395524388,True,True
2,8,4,2,1.2000000000000002,0.5,5.0,1.9491162799436066,8.550883720056394,True,True
2,8,4,2,1.2000000000000002,0.75,5.0,2.125801380853016,8.624198619146984,True,True
2,8,4,2,1.2000000000000002,1.0,5.0,2.2984378812835757,8.701562118716424,True,True
2,8,4,2,1.3000000000000003,0.0,5.0,1.437373484027873,8.562626515972127,True,True
2,8,4,2,1.3000000000000003,0.25,5.0,1.600872994081207,8.649127005918793,True,True
2,8,4,2,1.3000000000000003,0.5,5.0,1.760317404779538,8.739682595220462,True,True
2,8,4,2,1.3000000000000003,0.75,5.0,1.915585587570769,8.834414412429231,True,True
2,8,4,2,1.3000000000000003,1.0,5.0,2.0665670913120286,8.933432908687971,True,True
2,8,4,2,1.4000000000000004,0.0,5.0,1.3160580119349636,8.683941988065037,True,True
2,8,4,2,1.4000000000000004,0.25,5.0,1.4632405673150584,8.786759432684942,True,True
2,8,4,2,1.4000000000000004,0.5,5.0,1.6062676121474406,8.893732387852559,True,True
2,8,4,2,1.4000000000000004,0.75,5.0,1.7450772341943295,9.00492276580567,True,True
2,8,4,2,1.4000000000000004,1.0,5.0,1.879621172150232,9.120378827849768,True,True
2,8,4,2,1.5000000000000007,0.0,5.0,1.2140611027998172,8.785938897200182,True,True
2,8,4,2,1.5000000000000007,0.25,5.0,1.3480137675654675,8.901986232434533,True,True
2,8,4,2,1.5000000000000007,0.5,5.0,1.477843234081241,9.022156765918758,True,True
2,8,4,2,1.5000000000000007,0.75,5.0,1.6035336627071244,9.146466337292875,True,True
2,8,4,2,1.5000000000000007,1.0,5.0,1.7250827823646242,9.274917217635377,True,True
2,8,4,2,1.6000000000000005,0.0,5.0,1.1270166537925825,8.872983346207418,True,True
2,8,4,2,1.6000000000000005,0.25,5.0,1.2499999999999996,9.0,True,True
2,8,4,2,1.6000000000000005,0.5,5.0,1.3689563259349935,9.131043674065006,True,True
2,8,4,2,1.6000000000000005,0.75,5.0,1.483904395931654,9.266095604068346,True,True
2,8,4,2,1.6000000000000005,1.0,5.0,1.5948751620466721,9.405124837953327,True,True
2,8,4,2,1.7000000000000006,0.0,5.0,1.0518060718706268,8.948193928129374,True,True
2,8,4,2,1.7000000000000006,0.25,5.0,1.1655316384794339,9.084468361520566,True,True
2,8,4,2,1.7000000000000006,0.5,5.0,1.27535610178131,9.224643898218691,True,True
2,8,4,2,1.7000000000000006,0.75,5.0,1.3813239328393485,9.368676067160651,True,True
2,8,4,2,1.7000000000000006,1.0,5.0,1.4834899550509677,9.516510044949033,True,True
2,8,4,2,1.8000000000000005,0.0,5.0,0.9861351404025678,9.013864859597433,True,True
2,8,4,2,1.8000000000000005,0.25,5.0,1.0919335487745796,9.15806645122542,True,True
2,8,4,2,1.8000000000000005,0.5,5.0,1.1939688254540135,9.306031174545986,True,True
2,8,4,2,1.8000000000000005,0.75,5.0,1.292304471580353,9.457695528419647,True,True
2,8,4,2,1.8000000000000005,1.0,5.0,1.3870124402489772,9.612987559751023,True,True
2,8,4,2,1.9000000000000008,0.0,5.0,0.928274644770223,9.071725355229777,True,True
2,8,4,2,1.9000000000000008,0.25,5.0,1.0272029345667093,9.22279706543329,True,True
2,8,4,2,1.9000000000000008,0.5,5.0,1.1225087267776903,9.37749127322231,True,True
2,8,4,2,1.9000000000000008,0.75,5.0,1.2142695795595033,9.535730420440498,True,True
2,8,4,2,1.9000000000000008,1.0,5.0,1.3025697084249765,9.697430291575024,True,True
2,8,4,2,2.000000000000001,0.0,5.0,0.8768943743823394,9.123105625617661,True,True
2,8,4,2,2.000000000000001,0.25,5.0,0.9698074653513347,9.280192534648666,True,True
2,8,4,2,2.000000000000001,0.5,5.0,1.0592363464399472,9.440763653560053,True,True
2,8,4,2,2.000000000000001,0.75,5.0,1.1452689210778413,9.604731078922159,True,True
2,8,4,2,2.000000000000001,1.0,5.0,1.227998127341234,9.772001872658766,True,True
2,8,4,2,2.100000000000001,0.0,5.0,0.8309530608360403,9.169046939163959,True,True
2,8,4,2,2.100000000000001,0.25,5.0,0.9185529923020033,9.331447007697996,True,True
2,8,4,2,2.100000000000001,0.5,5.0,1.0028020441483445,9.497197955851655,True,True
2,8,4,2,2.100000000000001,0.75,5.0,1.0837956790885004,9.6662043209115,True,True
2,8,4,2,2.100000000000001,1.0,5.0,1.1616329602685092,9.83836703973149,True,True
2,8,4,2,2.200000000000001,0.0,5.0,0.7896232083965771,9.210376791603423,True,True
2,8,4,2,2.200000000000001,0.25,5.0,0.8724940543037665,9.377505945696234,True,True
2,8,4,2,2.200000000000001,0.5,5.0,0.9521411250378504,9.547858874962149,True,True
2,8,4,2,2.200000000000001,0.75,5.0,1.0286653373215717,9.721334662678428,True,True
2,8,4,2,2.200000000000001,1.0,5.0,1.1021699565684555,9.897830043431544,True,True
2,8,4,2,2.300000000000001,0.0,5.0,0.7522384411469645,9.247761558853036,True,True
2,8,4,2,2.300000000000001,0.25,5.0,0.8308716782706336,9.419128321729367,True,True
2,8,4,2,2.300000000000001,0.5,5.0,0.9064015118697997,9.593598488130201,True,True
2,8,4,2,2.300000000000001,0.75,5.0,0.9789327110819093,9.77106728891809,True,True
2,8,4,2,2.300000000000001,1.0,5.0,1.0485713089723259,9.951428691027674,True,True
2,8,4,2,2.4000000000000012,0.0,5.0,0.718255807111623,9.281744192888377,True,True
2,8,4,2,2.4000000000000012,0.25,5.0,0.7930691372091356,9.456930862790864,True,True
2,8,4,2,2.4000000000000012,0.5,5.0,0.8648926276923765,9.635107372307623,True,True
2,8,4,2,2.4000000000000012,0.75,5.0,0.9338336742097422,9.816166325790258,True,True
2,8,4,2,2.4000000000000012,1.0,5.0,0.9999999999999991,10.0,True,True
2,8,4,2,2.5000000000000013,0.0,5.0,0.6872282694304346,9.312771730569565,True,True
2,8,4,2,2.5000000000000013,0.25,5.0,0.7585798415635718,9.491420158436428,True,True
2,8,4,2,2.5000000000000013,0.5,5.0,0.8270484967614662,9.672951503238533,True,True
2,8,4,2,2.5000000000000013,0.75,5.0,0.8927433139098326,9.857256686090167,True,True
2,8,4,2,2.5000000000000013,1.0,5.0,0.9557728929992937,10.044227107000706,True,True
2,8,4,2,2.6000000000000014,0.0,5.0,0.6587842893777038,9.341215710622297,True,True
2,8,4,2,2.6000000000000014,0.25,5.0,0.7269836202075055,9.523016379792494,True,True
2,8,4,2,2.6000000000000014,0.5,5.0,0.7924006115743962,9.707599388425603,True,True
2,8,4,2,2.6000000000000014,0.75,5.0,0.8551452967532747,9.894854703246725,True,True
2,8,4,2,2.6000000000000014,1.0,5.0,0.9153265362481076,10.084673463751892,True,True
2,8,4,2,2.700000000000002,0.0,5.0,0.6326124428814337,9.367387557118565,True,True
2,8,4,2,2.700000000000002,0.25,5.0,0.6979289215855893,9.55207107841441,True,True
2,8,4,2,2.700000000000002,0.5,5.0,0.7605576523812454,9.739442347618755,True,True
2,8,4,2,2.700000000000002,0.75,5.0,0.8206090580790217,9.929390941920978,True,True
2,8,4,2,2.700000000000002,1.0,5.0,0.8781917920459836,10.121808207954016,True,True
2,8,4,2,2.8000000000000016,0.0,5.0,0.6084496717316004,9.3915503282684,True,True
2,8,4,2,2.8000000000000016,0.25,5.0,0.6711192683875584,9.578880731612442,True,True
2,8,4,2,2.8000000000000016,0.5,5.0,0.7311901061072659,9.768809893892733,True,True
2,8,4,2,2.8000000000000016,0.75,5.0,0.7887725587518943,9.961227441248106,True,True
2,8,4,2,2.8000000000000016,1.0,5.0,0.8439747177907817,10.156025282209217,True,True
2,8,4,2,2.9000000000000017,0.0,5.0,0.5860722003311318,9.413927799668869,True,True
2,8,4,2,2.9000000000000017,0.25,5.0,0.6463028179753136,9.603697182024685,True,True
2,8,4,2,2.9000000000000017,0.5,5.0,0.7040184474789086,9.795981552521091,True,True
2,8,4,2,2.9000000000000017,0.75,5.0,0.7593290733146629,9.990670926685336,True,True
2,8,4,2,2.9000000000000017,1.0,5.0,0.8123419566872752,10.187658043312725,True,True
2,8,4,2,3.0000000000000018,0.0,5.0,0.5652884347833096,9.434711565216691,True,True
2,8,4,2,3.0000000000000018,0.25,5.0,0.6232642236577233,9.626735776342276,True,True
2,8,4,2,3.0000000000000018,0.5,5.0,0.6788039493658404,9.82119605063416,True,True
2,8,4,2,3.0000000000000018,0.75,5.0,0.7320169430993317,10.017983056900668,True,True
2,8,4,2,3.0000000000000018,1.0,5.0,0.7830094339716975,10.216990566028302,True,True
2,8,4,3,1.1,0.0,5.0,2.6499765698785245,12.350023430121475,True,True
2,8,4,3,1.1,0.25,5.0,2.8620093905766986,12.387990609423301,True,True
2,8,4,3,1.1,0.5,5.0,3.072320894056346,12.427679105943653,True,True
2,8,4,3,1.1,0.75,5.0,3.280815187554042,12.469184812445958,True,True
2,8,4,3,1.1,1.0,5.0,3.4873914014578693,12.51260859854213,True,True
2,8,4,3,1.2000000000000002,0.0,5.0,2.376524617020201,12.623475382979798,True,True
2,8,4,3,1.2000000000000002,0.25,5.0,2.5613427248677265,12.688657275132273,True,True
2,8,4,3,1.2000000000000002,0.5,5.0,2.743753901374803,12.756246098625198,True,True
2,8,4,3,1.2000000000000002,0.75,5.0,2.92367441991541,12.826325580084589,True,True
2,8,4,3,1.2000000000000002,1.0,5.0,3.1010205144336442,12.898979485566356,True,True
2,8,4,3,1.3000000000000003,0.0,5.0,2.1560602260418094,12.84393977395819,True,True
2,8,4,3,1.3000000000000003,0.25,5.0,2.320226206519263,12.929773793480738,True,True
2,8,4,3,1.3000000000000003,0.5,5.0,2.481716817377059,13.018283182622941,True,True
2,8,4,3,1.3000000000000003,0.75,5.0,2.640476107169307,13.109523892830694,True,True
2,8,4,3,1.3000000000000003,1.0,5.0,2.796450915296072,13.203549084703928,True,True
2,8,4,3,1.4000000000000004,0.0,5.0,1.9740870179024448,13.025912982097555,True,True
2,8,4,3,1.4000000000000004,0.25,5.0,2.1219570106297416,13.128042989370257,True,True
2,8,4,3,1.4000000000000004,0.5,5.0,2.267071950134672,13.232928049865329,True,True
2,8,4,3,1.4000000000000004,0.75,5.0,2.4094014182211607,13.340598581778838,True,True
2,8,4,3,1.4000000000000004,1.0,5.0,2.548918849046024,13.451081150953975,True,True
2,8,4,3,1.5000000000000007,0.0,5.0,1.8210916541997255,13.178908345800274,True,True
2,8,4,3,1.5000000000000007,0.25,5.0,1.9557297647757155,13.294270235224285,True,True
2,8,4,3,1.5000000000000007,0.5,5.0,2.0876241735469367,13.412375826453063,True,True
2,8,4,3,1.5000000000000007,0.75,5.0,2.2167648511218614,13.533235148878138,True,True
2,8,4,3,1.5000000000000007,1.0,5.0,2.3431457505076185,13.656854249492381,True,True
2,8,4,3,1.6000000000000005,0.0,5.0,1.690524980688874,13.309475019311126,True,True
2,8,4,3,1.6000000000000005,0.25,5.0,1.8141803504152696,13.43581964958473,True,True
2,8,4,3,1.6000000000000005,0.5,5.0,1.9351483251934951,13.564851674806505,True,True
2,8,4,3,1.6000000000000005,0.75,5.0,2.0534344889024903,13.69656551109751,True,True
2,8,4,3,1.6000000000000005,1.0,5.0,2.1690481051546984,13.830951894845303,True,True
2,8,4,3,1.7000000000000006,0.0,5.0,1.5777091078059406,13.42229089219406,True,True
2,8,4,3,1.7000000000000006,0.25,5.0,1.6920876856798426,13.557912314320157,True,True
2,8,4,3,1.7000000000000006,0.5,5.0,1.8038569099744306,13.696143090025569,True,True
2,8,4,3,1.7000000000000006,0.75,5.0,1.9130341526719654,13.836965847328035,True,True
2,8,4,3,1.7000000000000006,1.0,5.0,2.019639987228783,13.980360012771218,True,True
2,8,4,3,1.8000000000000005,0.0,5.0,1.4792027106038521,13.520797289396148,True,True
2,8,4,3,1.8000000000000005,0.25,5.0,1.5856326214301761,13.664367378569825,True,True
2,8,4,3,1.8000000000000005,0.5,5.0,1.6895407214744305,13.81045927852557,True,True
2,8,4,3,1.8000000000000005,0.75,5.0,1.7909532381810207,13.959046761818978,True,True
2,8,4,3,1.8000000000000005,1.0,5.0,1.889899073392213,14.110100926607787,True,True
2,8,4,3,1.9000000000000008,0.0,5.0,1.3924119671553337,13.607588032844667,True,True
2,8,4,3,1.9000000000000008,0.25,5.0,1.4919494368196888,13.758050563180312,True,True
2,8,4,3,1.9000000000000008,0.5,5.0,1.5890555235333217,13.910944476466678,True,True
2,8,4,3,1.9000000000000008,0.75,5.0,1.6837630901665364,14.066236909833464,True,True
2,8,4,3,1.9000000000000008,1.0,5.0,1.7761071582760062,14.223892841723995,True,True
2,8,4,3,2.000000000000001,0.0,5.0,1.3153415615735087,13.684658438426492,True,True
2,8,4,3,2.000000000000001,0.25,5.0,1.4088416204218213,13.841158379578179,True,True
2,8,4,3,2.000000000000001,0.5,5.0,1.4999999999999991,14.0,True,True
2,8,4,3,2.000000000000001,0.75,5.0,1.58885451965992,14.16114548034008,True,True
2,8,4,3,2.000000000000001,1.0,5.0,1.67544467966324,14.32455532033676,True,True
2,8,4,3,2.100000000000001,0.0,5.0,1.24642959125406,13.75357040874594,True,True
2,8,4,3,2.100000000000001,0.25,5.0,1.3345948915374741,13.915405108462526,True,True
2,8,4,3,2.100000000000001,0.5,5.0,1.4205055494139183,14.079494450586083,True,True
2,8,4,3,2.100000000000001,0.75,5.0,1.5042030662225168,14.245796933777484,True,True
2,8,4,3,2.100000000000001,1.0,5.0,1.5857301941018136,14.414269805898186,True,True
2,8,4,3,2.200000000000001,0.0,5.0,1.1844348125948656,13.815565187405134,True,True
2,8,4,3,2.200000000000001,0.25,5.0,1.2678503027907801,13.98214969720922,True,True
2,8,4,3,2.200000000000001,0.5,5.0,1.3490945242808872,14.150905475719114,True,True
2,8,4,3,2.200000000000001,0.75,5.0,1.4282116875567752,14.321788312443225,True,True
2,8,4,3,2.200000000000001,1.0,5.0,1.505246872912089,14.494753127087911,True,True
2,8,4,3,2.300000000000001,0.0,5.0,1.1283576617204467,13.871642338279553,True,True
2,8,4,3,2.300000000000001,0.25,5.0,1.2075158153003933,14.042484184699607,True,True
2,8,4,3,2.300000000000001,0.5,5.0,1.2845819597815167,14.215418040218484,True,True
2,8,4,3,2.300000000000001,0.75,5.0,1.3596022678047,14.3903977321953,True,True
2,8,4,3,2.300000000000001,1.0,5.0,1.4326234474785364,14.567376552521463,True,True
2,8,4,3,2.4000000000000012,0.0,5.0,1.0773837106674353,13.922616289332565,True,True
2,8,4,3,2.4000000000000012,0.25,5.0,1.1527032670001907,14.097296732999808,True,True
2,8,4,3,2.4000000000000012,0.5,5.0,1.2260058246500547,14.273994175349944,True,True
2,8,4,3,2.4000000000000012,0.75,5.0,1.2973389415385643,14.452661058461436,True,True
2,8,4,3,2.4000000000000012,1.0,5.0,1.3667504192891995,14.6332495807108,True,True
2,8,4,3,2.5000000000000013,0.0,5.0,1.0308424041456519,13.969157595854348,True,True
2,8,4,3,2.5000000000000013,0.25,5.0,1.1026825437579317,14.147317456242067,True,True
2,8,4,3,2.5000000000000013,0.5,5.0,1.1725764922729809,14.32742350772702,True,True
2,8,4,3,2.5000000000000013,0.75,5.0,1.2405727451421988,14.509427254857801,True,True
2,8,4,3,2.5000000000000013,1.0,5.0,1.3067197877273946,14.693280212272605,True,True
2,8,4,3,2.6000000000000014,0.0,5.0,0.9881764340665553,14.011823565933444,True,True
2,8,4,3,2.6000000000000014,0.25,5.0,1.056847672290174,14.193152327709825,True,True
2,8,4,3,2.6000000000000014,0.5,5.0,1.1236394720665963,14.376360527933404,True,True
2,8,4,3,2.6000000000000014,0.75,5.0,1.1886009173615957,14.561399082638404,True,True
2,8,4,3,2.6000000000000014,1.0,5.0,1.251780861704212,14.748219138295788,True,True
2,8,4,3,2.700000000000002,0.0,5.0,0.9489186643221501,14.05108133567785,True,True
2,8,4,3,2.700000000000002,0.25,5.0,1.014691341884589,14.235308658115411,True,True
2,8,4,3,2.700000000000002,0.5,5.0,1.0786474801248547,14.421352519875146,True,True
2,8,4,3,2.700000000000002,0.75,5.0,1.1408364785718677,14.609163521428133,True,True
2,8,4,3,2.700000000000002,1.0,5.0,1.2013073152096192,14.798692684790382,True,True
2,8,4,3,2.8000000000000016,0.0,5.0,0.9126745075974005,14.087325492402599,True,True
2,8,4,3,2.8000000000000016,0.25,5.0,0.97578549214807,14.27421450785193,True,True
2,8,4,3,2.8000000000000016,0.5,5.0,1.0371392089512232,14.462860791048776,True,True
2,8,4,3,2.8000000000000016,0.75,5.0,1.0967851591608992,14.653214840839102,True,True
2,8,4,3,2.8000000000000016,1.0,5.0,1.1547722567366057,14.845227743263393,True,True
2,8,4,3,2.9000000000000017,0.0,5.0,0.8791083004966973,14.120891699503304,True,True
2,8,4,3,2.9000000000000017,0.25,5.0,0.9397663363251807,14.310233663674818,True,True
2,8,4,3,2.9000000000000017,0.5,5.0,0.99872298159005,14.50127701840995,True,True
2,8,4,3,2.9000000000000017,0.75,5.0,1.056027671218363,14.693972328781637,True,True
2,8,4,3,2.9000000000000017,1.0,5.0,1.1117291094158492,14.88827089058415,True,True
2,8,4,3,3.0000000000000018,0.0,5.0,0.8479326521749639,14.152067347825035,True,True
2,8,4,3,3.0000000000000018,0.25,5.0,0.9063226748116557,14.343677325188345,True,True
2,8,4,3,3.0000000000000018,0.5,5.0,0.9630640197508855,14.536935980249115,True,True
2,8,4,3,3.0000000000000018,0.75,5.0,1.018205924048761,14.731794075951239,True,True
2,8,4,3,3.0000000000000018,1.0,5.0,1.0717967697244903,14.92820323027551,True,True
2,8,5,1,1.1,0.0,4.0,0.8833255232928416,4.116674476707159,True,True
2,8,5,1,1.1,0.25,4.0,1.0936050625180143,4.156394937481986,True,True
2,8,5,1,1.1,0.5,4.0,1.2981203405741415,4.201879659425859,True,True
2,8,5,1,1.1,0.75,4.0,1.4958739592177814,4.254126040782219,True,True
2,8,5,1,1.1,1.0,4.0,1.6857425186544577,4.3142574813455425,True,True
2,8,5,1,1.2000000000000002,0.0,4.0,0.7921748723400668,4.207825127659933,True,True
2,8,5,1,1.2000000000000002,0.25,4.0,0.9745581399718033,4.275441860028197,True,True
2,8,5,1,1.2000000000000002,0.5,4.0,1.1492189406417879,4.350781059358212,True,True
2,8,5,1,1.2000000000000002,0.75,4.0,1.315419393982258,4.434580606017742,True,True
2,8,5,1,1.2000000000000002,1.0,4.0,1.4724747683480532,4.527525231651946,True,True
2,8,5,1,1.3000000000000003,0.0,4.0,0.7186867420139365,4.2813132579860635,True,True
2,8,5,1,1.3000000000000003,0.25,4.0,0.880158702389769,4.369841297610231,True,True
2,8,5,1,1.3000000000000003,0.5,4.0,1.0332835456560143,4.4667164543439855,True,True
2,8,5,1,1.3000000000000003,0.75,4.0,1.177646290431892,4.572353709568108,True,True
2,8,5,1,1.3000000000000003,1.0,4.0,1.3129452154260528,4.687054784573947,True,True
2,8,5,1,1.4000000000000004,0.0,4.0,0.6580290059674818,4.341970994032518,True,True
2,8,5,1,1.4000000000000004,0.25,4.0,0.8031338060737203,4.4468661939262795,True,True
2,8,5,1,1.4000000000000004,0.5,4.0,0.939810586075116,4.560189413924884,True,True
2,8,5,1,1.4000000000000004,0.75,4.0,1.0678959631498797,4.68210403685012,True,True
2,8,5,1,1.4000000000000004,1.0,4.0,1.1873460656500683,4.812653934349932,True,True
2,8,5,1,1.5000000000000007,0.0,4.0,0.6070305513999086,4.392969448600091,True,True
2,8,5,1,1.5000000000000007,0.25,4.0,0.7389216170406205,4.511078382959379,True,True
2,8,5,1,1.5000000000000007,0.5,4.0,0.8625413911823121,4.637458608817688,True,True
2,8,5,1,1.5000000000000007,0.75,4.0,0.9779079270279645,4.772092072972035,True,True
2,8,5,1,1.5000000000000007,1.0,4.0,1.0851457844873231,4.914854215512677,True,True
2,8,5,1,1.6000000000000005,0.0,4.0,0.5635083268962913,4.436491673103709,True,True
2,8,5,1,1.6000000000000005,0.25,4.0,0.6844781629674968,4.565521837032503,True,True
2,8,5,1,1.6000000000000005,0.5,4.0,0.7974375810233361,4.7025624189766635,True,True
2,8,5,1,1.6000000000000005,0.75,4.0,0.9025332702425621,4.847466729757437,True,True
2,8,5,1,1.6000000000000005,1.0,4.0,0.9999999999999996,5.0,True,True
2,8,5,1,1.7000000000000006,0.0,4.0,0.5259030359353134,4.474096964064687,True,True
2,8,5,1,1.7000000000000006,0.25,4.0,0.637678050890655,4.6123219491093455,True,True
2,8,5,1,1.7000000000000006,0.5,4.0,0.7417449775254839,4.758255022474517,True,True
2,8,5,1,1.7000000000000006,0.75,4.0,0.838341476541423,4.911658523458577,True,True
2,8,5,1,1.7000000000000006,1.0,4.0,0.9277747113166424,5.072225288683358,True,True
2,8,5,1,1.8000000000000005,0.0,4.0,0.4930675702012839,4.5069324297987166,True,True
2,8,5,1,1.8000000000000005,0.25,4.0,0.5969844127270068,4.653015587272993,True,True
2,8,5,1,1.8000000000000005,0.5,4.0,0.6935062201244886,4.806493779875511,True,True
2,8,5,1,1.8000000000000005,0.75,4.0,0.7829349648944675,4.9670650351055325,True,True
2,8,5,1,1.8000000000000005,1.0,4.0,0.8656252541890499,5.13437474581095,True,True
2,8,5,1,1.9000000000000008,0.0,4.0,0.4641373223851115,4.5358626776148885,True,True
2,8,5,1,1.9000000000000008,0.25,4.0,0.5612543633888452,4.688745636611155,True,True
2,8,5,1,1.9000000000000008,0.5,4.0,0.6512848542124883,4.848715145787512,True,True
2,8,5,1,1.9000000000000008,0.75,4.0,0.7345760995344373,5.015423900465563,True,True
2,8,5,1,1.9000000000000008,1.0,4.0,0.8115133803903372,5.188486619609662,True,True
2,8,5,1,2.000000000000001,0.0,4.0,0.4384471871911697,4.561552812808831,True,True
2,8,5,1,2.000000000000001,0.25,4.0,0.5296181732199736,4.720381826780026,True,True
2,8,5,1,2.000000000000001,0.5,4.0,0.613999063670617,4.886000936329383,True,True
2,8,5,1,2.000000000000001,0.75,4.0,0.6919688504283772,5.058031149571622,True,True
2,8,5,1,2.000000000000001,1.0,4.0,0.7639320225002098,5.23606797749979,True,True
2,8,5,1,2.100000000000001,0.0,4.0,0.41547653041802013,4.584523469581979,True,True
2,8,5,1,2.100000000000001,0.25,4.0,0.5014010220741723,4.748598977925828,True,True
2,8,5,1,2.100000000000001,0.5,4.0,0.5808164801342546,4.919183519865745,True,True
2,8,5,1,2.100000000000001,0.75,4.0,0.6541236714605949,5.095876328539405,True,True
2,8,5,1,2.100000000000001,1.0,4.0,0.7217383402084403,5.27826165979156,True,True
2,8,5,1,2.200000000000001,0.0,4.0,0.39481160419828853,4.6051883958017115,True,True
2,8,5,1,2.200000000000001,0.25,4.0,0.4760705625189252,4.773929437481074,True,True
2,8,5,1,2.200000000000001,0.5,4.0,0.5510849782842278,4.948915021715772,True,True
2,8,5,1,2.200000000000001,0.75,4.0,0.6202701230121113,5.129729876987889,True,True
2,8,5,1,2.200000000000001,1.0,4.0,0.6840474176623639,5.315952582337636,True,True
2,8,5,1,2.300000000000001,0.0,4.0,0.37611922057348224,4.623880779426518,True,True
2,8,5,1,2.300000000000001,0.25,4.0,0.45320075593489983,4.796799244065101,True,True
2,8,5,1,2.300000000000001,0.5,4.0,0.5242856544861629,4.975714345513837,True,True
2,8,5,1,2.300000000000001,0.75,4.0,0.5897983154368109,5.160201684563189,True,True
2,8,5,1,2.300000000000001,1.0,4.0,0.6501618927179718,5.349838107282029,True,True
2,8,5,1,2.4000000000000012,0.0,4.0,0.3591279035558115,4.6408720964441885,True,True
2,8,5,1,2.4000000000000012,0.25,4.0,0.43244631384618826,4.817553686153811,True,True
2,8,5,1,2.4000000000000012,0.5,4.0,0.49999999999999956,5.0,True,True
2,8,5,1,2.4000000000000012,0.75,4.0,0.56221848560368,5.18778151439632,True,True
2,8,5,1,2.4000000000000012,1.0,4.0,0.6195238571523829,5.380476142847617,True,True
2,8,5,1,2.5000000000000013,0.0,4.0,0.3436141347152173,4.656385865284783,True,True
2,8,5,1,2.5000000000000013,0.25,4.0,0.4135242483807331,4.8364757516192665,True,True
2,8,5,1,2.5000000000000013,0.5,4.0,0.47788644649964684,5.022113553500353,True,True
2,8,5,1,2.5000000000000013,0.75,4.0,0.5371323818487923,5.212867618151208,True,True
2,8,5,1,2.5000000000000013,1.0,4.0,0.5916810842415403,5.40831891575846,True,True
2,8,5,1,2.6000000000000014,0.0,4.0,0.3293921446888519,4.6706078553111485,True,True
2,8,5,1,2.6000000000000014,0.25,4.0,0.3962003057871981,4.853799694212801,True,True
2,8,5,1,2.6000000000000014,0.5,4.0,0.4576632681240538,5.042336731875946,True,True
2,8,5,1,2.6000000000000014,0.75,4.0,0.5142125661779056,5.235787433822095,True,True
2,8,5,1,2.6000000000000014,1.0,4.0,0.5662627662220956,5.433737233777904,True,True
2,8,5,1,2.700000000000002,0.0,4.0,0.31630622144071685,4.683693778559283,True,True
2,8,5,1,2.700000000000002,0.25,4.0,0.3802788261906227,4.869721173809378,True,True
2,8,5,1,2.700000000000002,0.5,4.0,0.4390958960229918,5.060904103977008,True,True
2,8,5,1,2.700000000000002,0.75,4.0,0.49318715945030434,5.256812840549696,True,True
2,8,5,1,2.700000000000002,1.0,4.0,0.5429617347226685,5.4570382652773315,True,True
2,8,5,1,2.8000000000000016,0.0,4.0,0.3042248358658002,4.6957751641342,True,True
2,8,5,1,2.8000000000000016,0.25,4.0,0.36559505305363293,4.884404946946367,True,True
2,8,5,1,2.8000000000000016,0.5,4.0,0.42198735889539085,5.078012641104609,True,True
2,8,5,1,2.8000000000000016,0.75,4.0,0.47382841096268136,5.276171589037318,True,True
2,8,5,1,2.8000000000000016,1.0,4.0,0.5215212038717896,5.47847879612821,True,True
2,8,5,1,2.9000000000000017,0.0,4.0,0.2930361001655659,4.7069638998344345,True,True
2,8,5,1,2.9000000000000017,0.25,4.0,0.3520092237394543,4.897990776260546,True,True
2,8,5,1,2.9000000000000017,0.5,4.0,0.4061709783436376,5.093829021656362,True,True
2,8,5,1,2.9000000000000017,0.75,4.0,0.4559440071482994,5.294055992851701,True,True
2,8,5,1,2.9000000000000017,1.0,4.0,0.5017247328717298,5.49827526712827,True,True
2,8,5,1,3.0000000000000018,0.0,4.0,0.2826442173916548,4.717355782608346,True,True
2,8,5,1,3.0000000000000018,0.25,4.0,0.3394019746829202,4.91059802531708,True,True
2,8,5,1,3.0000000000000018,0.5,4.0,0.39150471698584877,5.108495283014151,True,True
2,8,5,1,3.0000000000000018,0.75,4.0,0.43937037572075255,5.3106296242792475,True,True
2,8,5,1,3.0000000000000018,1.0,4.0,0.48338852157641643,5.516611478423584,True,True
2,8,5,2,1.1,0.0,4.0,1.7666510465856833,8.233348953414318,True,True
2,8,5,2,1.1,0.25,4.0,1.9782574562949007,8.271742543705098,True,True
2,8,5,2,1.1,0.5,4.0,2.1872101250360285,8.312789874963972,True,True
2,8,5,2,1.1,0.75,4.0,2.3932848895308587,8.35671511046914,True,True
2,8,5,2,1.1,1.0,4.0,2.596240681148283,8.403759318851717,True,True
2,8,5,2,1.2000000000000002,0.0,4.0,1.5843497446801336,8.415650255319866,True,True
2,8,5,2,1.2000000000000002,0.25,4.0,1.7685696044756116,8.481430395524388,True,True
2,8,5,2,1.2000000000000002,0.5,4.0,1.9491162799436066,8.550883720056394,True,True
2,8,5,2,1.2000000000000002,0.75,4.0,2.125801380853016,8.624198619146984,True,True
2,8,5,2,1.2000000000000002,1.0,4.0,2.2984378812835757,8.701562118716424,True,True
2,8,5,2,1.3000000000000003,0.0,4.0,1.437373484027873,8.562626515972127,True,True
2,8,5,2,1.3000000000000003,0.25,4.0,1.600872994081207,8.649127005918793,True,True
2,8,5,2,1.3000000000000003,0.5,4.0,1.760317404779538,8.739682595220462,True,True
2,8,5,2,1.3000000000000003,0.75,4.0,1.915585587570769,8.834414412429231,True,True
2,8,5,2,1.3000000000000003,1.0,4.0,2.0665670913120286,8.933432908687971,True,True
2,8,5,2,1.4000000000000004,0.0,4.0,1.3160580119349636,8.683941988065037,True,True
2,8,5,2,1.4000000000000004,0.25,4.0,1.4632405673150584,8.786759432684942,True,True
2,8,5,2,1.4000000000000004,0.5,4.0,1.6062676121474406,8.893732387852559,True,True
2,8,5,2,1.4000000000000004,0.75,4.0,1.7450772341943295,9.00492276580567,True,True
2,8,5,2,1.4000000000000004,1.0,4.0,1.879621172150232,9.120378827849768,True,True
2,8,5,2,1.5000000000000007,0.0,4.0,1.2140611027998172,8.785938897200182,True,True
2,8,5,2,1.5000000000000007,0.25,4.0,1.3480137675654675,8.901986232434533,True,True
2,8,5,2,1.5000000000000007,0.5,4.0,1.477843234081241,9.022156765918758,True,True
2,8,5,2,1.5000000000000007,0.75,4.0,1.6035336627071244,9.146466337292875,True,True
2,8,5,2,1.5000000000000007,1.0,4.0,1.7250827823646242,9.274917217635377,True,True
2,8,5,2,1.6000000000000005,0.0,4.0,1.1270166537925825,8.872983346207418,True,True
2,8,5,2,1.6000000000000005,0.25,4.0,1.2499999999999996,9.0,True,True
2,8,5,2,1.6000000000000005,0.5,4.0,1.3689563259349935,9.131043674065006,True,True
2,8,5,2,1.6000000000000005,0.75,4.0,1.483904395931654,9.266095604068346,True,True
2,8,5,2,1.6000000000000005,1.0,4.0,1.5948751620466721,9.405124837953327,True,True
2,8,5,2,1.7000000000000006,0.0,4.0,1.0518060718706268,8.948193928129374,True,True
2,8,5,2,1.7000000000000006,0.25,4.0,1.1655316384794339,9.084468361520566,True,True
2,8,5,2,1.7000000000000006,0.5,4.0,1.27535610178131,9.224643898218691,True,True
2,8,5,2,1.7000000000000006,0.75,4.0,1.3813239328393485,9.368676067160651,True,True
2,8,5,2,1.7000000000000006,1.0,4.0,1.4834899550509677,9.516510044949033,True,True
2,8,5,2,1.8000000000000005,0.0,4.0,0.9861351404025678,9.013864859597433,True,True
2,8,5,2,1.8000000000000005,0.25,4.0,1.0919335487745796,9.15806645122542,True,True
2,8,5,2,1.8000000000000005,0.5,4.0,1.1939688254540135,9.306031174545986,True,True
2,8,5,2,1.8000000000000005,0.75,4.0,1.292304471580353,9.457695528419647,True,True
2,8,5,2,1.8000000000000005,1.0,4.0,1.3870124402489772,9.612987559751023,True,True
2,8,5,2,1.9000000000000008,0.0,4.0,0.928274644770223,9.071725355229777,True,True
2,8,5,2,1.9000000000000008,0.25,4.0,1.0272029345667093,9.22279706543329,True,True
2,8,5,2,1.9000000000000008,0.5,4.0,1.1225087267776903,9.37749127322231,True,True
2,8,5,2,1.9000000000000008,0.75,4.0,1.2142695795595033,9.535730420440498,True,True
2,8,5,2,1.9000000000000008,1.0,4.0,1.3025697084249765,9.697430291575024,True,True
2,8,5,2,2.000000000000001,0.0,4.0,0.8768943743823394,9.123105625617661,True,True
2,8,5,2,2.000000000000001,0.25,4.0,0.9698074653513347,9.280192534648666,True,True
2,8,5,2,2.000000000000001,0.5,4.0,1.0592363464399472,9.440763653560053,True,True
2,8,5,2,2.000000000000001,0.75,4.0,1.1452689210778413,9.604731078922159,True,True
2,8,5,2,2.000000000000001,1.0,4.0,1.227998127341234,9.772001872658766,True,True
2,8,5,2,2.100000000000001,0.0,4.0,0.8309530608360403,9.169046939163959,True,True
2,8,5,2,2.100000000000001,0.25,4.0,0.9185529923020033,9.331447007697996,True,True
2,8,5,2,2.100000000000001,0.5,4.0,1.0028020441483445,9.497197955851655,True,True
2,8,5,2,2.100000000000001,0.75,4.0,1.0837956790885004,9.6662043209115,True,True
2,8,5,2,2.100000000000001,1.0,4.0,1.1616329602685092,9.83836703973149,True,True
2,8,5,2,2.200000000000001,0.0,4.0,0.7896232083965771,9.210376791603423,True,True
2,8,5,2,2.200000000000001,0.25,4.0,0.8724940543037665,9.377505945696234,True,True
2,8,5,2,2.200000000000001,0.5,4.0,0.9521411250378504,9.547858874962149,True,True
2,8,5,2,2.200000000000001,0.75,4.0,1.0286653373215717,9.721334662678428,True,True
2,8,5,2,2.200000000000001,1.0,4.0,1.1021699565684555,9.897830043431544,True,True
2,8,5,2,2.300000000000001,0.0,4.0,0.7522384411469645,9.247761558853036,True,True
2,8,5,2,2.300000000000001,0.25,4.0,0.8308716782706336,9.419128321729367,True,True
2,8,5,2,2.300000000000001,0.5,4.0,0.9064015118697997,9.593598488130201,True,True
2,8,5,2,2.300000000000001,0.75,4.0,0.9789327110819093,9.77106728891809,True,True
2,8,5,2,2.300000000000001,1.0,4.0,1.0485713089723259,9.951428691027674,True,True
2,8,5,2,2.4000000000000012,0.0,4.0,0.718255807111623,9.281744192888377,True,True
2,8,5,2,2.4000000000000012,0.25,4.0,0.7930691372091356,9.456930862790864,True,True
2,8,5,2,2.4000000000000012,0.5,4.0,0.8648926276923765,9.635107372307623,True,True
2,8,5,2,2.4000000000000012,0.75,4.0,0.9338336742097422,9.816166325790258,True,True
2,8,5,2,2.4000000000000012,1.0,4.0,0.9999999999999991,10.0,True,True
2,8,5,2,2.5000000000000013,0.0,4.0,0.6872282694304346,9.312771730569565,True,True
2,8,5,2,2.5000000000000013,0.25,4.0,0.7585798415635718,9.491420158436428,True,True
2,8,5,2,2.5000000000000013,0.5,4.0,0.8270484967614662,9.672951503238533,True,True
2,8,5,2,2.5000000000000013,0.75,4.0,0.8927433139098326,9.857256686090167,True,True
2,8,5,2,2.5000000000000013,1.0,4.0,0.9557728929992937,10.044227107000706,True,True
2,8,5,2,2.6000000000000014,0.0,4.0,0.6587842893777038,9.341215710622297,True,True
2,8,5,2,2.6000000000000014,0.25,4.0,0.7269836202075055,9.523016379792494,True,True
2,8,5,2,2.6000000000000014,0.5,4.0,0.7924006115743962,9.707599388425603,True,True
2,8,5,2,2.6000000000000014,0.75,4.0,0.8551452967532747,9.894854703246725,True,True
2,8,5,2,2.6000000000000014,1.0,4.0,0.9153265362481076,10.084673463751892,True,True
2,8,5,2,2.700000000000002,0.0,4.0,0.6326124428814337,9.367387557118565,True,True
2,8,5,2,2.700000000000002,0.25,4.0,0.6979289215855893,9.55207107841441,True,True
2,8,5,2,2.700000000000002,0.5,4.0,0.7605576523812454,9.739442347618755,True,True
2,8,5,2,2.700000000000002,0.75,4.0,0.8206090580790217,9.929390941920978,True,True
2,8,5,2,2.700000000000002,1.0,4.0,0.8781917920459836,10.121808207954016,True,True
2,8,5,2,2.8000000000000016,0.0,4.0,0.6084496717316004,9.3915503282684,True,True
2,8,5,2,2.8000000000000016,0.25,4.0,0.6711192683875584,9.578880731612442,True,True
2,8,5,2,2.8000000000000016,0.5,4.0,0.7311901061072659,9.768809893892733,True,True
2,8,5,2,2.8000000000000016,0.75,4.0,0.7887725587518943,9.961227441248106,True,True
2,8,5,2,2.8000000000000016,1.0,4.0,0.8439747177907817,10.156025282209217,True,True
2,8,5,2,2.9000000000000017,0.0,4.0,0.5860722003311318,9.413927799668869,True,True
2,8,5,2,2.9000000000000017,0.25,4.0,0.6463028179753136,9.603697182024685,True,True
2,8,5,2,2.9000000000000017,0.5,4.0,0.7040184474789086,9.795981552521091,True,True
2,8,5,2,2.9000000000000017,0.75,4.0,0.7593290733146629,9.990670926685336,True,True
2,8,5,2,2.9000000000000017,1.0,4.0,0.8123419566872752,10.187658043312725,True,True
2,8,5,2,3.0000000000000018,0.0,4.0,0.5652884347833096,9.434711565216691,True,True
2,8,5,2,3.0000000000000018,0.25,4.0,0.6232642236577233,9.626735776342276,True,True
2,8,5,2,3.0000000000000018,0.5,4.0,0.6788039493658404,9.82119605063416,True,True
2,8,5,2,3.0000000000000018,0.75,4.0,0.7320169430993317,10.017983056900668,True,True
2,8,5,2,3.0000000000000018,1.0,4.0,0.7830094339716975,10.216990566028302,True,True
2,8,5,3,1.1,0.0,4.0,2.6499765698785245,12.350023430121475,True,True
2,8,5,3,1.1,0.25,4.0,2.8620093905766986,12.387990609423301,True,True
2,8,5,3,1.1,0.5,4.0,3.072320894056346,12.427679105943653,True,True
2,8,5,3,1.1,0.75,4.0,3.280815187554042,12.469184812445958,True,True
2,8,5,3,1.1,1.0,4.0,3.4873914014578693,12.51260859854213,True,True
2,8,5,3,1.2000000000000002,0.0,4.0,2.376524617020201,12.623475382979798,True,True
2,8,5,3,1.2000000000000002,0.25,4.0,2.5613427248677265,12.688657275132273,True,True
2,8,5,3,1.2000000000000002,0.5,4.0,2.743753901374803,12.756246098625198,True,True
2,8,5,3,1.2000000000000002,0.75,4.0,2.92367441991541,12.826325580084589,True,True
2,8,5,3,1.2000000000000002,1.0,4.0,3.1010205144336442,12.898979485566356,True,True
2,8,5,3,1.3000000000000003,0.0,4.0,2.1560602260418094,12.84393977395819,True,True
2,8,5,3,1.3000000000000003,0.25,4.0,2.320226206519263,12.929773793480738,True,True
2,8,5,3,1.3000000000000003,0.5,4.0,2.481716817377059,13.018283182622941,True,True
2,8,5,3,1.3000000000000003,0.75,4.0,2.640476107169307,13.109523892830694,True,True
2,8,5,3,1.3000000000000003,1.0,4.0,2.796450915296072,13.203549084703928,True,True
2,8,5,3,1.4000000000000004,0.0,4.0,1.9740870179024448,13.025912982097555,True,True
2,8,5,3,1.4000000000000004,0.25,4.0,2.1219570106297416,13.128042989370257,True,True
2,8,5,3,1.4000000000000004,0.5,4.0,2.267071950134672,13.232928049865329,True,True
2,8,5,3,1.4000000000000004,0.75,4.0,2.4094014182211607,13.340598581778838,True,True
2,8,5,3,1.4000000000000004,1.0,4.0,2.548918849046024,13.451081150953975,True,True
2,8,5,3,1.5000000000000007,0.0,4.0,1.8210916541997255,13.178908345800274,True,True
2,8,5,3,1.5000000000000007,0.25,4.0,1.9557297647757155,13.294270235224285,True,True
2,8,5,3,1.5000000000000007,0.5,4.0,2.0876241735469367,13.412375826453063,True,True
2,8,5,3,1.5000000000000007,0.75,4.0,2.2167648511218614,13.533235148878138,True,True
2,8,5,3,1.5000000000000007,1.0,4.0,2.3431457505076185,13.656854249492381,True,True
2,8,5,3,1.6000000000000005,0.0,4.0,1.690524980688874,13.309475019311126,True,True
2,8,5,3,1.6000000000000005,0.25,4.0,1.8141803504152696,13.43581964958473,True,True
2,8,5,3,1.6000000000000005,0.5,4.0,1.9351483251934951,13.564851674806505,True,True
2,8,5,3,1.6000000000000005,0.75,4.0,2.0534344889024903,13.69656551109751,True,True
2,8,5,3,1.6000000000000005,1.0,4.0,2.1690481051546984,13.830951894845303,True,True
2,8,5,3,1.7000000000000006,0.0,4.0,1.5777091078059406,13.42229089219406,True,True
2,8,5,3,1.7000000000000006,0.25,4.0,1.6920876856798426,13.557912314320157,True,True
2,8,5,3,1.7000000000000006,0.5,4.0,1.8038569099744306,13.696143090025569,True,True
2,8,5,3,1.7000000000000006,0.75,4.0,1.9130341526719654,13.836965847328035,True,True
2,8,5,3,1.7000000000000006,1.0,4.0,2.019639987228783,13.980360012771218,True,True
2,8,5,3,1.8000000000000005,0.0,4.0,1.4792027106038521,13.520797289396148,True,True
2,8,5,3,1.8000000000000005,0.25,4.0,1.5856326214301761,13.664367378569825,True,True
2,8,5,3,1.8000000000000005,0.5,4.0,1.6895407214744305,13.81045927852557,True,True
2,8,5,3,1.8000000000000005,0.75,4.0,1.7909532381810207,13.959046761818978,True,True
2,8,5,3,1.8000000000000005,1.0,4.0,1.889899073392213,14.110100926607787,True,True
2,8,5,3,1.9000000000000008,0.0,4.0,1.3924119671553337,13.607588032844667,True,True
2,8,5,3,1.9000000000000008,0.25,4.0,1.4919494368196888,13.758050563180312,True,True
2,8,5,3,1.9000000000000008,0.5,4.0,1.5890555235333217,13.910944476466678,True,True
2,8,5,3,1.9000000000000008,0.75,4.0,1.6837630901665364,14.066236909833464,True,True
2,8,5,3,1.9000000000000008,1.0,4.0,1.7761071582760062,14.223892841723995,True,True
2,8,5,3,2.000000000000001,0.0,4.0,1.3153415615735087,13.684658438426492,True,True
2,8,5,3,2.000000000000001,0.25,4.0,1.4088416204218213,13.841158379578179,True,True
2,8,5,3,2.000000000000001,0.5,4.0,1.4999999999999991,14.0,True,True
2,8,5,3,2.000000000000001,0.75,4.0,1.58885451965992,14.16114548034008,True,True
2,8,5,3,2.000000000000001,1.0,4.0,1.67544467966324,14.32455532033676,True,True
2,8,5,3,2.100000000000001,0.0,4.0,1.24642959125406,13.75357040874594,True,True
2,8,5,3,2.100000000000001,0.25,4.0,1.3345948915374741,13.915405108462526,True,True
2,8,5,3,2.100000000000001,0.5,4.0,1.4205055494139183,14.079494450586083,True,True
2,8,5,3,2.100000000000001,0.75,4.0,1.5042030662225168,14.245796933777484,True,True
2,8,5,3,2.100000000000001,1.0,4.0,1.5857301941018136,14.414269805898186,True,True
2,8,5,3,2.200000000000001,0.0,4.0,1.1844348125948656,13.815565187405134,True,True
2,8,5,3,2.200000000000001,0.25,4.0,1.2678503027907801,13.98214969720922,True,True
2,8,5,3,2.200000000000001,0.5,4.0,1.3490945242808872,14.150905475719114,True,True
2,8,5,3,2.200000000000001,0.75,4.0,1.4282116875567752,14.321788312443225,True,True
2,8,5,3,2.200000000000001,1.0,4.0,1.505246872912089,14.494753127087911,True,True
2,8,5,3,2.300000000000001,0.0,4.0,1.1283576617204467,13.871642338279553,True,True
2,8,5,3,2.300000000000001,0.25,4.0,1.2075158153003933,14.042484184699607,True,True
2,8,5,3,2.300000000000001,0.5,4.0,1.2845819597815167,14.215418040218484,True,True
2,8,5,3,2.300000000000001,0.75,4.0,1.3596022678047,14.3903977321953,True,True
2,8,5,3,2.300000000000001,1.0,4.0,1.4326234474785364,14.567376552521463,True,True
2,8,5,3,2.4000000000000012,0.0,4.0,1.0773837106674353,13.922616289332565,True,True
2,8,5,3,2.4000000000000012,0.25,4.0,1.1527032670001907,14.097296732999808,True,True
2,8,5,3,2.4000000000000012,0.5,4.0,1.2260058246500547,14.273994175349944,True,True
2,8,5,3,2.4000000000000012,0.75,4.0,1.2973389415385643,14.452661058461436,True,True
2,8,5,3,2.4000000000000012,1.0,4.0,1.3667504192891995,14.6332495807108,True,True
2,8,5,3,2.5000000000000013,0.0,4.0,1.0308424041456519,13.969157595854348,True,True
2,8,5,3,2.5000000000000013,0.25,4.0,1.1026825437579317,14.147317456242067,True,True
2,8,5,3,2.5000000000000013,0.5,4.0,1.1725764922729809,14.32742350772702,True,True
2,8,5,3,2.5000000000000013,0.75,4.0,1.2405727451421988,14.509427254857801,True,True
2,8,5,3,2.5000000000000013,1.0,4.0,1.3067197877273946,14.693280212272605,True,True
2,8,5,3,2.6000000000000014,0.0,4.0,0.9881764340665553,14.011823565933444,True,True
2,8,5,3,2.6000000000000014,0.25,4.0,1.056847672290174,14.193152327709825,True,True
2,8,5,3,2.6000000000000014,0.5,4.0,1.1236394720665963,14.376360527933404,True,True
2,8,5,3,2.6000000000000014,0.75,4.0,1.1886009173615957,14.561399082638404,True,True
2,8,5,3,2.6000000000000014,1.0,4.0,1.251780861704212,14.748219138295788,True,True
2,8,5,3,2.700000000000002,0.0,4.0,0.9489186643221501,14.05108133567785,True,True
2,8,5,3,2.700000000000002,0.25,4.0,1.014691341884589,14.235308658115411,True,True
2,8,5,3,2.700000000000002,0.5,4.0,1.0786474801248547,14.421352519875146,True,True
2,8,5,3,2.700000000000002,0.75,4.0,1.1408364785718677,14.609163521428133,True,True
2,8,5,3,2.700000000000002,1.0,4.0,1.2013073152096192,14.798692684790382,True,True
2,8,5,3,2.8000000000000016,0.0,4.0,0.9126745075974005,14.087325492402599,True,True
2,8,5,3,2.8000000000000016,0.25,4.0,0.97578549214807,14.27421450785193,True,True
2,8,5,3,2.8000000000000016,0.5,4.0,1.0371392089512232,14.462860791048776,True,True
2,8,5,3,2.8000000000000016,0.75,4.0,1.0967851591608992,14.653214840839102,True,True
2,8,5,3,2.8000000000000016,1.0,4.0,1.1547722567366057,14.845227743263393,True,True
2,8,5,3,2.9000000000000017,0.0,4.0,0.8791083004966973,14.120891699503304,True,True
2,8,5,3,2.9000000000000017,0.25,4.0,0.9397663363251807,14.310233663674818,True,True
2,8,5,3,2.9000000000000017,0.5,4.0,0.99872298159005,14.50127701840995,True,True
2,8,5,3,2.9000000000000017,0.75,4.0,1.056027671218363,14.693972328781637,True,True
2,8,5,3,2.9000000000000017,1.0,4.0,1.1117291094158492,14.88827089058415,True,True
2,8,5,3,3.0000000000000018,0.0,4.0,0.8479326521749639,14.152067347825035,True,True
2,8,5,3,3.0000000000000018,0.25,4.0,0.9063226748116557,14.343677325188345,True,True
2,8,5,3,3.0000000000000018,0.5,4.0,0.9630640197508855,14.536935980249115,True,True
2,8,5,3,3.0000000000000018,0.75,4.0,1.018205924048761,14.731794075951239,True,True
2,8,5,3,3.0000000000000018,1.0,4.0,1.0717967697244903,14.92820323027551,True,True
2,8,6,1,1.1,0.0,3.0,0.8833255232928416,4.116674476707159,True,True
2,8,6,1,1.1,0.25,3.0,1.0936050625180143,4.156394937481986,True,True
2,8,6,1,1.1,0.5,3.0,1.2981203405741415,4.201879659425859,True,True
2,8,6,1,1.1,0.75,3.0,1.4958739592177814,4.254126040782219,True,True
2,8,6,1,1.1,1.0,3.0,1.6857425186544577,4.3142574813455425,True,True
2,8,6,1,1.2000000000000002,0.0,3.0,0.7921748723400668,4.207825127659933,True,True
2,8,6,1,1.2000000000000002,0.25,3.0,0.9745581399718033,4.275441860028197,True,True
2,8,6,1,1.2000000000000002,0.5,3.0,1.1492189406417879,4.350781059358212,True,True
2,8,6,1,1.2000000000000002,0.75,3.0,1.315419393982258,4.434580606017742,True,True
2,8,6,1,1.2000000000000002,1.0,3.0,1.4724747683480532,4.527525231651946,True,True
2,8,6,1,1.3000000000000003,0.0,3.0,0.7186867420139365,4.2813132579860635,True,True
2,8,6,1,1.3000000000000003,0.25,3.0,0.880158702389769,4.369841297610231,True,True
2,8,6,1,1.3000000000000003,0.5,3.0,1.0332835456560143,4.4667164543439855,True,True
2,8,6,1,1.3000000000000003,0.75,3.0,1.177646290431892,4.572353709568108,True,True
2,8,6,1,1.3000000000000003,1.0,3.0,1.3129452154260528,4.687054784573947,True,True
2,8,6,1,1.4000000000000004,0.0,3.0,0.6580290059674818,4.341970994032518,True,True
2,8,6,1,1.4000000000000004,0.25,3.0,0.8031338060737203,4.4468661939262795,True,True
2,8,6,1,1.4000000000000004,0.5,3.0,0.939810586075116,4.560189413924884,True,True
2,8,6,1,1.4000000000000004,0.75,3.0,1.0678959631498797,4.68210403685012,True,True
2,8,6,1,1.4000000000000004,1.0,3.0,1.1873460656500683,4.812653934349932,True,True
2,8,6,1,1.5000000000000007,0.0,3.0,0.6070305513999086,4.392969448600091,True,True
2,8,6,1,1.5000000000000007,0.25,3.0,0.7389216170406205,4.511078382959379,True,True
2,8,6,1,1.5000000000000007,0.5,3.0,0.8625413911823121,4.637458608817688,True,True
2,8,6,1,1.5000000000000007,0.75,3.0,0.9779079270279645,4.772092072972035,True,True
2,8,6,1,1.5000000000000007,1.0,3.0,1.0851457844873231,4.914854215512677,True,True
2,8,6,1,1.6000000000000005,0.0,3.0,0.5635083268962913,4.436491673103709,True,True
2,8,6,1,1.6000000000000005,0.25,3.0,0.6844781629674968,4.565521837032503,True,True
2,8,6,1,1.6000000000000005,0.5,3.0,0.7974375810233361,4.7025624189766635,True,True
2,8,6,1,1.6000000000000005,0.75,3.0,0.9025332702425621,4.847466729757437,True,True
2,8,6,1,1.6000000000000005,1.0,3.0,0.9999999999999996,5.0,True,True
2,8,6,1,1.7000000000000006,0.0,3.0,0.5259030359353134,4.474096964064687,True,True
2,8,6,1,1.7000000000000006,0.25,3.0,0.637678050890655,4.6123219491093455,True,True
2,8,6,1,1.7000000000000006,0.5,3.0,0.7417449775254839,4.758255022474517,True,True
2,8,6,1,1.7000000000000006,0.75,3.0,0.838341476541423,4.911658523458577,True,True
2,8,6,1,1.7000000000000006,1.0,3.0,0.9277747113166424,5.072225288683358,True,True
2,8,6,1,1.8000000000000005,0.0,3.0,0.4930675702012839,4.5069324297987166,True,True
2,8,6,1,1.8000000000000005,0.25,3.0,0.5969844127270068,4.653015587272993,True,True
2,8,6,1,1.8000000000000005,0.5,3.0,0.6935062201244886,4.806493779875511,True,True
2,8,6,1,1.8000000000000005,0.75,3.0,0.7829349648944675,4.9670650351055325,True,True
2,8,6,1,1.8000000000000005,1.0,3.0,0.8656252541890499,5.13437474581095,True,True
2,8,6,1,1.9000000000000008,0.0,3.0,0.4641373223851115,4.5358626776148885,True,True
2,8,6,1,1.9000000000000008,0.25,3.0,0.5612543633888452,4.688745636611155,True,True
2,8,6,1,1.9000000000000008,0.5,3.0,0.6512848542124883,4.848715145787512,True,True
2,8,6,1,1.9000000000000008,0.75,3.0,0.7345760995344373,5.015423900465563,True,True
2,8,6,1,1.9000000000000008,1.0,3.0,0.8115133803903372,5.188486619609662,True,True
2,8,6,1,2.000000000000001,0.0,3.0,0.4384471871911697,4.561552812808831,True,True
2,8,6,1,2.000000000000001,0.25,3.0,0.5296181732199736,4.720381826780026,True,True
2,8,6,1,2.000000000000001,0.5,3.0,0.613999063670617,4.886000936329383,True,True
2,8,6,1,2.000000000000001,0.75,3.0,0.6919688504283772,5.058031149571622,True,True
2,8,6,1,2.000000000000001,1.0,3.0,0.7639320225002098,5.23606797749979,True,True
2,8,6,1,2.100000000000001,0.0,3.0,0.41547653041802013,4.584523469581979,True,True
2,8,6,1,2.100000000000001,0.25,3.0,0.5014010220741723,4.748598977925828,True,True
2,8,6,1,2.100000000000001,0.5,3.0,0.5808164801342546,4.919183519865745,True,True
2,8,6,1,2.100000000000001,0.75,3.0,0.6541236714605949,5.095876328539405,True,True
2,8,6,1,2.100000000000001,1.0,3.0,0.7217383402084403,5.27826165979156,True,True
2,8,6,1,2.200000000000001,0.0,3.0,0.39481160419828853,4.6051883958017115,True,True
2,8,6,1,2.200000000000001,0.25,3.0,0.4760705625189252,4.773929437481074,True,True
2,8,6,1,2.200000000000001,0.5,3.0,0.5510849782842278,4.948915021715772,True,True
2,8,6,1,2.200000000000001,0.75,3.0,0.6202701230121113,5.129729876987889,True,True
2,8,6,1,2.200000000000001,1.0,3.0,0.6840474176623639,5.315952582337636,True,True
2,8,6,1,2.300000000000001,0.0,3.0,0.37611922057348224,4.623880779426518,True,True
2,8,6,1,2.300000000000001,0.25,3.0,0.45320075593489983,4.796799244065101,True,True
2,8,6,1,2.300000000000001,0.5,3.0,0.5242856544861629,4.975714345513837,True,True
2,8,6,1,2.300000000000001,0.75,3.0,0.5897983154368109,5.160201684563189,True,True
2,8,6,1,2.300000000000001,1.0,3.0,0.6501618927179718,5.349838107282029,True,True
2,8,6,1,2.4000000000000012,0.0,3.0,0.3591279035558115,4.6408720964441885,True,True
2,8,6,1,2.4000000000000012,0.25,3.0,0.43244631384618826,4.817553686153811,True,True
2,8,6,1,2.4000000000000012,0.5,3.0,0.49999999999999956,5.0,True,True
2,8,6,1,2.4000000000000012,0.75,3.0,0.56221848560368,5.18778151439632,True,True
2,8,6,1,2.4000000000000012,1.0,3.0,0.6195238571523829,5.380476142847617,True,True
2,8,6,1,2.5000000000000013,0.0,3.0,0.3436141347152173,4.656385865284783,True,True
2,8,6,1,2.5000000000000013,0.25,3.0,0.4135242483807331,4.8364757516192665,True,True
2,8,6,1,2.5000000000000013,0.5,3.0,0.47788644649964684,5.022113553500353,True,True
2,8,6,1,2.5000000000000013,0.75,3.0,0.5371323818487923,5.212867618151208,True,True
2,8,6,1,2.5000000000000013,1.0,3.0,0.5916810842415403,5.40831891575846,True,True
2,8,6,1,2.6000000000000014,0.0,3.0,0.3293921446888519,4.6706078553111485,True,True
2,8,6,1,2.6000000000000014,0.25,3.0,0.3962003057871981,4.853799694212801,True,True
2,8,6,1,2.6000000000000014,0.5,3.0,0.4576632681240538,5.042336731875946,True,True
2,8,6,1,2.6000000000000014,0.75,3.0,0.5142125661779056,5.235787433822095,True,True
2,8,6,1,2.6000000000000014,1.0,3.0,0.5662627662220956,5.433737233777904,True,True
2,8,6,1,2.700000000000002,0.0,3.0,0.31630622144071685,4.683693778559283,True,True
2,8,6,1,2.700000000000002,0.25,3.0,0.3802788261906227,4.869721173809378,True,True
2,8,6,1,2.700000000000002,0.5,3.0,0.4390958960229918,5.060904103977008,True,True
2,8,6,1,2.700000000000002,0.75,3.0,0.49318715945030434,5.256812840549696,True,True
2,8,6,1,2.700000000000002,1.0,3.0,0.5429617347226685,5.4570382652773315,True,True
2,8,6,1,2.8000000000000016,0.0,3.0,0.3042248358658002,4.6957751641342,True,True
2,8,6,1,2.8000000000000016,0.25,3.0,0.36559505305363293,4.884404946946367,True,True
2,8,6,1,2.8000000000000016,0.5,3.0,0.42198735889539085,5.078012641104609,True,True
2,8,6,1,2.8000000000000016,0.75,3.0,0.47382841096268136,5.276171589037318,True,True
2,8,6,1,2.8000000000000016,1.0,3.0,0.5215212038717896,5.47847879612821,True,True
2,8,6,1,2.9000000000000017,0.0,3.0,0.2930361001655659,4.7069638998344345,True,True
2,8,6,1,2.9000000000000017,0.25,3.0,0.3520092237394543,4.897990776260546,True,True
2,8,6,1,2.9000000000000017,0.5,3.0,0.4061709783436376,5.093829021656362,True,True
2,8,6,1,2.9000000000000017,0.75,3.0,0.4559440071482994,5.294055992851701,True,True
2,8,6,1,2.9000000000000017,1.0,3.0,0.5017247328717298,5.49827526712827,True,True
2,8,6,1,3.0000000000000018,0.0,3.0,0.2826442173916548,4.717355782608346,True,True
2,8,6,1,3.0000000000000018,0.25,3.0,0.3394019746829202,4.91059802531708,True,True
2,8,6,1,3.0000000000000018,0.5,3.0,0.39150471698584877,5.108495283014151,True,True
2,8,6,1,3.0000000000000018,0.75,3.0,0.43937037572075255,5.3106296242792475,True,True
2,8,6,1,3.0000000000000018,1.0,3.0,0.48338852157641643,5.516611478423584,True,True
2,8,6,2,1.1,0.0,3.0,1.7666510465856833,8.233348953414318,True,True
2,8,6,2,1.1,0.25,3.0,1.9782574562949007,8.271742543705098,True,True
2,8,6,2,1.1,0.5,3.0,2.1872101250360285,8.312789874963972,True,True
2,8,6,2,1.1,0.75,3.0,2.3932848895308587,8.35671511046914,True,True
2,8,6,2,1.1,1.0,3.0,2.596240681148283,8.403759318851717,True,True
2,8,6,2,1.2000000000000002,0.0,3.0,1.5843497446801336,8.415650255319866,True,True
2,8,6,2,1.2000000000000002,0.25,3.0,1.7685696044756116,8.481430395524388,True,True
2,8,6,2,1.2000000000000002,0.5,3.0,1.9491162799436066,8.550883720056394,True,True
2,8,6,2,1.2000000000000002,0.75,3.0,2.125801380853016,8.624198619146984,True,True
2,8,6,2,1.2000000000000002,1.0,3.0,2.2984378812835757,8.701562118716424,True,True
2,8,6,2,1.3000000000000003,0.0,3.0,1.437373484027873,8.562626515972127,True,True
2,8,6,2,1.3000000000000003,0.25,3.0,1.600872994081207,8.649127005918793,True,True
2,8,6,2,1.3000000000000003,0.5,3.0,1.760317404779538,8.739682595220462,True,True
2,8,6,2,1.3000000000000003,0.75,3.0,1.915585587570769,8.834414412429231,True,True
2,8,6,2,1.3000000000000003,1.0,3.0,2.0665670913120286,8.933432908687971,True,True
2,8,6,2,1.4000000000000004,0.0,3.0,1.3160580119349636,8.683941988065037,True,True
2,8,6,2,1.4000000000000004,0.25,3.0,1.4632405673150584,8.786759432684942,True,True
2,8,6,2,1.4000000000000004,0.5,3.0,1.6062676121474406,8.893732387852559,True,True
2,8,6,2,1.4000000000000004,0.75,3.0,1.7450772341943295,9.00492276580567,True,True
2,8,6,2,1.4000000000000004,1.0,3.0,1.879621172150232,9.120378827849768,True,True
2,8,6,2,1.5000000000000007,0.0,3.0,1.2140611027998172,8.785938897200182,True,True
2,8,6,2,1.5000000000000007,0.25,3.0,1.3480137675654675,8.901986232434533,True,True
2,8,6,2,1.5000000000000007,0.5,3.0,1.477843234081241,9.022156765918758,True,True
2,8,6,2,1.5000000000000007,0.75,3.0,1.6035336627071244,9.146466337292875,True,True
2,8,6,2,1.5000000000000007,1.0,3.0,1.7250827823646242,9.274917217635377,True,True
2,8,6,2,1.6000000000000005,0.0,3.0,1.1270166537925825,8.872983346207418,True,True
2,8,6,2,1.6000000000000005,0.25,3.0,1.2499999999999996,9.0,True,True
2,8,6,2,1.6000000000000005,0.5,3.0,1.3689563259349935,9.131043674065006,True,True
2,8,6,2,1.6000000000000005,0.75,3.0,1.483904395931654,9.266095604068346,True,True
2,8,6,2,1.6000000000000005,1.0,3.0,1.5948751620466721,9.405124837953327,True,True
2,8,6,2,1.7000000000000006,0.0,3.0,1.0518060718706268,8.948193928129374,True,True
2,8,6,2,1.7000000000000006,0.25,3.0,1.1655316384794339,9.084468361520566,True,True
2,8,6,2,1.7000000000000006,0.5,3.0,1.27535610178131,9.224643898218691,True,True
2,8,6,2,1.7000000000000006,0.75,3.0,1.3813239328393485,9.368676067160651,True,True
2,8,6,2,1.7000000000000006,1.0,3.0,1.4834899550509677,9.516510044949033,True,True
2,8,6,2,1.8000000000000005,0.0,3.0,0.9861351404025678,9.013864859597433,True,True
2,8,6,2,1.8000000000000005,0.25,3.0,1.0919335487745796,9.15806645122542,True,True
2,8,6,2,1.8000000000000005,0.5,3.0,1.1939688254540135,9.306031174545986,True,True
2,8,6,2,1.8000000000000005,0.75,3.0,1.292304471580353,9.457695528419647,True,True
2,8,6,2,1.8000000000000005,1.0,3.0,1.3870124402489772,9.612987559751023,True,True
2,8,6,2,1.9000000000000008,0.0,3.0,0.928274644770223,9.071725355229777,True,True
2,8,6,2,1.9000000000000008,0.25,3.0,1.0272029345667093,9.22279706543329,True,True
2,8,6,2,1.9000000000000008,0.5,3.0,1.1225087267776903,9.37749127322231,True,True
2,8,6,2,1.9000000000000008,0.75,3.0,1.2142695795595033,9.535730420440498,True,True
2,8,6,2,1.9000000000000008,1.0,3.0,1.3025697084249765,9.697430291575024,True,True
2,8,6,2,2.000000000000001,0.0,3.0,0.8768943743823394,9.123105625617661,True,True
2,8,6,2,2.000000000000001,0.25,3.0,0.9698074653513347,9.280192534648666,True,True
2,8,6,2,2.000000000000001,0.5,3.0,1.0592363464399472,9.440763653560053,True,True
2,8,6,2,2.000000000000001,0.75,3.0,1.1452689210778413,9.604731078922159,True,True
2,8,6,2,2.000000000000001,1.0,3.0,1.227998127341234,9.772001872658766,True,True
2,8,6,2,2.100000000000001,0.0,3.0,0.8309530608360403,9.169046939163959,True,True
2,8,6,2,2.100000000000001,0.25,3.0,0.9185529923020033,9.331447007697996,True,True
2,8,6,2,2.100000000000001,0.5,3.0,1.0028020441483445,9.497197955851655,True,True
2,8,6,2,2.100000000000001,0.75,3.0,1.0837956790885004,9.6662043209115,True,True
2,8,6,2,2.100000000000001,1.0,3.0,1.1616329602685092,9.83836703973149,True,True
2,8,6,2,2.200000000000001,0.0,3.0,0.7896232083965771,9.210376791603423,True,True
2,8,6,2,2.200000000000001,0.25,3.0,0.8724940543037665,9.377505945696234,True,True
2,8,6,2,2.200000000000001,0.5,3.0,0.9521411250378504,9.547858874962149,True,True
2,8,6,2,2.200000000000001,0.75,3.0,1.0286653373215717,9.721334662678428,True,True
2,8,6,2,2.200000000000001,1.0,3.0,1.1021699565684555,9.897830043431544,True,True
2,8,6,2,2.300000000000001,0.0,3.0,0.7522384411469645,9.247761558853036,True,True
2,8,6,2,2.300000000000001,0.25,3.0,0.8308716782706336,9.419128321729367,True,True
2,8,6,2,2.300000000000001,0.5,3.0,0.9064015118697997,9.593598488130201,True,True
2,8,6,2,2.300000000000001,0.75,3.0,0.9789327110819093,9.77106728891809,True,True
2,8,6,2,2.300000000000001,1.0,3.0,1.0485713089723259,9.951428691027674,True,True
2,8,6,2,2.4000000000000012,0.0,3.0,0.718255807111623,9.281744192888377,True,True
2,8,6,2,2.4000000000000012,0.25,3.0,0.7930691372091356,9.456930862790864,True,True
2,8,6,2,2.4000000000000012,0.5,3.0,0.8648926276923765,9.635107372307623,True,True
2,8,6,2,2.4000000000000012,0.75,3.0,0.9338336742097422,9.816166325790258,True,True
2,8,6,2,2.4000000000000012,1.0,3.0,0.9999999999999991,10.0,True,True
2,8,6,2,2.5000000000000013,0.0,3.0,0.6872282694304346,9.312771730569565,True,True
2,8,6,2,2.5000000000000013,0.25,3.0,0.7585798415635718,9.491420158436428,True,True
2,8,6,2,2.5000000000000013,0.5,3.0,0.8270484967614662,9.672951503238533,True,True
2,8,6,2,2.5000000000000013,0.75,3.0,0.8927433139098326,9.857256686090167,True,True
2,8,6,2,2.5000000000000013,1.0,3.0,0.9557728929992937,10.044227107000706,True,True
2,8,6,2,2.6000000000000014,0.0,3.0,0.6587842893777038,9.341215710622297,True,True
2,8,6,2,2.6000000000000014,0.25,3.0,0.7269836202075055,9.523016379792494,True,True
2,8,6,2,2.6000000000000014,0.5,3.0,0.7924006115743962,9.707599388425603,True,True
2,8,6,2,2.6000000000000014,0.75,3.0,0.8551452967532747,9.894854703246725,True,True
2,8,6,2,2.6000000000000014,1.0,3.0,0.9153265362481076,10.084673463751892,True,True
2,8,6,2,2.700000000000002,0.0,3.0,0.6326124428814337,9.367387557118565,True,True
2,8,6,2,2.700000000000002,0.25,3.0,0.6979289215855893,9.55207107841441,True,True
2,8,6,2,2.700000000000002,0.5,3.0,0.7605576523812454,9.739442347618755,True,True
2,8,6,2,2.700000000000002,0.75,3.0,0.8206090580790217,9.929390941920978,True,True
2,8,6,2,2.700000000000002,1.0,3.0,0.8781917920459836,10.121808207954016,True,True
2,8,6,2,2.8000000000000016,0.0,3.0,0.6084496717316004,9.3915503282684,True,True
2,8,6,2,2.8000000000000016,0.25,3.0,0.6711192683875584,9.578880731612442,True,True
2,8,6,2,2.8000000000000016,0.5,3.0,0.7311901061072659,9.768809893892733,True,True
2,8,6,2,2.8000000000000016,0.75,3.0,0.7887725587518943,9.961227441248106,True,True
2,8,6,2,2.8000000000000016,1.0,3.0,0.8439747177907817,10.156025282209217,True,True
2,8,6,2,2.9000000000000017,0.0,3.0,0.5860722003311318,9.413927799668869,True,True
2,8,6,2,2.9000000000000017,0.25,3.0,0.6463028179753136,9.603697182024685,True,True
2,8,6,2,2.9000000000000017,0.5,3.0,0.7040184474789086,9.795981552521091,True,True
2,8,6,2,2.9000000000000017,0.75,3.0,0.7593290733146629,9.990670926685336,True,True
2,8,6,2,2.9000000000000017,1.0,3.0,0.8123419566872752,10.187658043312725,True,True
2,8,6,2,3.0000000000000018,0.0,3.0,0.5652884347833096,9.434711565216691,True,True
2,8,6,2,3.0000000000000018,0.25,3.0,0.6232642236577233,9.626735776342276,True,True
2,8,6,2,3.0000000000000018,0.5,3.0,0.6788039493658404,9.82119605063416,True,True
2,8,6,2,3.0000000000000018,0.75,3.0,0.7320169430993317,10.017983056900668,True,True
2,8,6,2,3.0000000000000018,1.0,3.0,0.7830094339716975,10.216990566028302,True,True
2,8,6,3,1.1,0.0,3.0,2.6499765698785245,12.350023430121475,True,True
2,8,6,3,1.1,0.25,3.0,2.8620093905766986,12.387990609423301,True,True
2,8,6,3,1.1,0.5,3.0,3.072320894056346,12.427679105943653,True,True
2,8,6,3,1.1,0.75,3.0,3.280815187554042,12.469184812445958,True,True
2,8,6,3,1.1,1.0,3.0,3.4873914014578693,12.51260859854213,True,True
2,8,6,3,1.2000000000000002,0.0,3.0,2.376524617020201,12.623475382979798,True,True
2,8,6,3,1.2000000000000002,0.25,3.0,2.5613427248677265,12.688657275132273,True,True
2,8,6,3,1.2000000000000002,0.5,3.0,2.743753901374803,12.756246098625198,True,True
2,8,6,3,1.2000000000000002,0.75,3.0,2.92367441991541,12.826325580084589,True,True
2,8,6,3,1.2000000000000002,1.0,3.0,3.1010205144336442,12.898979485566356,True,True
2,8,6,3,1.3000000000000003,0.0,3.0,2.1560602260418094,12.84393977395819,True,True
2,8,6,3,1.3000000000000003,0.25,3.0,2.320226206519263,12.929773793480738,True,True
2,8,6,3,1.3000000000000003,0.5,3.0,2.481716817377059,13.018283182622941,True,True
2,8,6,3,1.3000000000000003,0.75,3.0,2.640476107169307,13.109523892830694,True,True
2,8,6,3,1.3000000000000003,1.0,3.0,2.796450915296072,13.203549084703928,True,True
2,8,6,3,1.4000000000000004,0.0,3.0,1.9740870179024448,13.025912982097555,True,True
2,8,6,3,1.4000000000000004,0.25,3.0,2.1219570106297416,13.128042989370257,True,True
2,8,6,3,1.4000000000000004,0.5,3.0,2.267071950134672,13.232928049865329,True,True
2,8,6,3,1.4000000000000004,0.75,3.0,2.4094014182211607,13.340598581778838,True,True
2,8,6,3,1.4000000000000004,1.0,3.0,2.548918849046024,13.451081150953975,True,True
2,8,6,3,1.5000000000000007,0.0,3.0,1.8210916541997255,13.178908345800274,True,True
2,8,6,3,1.5000000000000007,0.25,3.0,1.9557297647757155,13.294270235224285,True,True
2,8,6,3,1.5000000000000007,0.5,3.0,2.0876241735469367,13.412375826453063,True,True
2,8,6,3,1.5000000000000007,0.75,3.0,2.2167648511218614,13.533235148878138,True,True
2,8,6,3,1.5000000000000007,1.0,3.0,2.3431457505076185,13.656854249492381,True,True
2,8,6,3,1.6000000000000005,0.0,3.0,1.690524980688874,13.309475019311126,True,True
2,8,6,3,1.6000000000000005,0.25,3.0,1.8141803504152696,13.43581964958473,True,True
2,8,6,3,1.6000000000000005,0.5,3.0,1.9351483251934951,13.564851674806505,True,True
2,8,6,3,1.6000000000000005,0.75,3.0,2.0534344889024903,13.69656551109751,True,True
2,8,6,3,1.6000000000000005,1.0,3.0,2.1690481051546984,13.830951894845303,True,True
2,8,6,3,1.7000000000000006,0.0,3.0,1.5777091078059406,13.42229089219406,True,True
2,8,6,3,1.7000000000000006,0.25,3.0,1.6920876856798426,13.557912314320157,True,True
2,8,6,3,1.7000000000000006,0.5,3.0,1.8038569099744306,13.696143090025569,True,True
2,8,6,3,1.7000000000000006,0.75,3.0,1.9130341526719654,13.836965847328035,True,True
2,8,6,3,1.7000000000000006,1.0,3.0,2.019639987228783,13.980360012771218,True,True
2,8,6,3,1.8000000000000005,0.0,3.0,1.4792027106038521,13.520797289396148,True,True
2,8,6,3,1.8000000000000005,0.25,3.0,1.5856326214301761,13.664367378569825,True,True
2,8,6,3,1.8000000000000005,0.5,3.0,1.6895407214744305,13.81045927852557,True,True
2,8,6,3,1.8000000000000005,0.75,3.0,1.7909532381810207,13.959046761818978,True,True
2,8,6,3,1.8000000000000005,1.0,3.0,1.889899073392213,14.110100926607787,True,True
2,8,6,3,1.9000000000000008,0.0,3.0,1.3924119671553337,13.607588032844667,True,True
2,8,6,3,1.9000000000000008,0.25,3.0,1.4919494368196888,13.758050563180312,True,True
2,8,6,3,1.9000000000000008,0.5,3.0,1.5890555235333217,13.910944476466678,True,True
2,8,6,3,1.9000000000000008,0.75,3.0,1.6837630901665364,14.066236909833464,True,True
2,8,6,3,1.9000000000000008,1.0,3.0,1.7761071582760062,14.223892841723995,True,True
2,8,6,3,2.000000000000001,0.0,3.0,1.3153415615735087,13.684658438426492,True,True
2,8,6,3,2.000000000000001,0.25,3.0,1.4088416204218213,13.841158379578179,True,True
2,8,6,3,2.000000000000001,0.5,3.0,1.4999999999999991,14.0,True,True
2,8,6,3,2.000000000000001,0.75,3.0,1.58885451965992,14.16114548034008,True,True
2,8,6,3,2.000000000000001,1.0,3.0,1.67544467966324,14.32455532033676,True,True
2,8,6,3,2.100000000000001,0.0,3.0,1.24642959125406,13.75357040874594,True,True
2,8,6,3,2.100000000000001,0.25,3.0,1.3345948915374741,13.915405108462526,True,True
2,8,6,3,2.100000000000001,0.5,3.0,1.4205055494139183,14.079494450586083,True,True
2,8,6,3,2.100000000000001,0.75,3.0,1.5042030662225168,14.245796933777484,True,True
2,8,6,3,2.100000000000001,1.0,3.0,1.5857301941018136,14.414269805898186,True,True
2,8,6,3,2.200000000000001,0.0,3.0,1.1844348125948656,13.815565187405134,True,True
2,8,6,3,2.200000000000001,0.25,3.0,1.2678503027907801,13.98214969720922,True,True
2,8,6,3,2.200000000000001,0.5,3.0,1.3490945242808872,14.150905475719114,True,True
2,8,6,3,2.200000000000001,0.75,3.0,1.4282116875567752,14.321788312443225,True,True
2,8,6,3,2.200000000000001,1.0,3.0,1.505246872912089,14.494753127087911,True,True
2,8,6,3,2.300000000000001,0.0,3.0,1.1283576617204467,13.871642338279553,True,True
2,8,6,3,2.300000000000001,0.25,3.0,1.2075158153003933,14.042484184699607,True,True
2,8,6,3,2.300000000000001,0.5,3.0,1.2845819597815167,14.215418040218484,True,True
2,8,6,3,2.300000000000001,0.75,3.0,1.3596022678047,14.3903977321953,True,True
2,8,6,3,2.300000000000001,1.0,3.0,1.4326234474785364,14.567376552521463,True,True
2,8,6,3,2.4000000000000012,0.0,3.0,1.0773837106674353,13.922616289332565,True,True
2,8,6,3,2.4000000000000012,0.25,3.0,1.1527032670001907,14.097296732999808,True,True
2,8,6,3,2.4000000000000012,0.5,3.0,1.2260058246500547,14.273994175349944,True,True
2,8,6,3,2.4000000000000012,0.75,3.0,1.2973389415385643,14.452661058461436,True,True
2,8,6,3,2.4000000000000012,1.0,3.0,1.3667504192891995,14.6332495807108,True,True
2,8,6,3,2.5000000000000013,0.0,3.0,1.0308424041456519,13.969157595854348,True,True
2,8,6,3,2.5000000000000013,0.25,3.0,1.1026825437579317,14.147317456242067,True,True
2,8,6,3,2.5000000000000013,0.5,3.0,1.1725764922729809,14.32742350772702,True,True
2,8,6,3,2.5000000000000013,0.75,3.0,1.2405727451421988,14.509427254857801,True,True
2,8,6,3,2.5000000000000013,1.0,3.0,1.3067197877273946,14.693280212272605,True,True
2,8,6,3,2.6000000000000014,0.0,3.0,0.9881764340665553,14.011823565933444,True,True
2,8,6,3,2.6000000000000014,0.25,3.0,1.056847672290174,14.193152327709825,True,True
2,8,6,3,2.6000000000000014,0.5,3.0,1.1236394720665963,14.376360527933404,True,True
2,8,6,3,2.6000000000000014,0.75,3.0,1.1886009173615957,14.561399082638404,True,True
2,8,6,3,2.6000000000000014,1.0,3.0,1.251780861704212,14.748219138295788,True,True
2,8,6,3,2.700000000000002,0.0,3.0,0.9489186643221501,14.05108133567785,True,True
2,8,6,3,2.700000000000002,0.25,3.0,1.014691341884589,14.235308658115411,True,True
2,8,6,3,2.700000000000002,0.5,3.0,1.0786474801248547,14.421352519875146,True,True
2,8,6,3,2.700000000000002,0.75,3.0,1.1408364785718677,14.609163521428133,True,True
2,8,6,3,2.700000000000002,1.0,3.0,1.2013073152096192,14.798692684790382,True,True
2,8,6,3,2.8000000000000016,0.0,3.0,0.9126745075974005,14.087325492402599,True,True
2,8,6,3,2.8000000000000016,0.25,3.0,0.97578549214807,14.27421450785193,True,True
2,8,6,3,2.8000000000000016,0.5,3.0,1.0371392089512232,14.462860791048776,True,True
2,8,6,3,2.8000000000000016,0.75,3.0,1.0967851591608992,14.653214840839102,True,True
2,8,6,3,2.8000000000000016,1.0,3.0,1.1547722567366057,14.845227743263393,True,True
2,8,6,3,2.9000000000000017,0.0,3.0,0.8791083004966973,14.120891699503304,True,True
2,8,6,3,2.9000000000000017,0.25,3.0,0.9397663363251807,14.310233663674818,True,True
2,8,6,3,2.9000000000000017,0.5,3.0,0.99872298159005,14.50127701840995,True,True
2,8,6,3,2.9000000000000017,0.75,3.0,1.056027671218363,14.693972328781637,True,True
2,8,6,3,2.9000000000000017,1.0,3.0,1.1117291094158492,14.88827089058415,True,True
2,8,6,3,3.0000000000000018,0.0,3.0,0.8479326521749639,14.152067347825035,True,True
2,8,6,3,3.0000000000000018,0.25,3.0,0.9063226748116557,14.343677325188345,True,True
2,8,6,3,3.0000000000000018,0.5,3.0,0.9630640197508855,14.536935980249115,True,True
2,8,6,3,3.0000000000000018,0.75,3.0,1.018205924048761,14.731794075951239,True,True
2,8,6,3,3.0000000000000018,1.0,3.0,1.0717967697244903,14.92820323027551,True,True
2,8,7,1,1.1,0.0,2.0,0.8833255232928416,4.116674476707159,True,True
2,8,7,1,1.1,0.25,2.0,1.0936050625180143,4.156394937481986,True,True
2,8,7,1,1.1,0.5,2.0,1.2981203405741415,4.201879659425859,True,True
2,8,7,1,1.1,0.75,2.0,1.4958739592177814,4.254126040782219,True,True
2,8,7,1,1.1,1.0,2.0,1.6857425186544577,4.3142574813455425,True,True
2,8,7,1,1.2000000000000002,0.0,2.0,0.7921748723400668,4.207825127659933,True,True
2,8,7,1,1.2000000000000002,0.25,2.0,0.9745581399718033,4.275441860028197,True,True
2,8,7,1,1.2000000000000002,0.5,2.0,1.1492189406417879,4.350781059358212,True,True
2,8,7,1,1.2000000000000002,0.75,2.0,1.315419393982258,4.434580606017742,True,True
2,8,7,1,1.2000000000000002,1.0,2.0,1.4724747683480532,4.527525231651946,True,True
2,8,7,1,1.3000000000000003,0.0,2.0,0.7186867420139365,4.2813132579860635,True,True
2,8,7,1,1.3000000000000003,0.25,2.0,0.880158702389769,4.369841297610231,True,True
2,8,7,1,1.3000000000000003,0.5,2.0,1.0332835456560143,4.4667164543439855,True,True
2,8,7,1,1.3000000000000003,0.75,2.0,1.177646290431892,4.572353709568108,True,True
2,8,7,1,1.3000000000000003,1.0,2.0,1.3129452154260528,4.687054784573947,True,True
2,8,7,1,1.4000000000000004,0.0,2.0,0.6580290059674818,4.341970994032518,True,True
2,8,7,1,1.4000000000000004,0.25,2.0,0.8031338060737203,4.4468661939262795,True,True
2,8,7,1,1.4000000000000004,0.5,2.0,0.939810586075116,4.560189413924884,True,True
2,8,7,1,1.4000000000000004,0.75,2.0,1.0678959631498797,4.68210403685012,True,True
2,8,7,1,1.4000000000000004,1.0,2.0,1.1873460656500683,4.812653934349932,True,True
2,8,7,1,1.5000000000000007,0.0,2.0,0.6070305513999086,4.392969448600091,True,True
2,8,7,1,1.5000000000000007,0.25,2.0,0.7389216170406205,4.511078382959379,True,True
2,8,7,1,1.5000000000000007,0.5,2.0,0.8625413911823121,4.637458608817688,True,True
2,8,7,1,1.5000000000000007,0.75,2.0,0.9779079270279645,4.772092072972035,True,True
2,8,7,1,1.5000000000000007,1.0,2.0,1.0851457844873231,4.914854215512677,True,True
2,8,7,1,1.6000000000000005,0.0,2.0,0.5635083268962913,4.436491673103709,True,True
2,8,7,1,1.6000000000000005,0.25,2.0,0.6844781629674968,4.565521837032503,True,True
2,8,7,1,1.6000000000000005,0.5,2.0,0.7974375810233361,4.7025624189766635,True,True
2,8,7,1,1.6000000000000005,0.75,2.0,0.9025332702425621,4.847466729757437,True,True
2,8,7,1,1.6000000000000005,1.0,2.0,0.9999999999999996,5.0,True,True
2,8,7,1,1.7000000000000006,0.0,2.0,0.5259030359353134,4.474096964064687,True,True
2,8,7,1,1.7000000000000006,0.25,2.0,0.637678050890655,4.6123219491093455,True,True
2,8,7,1,1.7000000000000006,0.5,2.0,0.7417449775254839,4.758255022474517,True,True
2,8,7,1,1.7000000000000006,0.75,2.0,0.838341476541423,4.911658523458577,True,True
2,8,7,1,1.7000000000000006,1.0,2.0,0.9277747113166424,5.072225288683358,True,True
2,8,7,1,1.8000000000000005,0.0,2.0,0.4930675702012839,4.5069324297987166,True,True
2,8,7,1,1.8000000000000005,0.25,2.0,0.5969844127270068,4.653015587272993,True,True
2,8,7,1,1.8000000000000005,0.5,2.0,0.6935062201244886,4.806493779875511,True,True
2,8,7,1,1.8000000000000005,0.75,2.0,0.7829349648944675,4.9670650351055325,True,True
2,8,7,1,1.8000000000000005,1.0,2.0,0.8656252541890499,5.13437474581095,True,True
2,8,7,1,1.9000000000000008,0.0,2.0,0.4641373223851115,4.5358626776148885,True,True
2,8,7,1,1.9000000000000008,0.25,2.0,0.5612543633888452,4.688745636611155,True,True
2,8,7,1,1.9000000000000008,0.5,2.0,0.6512848542124883,4.848715145787512,True,True
2,8,7,1,1.9000000000000008,0.75,2.0,0.7345760995344373,5.015423900465563,True,True
2,8,7,1,1.9000000000000008,1.0,2.0,0.8115133803903372,5.188486619609662,True,True
2,8,7,1,2.000000000000001,0.0,2.0,0.4384471871911697,4.561552812808831,True,True
2,8,7,1,2.000000000000001,0.25,2.0,0.5296181732199736,4.720381826780026,True,True
2,8,7,1,2.000000000000001,0.5,2.0,0.613999063670617,4.886000936329383,True,True
2,8,7,1,2.000000000000001,0.75,2.0,0.6919688504283772,5.058031149571622,True,True
2,8,7,1,2.000000000000001,1.0,2.0,0.7639320225002098,5.23606797749979,True,True
2,8,7,1,2.100000000000001,0.0,2.0,0.41547653041802013,4.584523469581979,True,True
2,8,7,1,2.100000000000001,0.25,2.0,0.5014010220741723,4.748598977925828,True,True
2,8,7,1,2.100000000000001,0.5,2.0,0.5808164801342546,4.919183519865745,True,True
2,8,7,1,2.100000000000001,0.75,2.0,0.6541236714605949,5.095876328539405,True,True
2,8,7,1,2.100000000000001,1.0,2.0,0.7217383402084403,5.27826165979156,True,True
2,8,7,1,2.200000000000001,0.0,2.0,0.39481160419828853,4.6051883958017115,True,True
2,8,7,1,2.200000000000001,0.25,2.0,0.4760705625189252,4.773929437481074,True,True
2,8,7,1,2.200000000000001,0.5,2.0,0.5510849782842278,4.948915021715772,True,True
2,8,7,1,2.200000000000001,0.75,2.0,0.6202701230121113,5.129729876987889,True,True
2,8,7,1,2.200000000000001,1.0,2.0,0.6840474176623639,5.315952582337636,True,True
2,8,7,1,2.300000000000001,0.0,2.0,0.37611922057348224,4.623880779426518,True,True
2,8,7,1,2.300000000000001,0.25,2.0,0.45320075593489983,4.796799244065101,True,True
2,8,7,1,2.300000000000001,0.5,2.0,0.5242856544861629,4.975714345513837,True,True
2,8,7,1,2.300000000000001,0.75,2.0,0.5897983154368109,5.160201684563189,True,True
2,8,7,1,2.300000000000001,1.0,2.0,0.6501618927179718,5.349838107282029,True,True
2,8,7,1,2.4000000000000012,0.0,2.0,0.3591279035558115,4.6408720964441885,True,True
2,8,7,1,2.4000000000000012,0.25,2.0,0.43244631384618826,4.817553686153811,True,True
2,8,7,1,2.4000000000000012,0.5,2.0,0.49999999999999956,5.0,True,True
2,8,7,1,2.4000000000000012,0.75,2.0,0.56221848560368,5.18778151439632,True,True
2,8,7,1,2.4000000000000012,1.0,2.0,0.6195238571523829,5.380476142847617,True,True
2,8,7,1,2.5000000000000013,0.0,2.0,0.3436141347152173,4.656385865284783,True,True
2,8,7,1,2.5000000000000013,0.25,2.0,0.4135242483807331,4.8364757516192665,True,True
2,8,7,1,2.5000000000000013,0.5,2.0,0.47788644649964684,5.022113553500353,True,True
2,8,7,1,2.5000000000000013,0.75,2.0,0.5371323818487923,5.212867618151208,True,True
2,8,7,1,2.5000000000000013,1.0,2.0,0.5916810842415403,5.40831891575846,True,True
2,8,7,1,2.6000000000000014,0.0,2.0,0.3293921446888519,4.6706078553111485,True,True
2,8,7,1,2.6000000000000014,0.25,2.0,0.3962003057871981,4.853799694212801,True,True
2,8,7,1,2.6000000000000014,0.5,2.0,0.4576632681240538,5.042336731875946,True,True
2,8,7,1,2.6000000000000014,0.75,2.0,0.5142125661779056,5.235787433822095,True,True
2,8,7,1,2.6000000000000014,1.0,2.0,0.5662627662220956,5.433737233777904,True,True
2,8,7,1,2.700000000000002,0.0,2.0,0.31630622144071685,4.683693778559283,True,True
2,8,7,1,2.700000000000002,0.25,2.0,0.3802788261906227,4.869721173809378,True,True
2,8,7,1,2.700000000000002,0.5,2.0,0.4390958960229918,5.060904103977008,True,True
2,8,7,1,2.700000000000002,0.75,2.0,0.49318715945030434,5.256812840549696,True,True
2,8,7,1,2.700000000000002,1.0,2.0,0.5429617347226685,5.4570382652773315,True,True
2,8,7,1,2.8000000000000016,0.0,2.0,0.3042248358658002,4.6957751641342,True,True
2,8,7,1,2.8000000000000016,0.25,2.0,0.36559505305363293,4.884404946946367,True,True
2,8,7,1,2.8000000000000016,0.5,2.0,0.42198735889539085,5.078012641104609,True,True
2,8,7,1,2.8000000000000016,0.75,2.0,0.47382841096268136,5.276171589037318,True,True
2,8,7,1,2.8000000000000016,1.0,2.0,0.5215212038717896,5.47847879612821,True,True
2,8,7,1,2.9000000000000017,0.0,2.0,0.2930361001655659,4.7069638998344345,True,True
2,8,7,1,2.9000000000000017,0.25,2.0,0.3520092237394543,4.897990776260546,True,True
2,8,7,1,2.9000000000000017,0.5,2.0,0.4061709783436376,5.093829021656362,True,True
2,8,7,1,2.9000000000000017,0.75,2.0,0.4559440071482994,5.294055992851701,True,True
2,8,7,1,2.9000000000000017,1.0,2.0,0.5017247328717298,5.49827526712827,True,True
2,8,7,1,3.0000000000000018,0.0,2.0,0.2826442173916548,4.717355782608346,True,True
2,8,7,1,3.0000000000000018,0.25,2.0,0.3394019746829202,4.91059802531708,True,True
2,8,7,1,3.0000000000000018,0.5,2.0,0.39150471698584877,5.108495283014151,True,True
2,8,7,1,3.0000000000000018,0.75,2.0,0.43937037572075255,5.3106296242792475,True,True
2,8,7,1,3.0000000000000018,1.0,2.0,0.48338852157641643,5.516611478423584,True,True
2,8,7,2,1.1,0.0,2.0,1.7666510465856833,8.233348953414318,True,True
2,8,7,2,1.1,0.25,2.0,1.9782574562949007,8.271742543705098,True,True
2,8,7,2,1.1,0.5,2.0,2.1872101250360285,8.312789874963972,True,True
2,8,7,2,1.1,0.75,2.0,2.3932848895308587,8.35671511046914,True,True
2,8,7,2,1.1,1.0,2.0,2.596240681148283,8.403759318851717,True,True
2,8,7,2,1.2000000000000002,0.0,2.0,1.5843497446801336,8.415650255319866,True,True
2,8,7,2,1.2000000000000002,0.25,2.0,1.7685696044756116,8.481430395524388,True,True
2,8,7,2,1.2000000000000002,0.5,2.0,1.9491162799436066,8.550883720056394,True,True
2,8,7,2,1.2000000000000002,0.75,2.0,2.125801380853016,8.624198619146984,True,True
2,8,7,2,1.2000000000000002,1.0,2.0,2.2984378812835757,8.701562118716424,True,True
2,8,7,2,1.3000000000000003,0.0,2.0,1.437373484027873,8.562626515972127,True,True
2,8,7,2,1.3000000000000003,0.25,2.0,1.600872994081207,8.649127005918793,True,True
2,8,7,2,1.3000000000000003,0.5,2.0,1.760317404779538,8.739682595220462,True,True
2,8,7,2,1.3000000000000003,0.75,2.0,1.915585587570769,8.834414412429231,True,True
2,8,7,2,1.3000000000000003,1.0,2.0,2.0665670913120286,8.933432908687971,True,True
2,8,7,2,1.4000000000000004,0.0,2.0,1.3160580119349636,8.683941988065037,True,True
2,8,7,2,1.4000000000000004,0.25,2.0,1.4632405673150584,8.786759432684942,True,True
2,8,7,2,1.4000000000000004,0.5,2.0,1.6062676121474406,8.893732387852559,True,True
2,8,7,2,1.4000000000000004,0.75,2.0,1.7450772341943295,9.00492276580567,True,True
2,8,7,2,1.4000000000000004,1.0,2.0,1.879621172150232,9.120378827849768,True,True
2,8,7,2,1.5000000000000007,0.0,2.0,1.2140611027998172,8.785938897200182,True,True
2,8,7,2,1.5000000000000007,0.25,2.0,1.3480137675654675,8.901986232434533,True,True
2,8,7,2,1.5000000000000007,0.5,2.0,1.477843234081241,9.022156765918758,True,True
2,8,7,2,1.5000000000000007,0.75,2.0,1.6035336627071244,9.146466337292875,True,True
2,8,7,2,1.5000000000000007,1.0,2.0,1.7250827823646242,9.274917217635377,True,True
2,8,7,2,1.6000000000000005,0.0,2.0,1.1270166537925825,8.872983346207418,True,True
2,8,7,2,1.6000000000000005,0.25,2.0,1.2499999999999996,9.0,True,True
2,8,7,2,1.6000000000000005,0.5,2.0,1.3689563259349935,9.131043674065006,True,True
2,8,7,2,1.6000000000000005,0.75,2.0,1.483904395931654,9.266095604068346,True,True
2,8,7,2,1.6000000000000005,1.0,2.0,1.5948751620466721,9.405124837953327,True,True
2,8,7,2,1.7000000000000006,0.0,2.0,1.0518060718706268,8.948193928129374,True,True
2,8,7,2,1.7000000000000006,0.25,2.0,1.1655316384794339,9.084468361520566,True,True
2,8,7,2,1.7000000000000006,0.5,2.0,1.27535610178131,9.224643898218691,True,True
2,8,7,2,1.7000000000000006,0.75,2.0,1.3813239328393485,9.368676067160651,True,True
2,8,7,2,1.7000000000000006,1.0,2.0,1.4834899550509677,9.516510044949033,True,True
2,8,7,2,1.8000000000000005,0.0,2.0,0.9861351404025678,9.013864859597433,True,True
2,8,7,2,1.8000000000000005,0.25,2.0,1.0919335487745796,9.15806645122542,True,True
2,8,7,2,1.8000000000000005,0.5,2.0,1.1939688254540135,9.306031174545986,True,True
2,8,7,2,1.8000000000000005,0.75,2.0,1.292304471580353,9.457695528419647,True,True
2,8,7,2,1.8000000000000005,1.0,2.0,1.3870124402489772,9.612987559751023,True,True
2,8,7,2,1.9000000000000008,0.0,2.0,0.928274644770223,9.071725355229777,True,True
2,8,7,2,1.9000000000000008,0.25,2.0,1.0272029345667093,9.22279706543329,True,True
2,8,7,2,1.9000000000000008,0.5,2.0,1.1225087267776903,9.37749127322231,True,True
2,8,7,2,1.9000000000000008,0.75,2.0,1.2142695795595033,9.535730420440498,True,True
2,8,7,2,1.9000000000000008,1.0,2.0,1.3025697084249765,9.697430291575024,True,True
2,8,7,2,2.000000000000001,0.0,2.0,0.8768943743823394,9.123105625617661,True,True
2,8,7,2,2.000000000000001,0.25,2.0,0.9698074653513347,9.280192534648666,True,True
2,8,7,2,2.000000000000001,0.5,2.0,1.0592363464399472,9.440763653560053,True,True
2,8,7,2,2.000000000000001,0.75,2.0,1.1452689210778413,9.604731078922159,True,True
2,8,7,2,2.000000000000001,1.0,2.0,1.227998127341234,9.772001872658766,True,True
2,8,7,2,2.100000000000001,0.0,2.0,0.8309530608360403,9.169046939163959,True,True
2,8,7,2,2.100000000000001,0.25,2.0,0.9185529923020033,9.331447007697996,True,True
2,8,7,2,2.100000000000001,0.5,2.0,1.0028020441483445,9.497197955851655,True,True
2,8,7,2,2.100000000000001,0.75,2.0,1.0837956790885004,9.6662043209115,True,True
2,8,7,2,2.100000000000001,1.0,2.0,1.1616329602685092,9.83836703973149,True,True
2,8,7,2,2.200000000000001,0.0,2.0,0.7896232083965771,9.210376791603423,True,True
2,8,7,2,2.200000000000001,0.25,2.0,0.8724940543037665,9.377505945696234,True,True
2,8,7,2,2.200000000000001,0.5,2.0,0.9521411250378504,9.547858874962149,True,True
2,8,7,2,2.200000000000001,0.75,2.0,1.0286653373215717,9.721334662678428,True,True
2,8,7,2,2.200000000000001,1.0,2.0,1.1021699565684555,9.897830043431544,True,True
2,8,7,2,2.300000000000001,0.0,2.0,0.7522384411469645,9.247761558853036,True,True
2,8,7,2,2.300000000000001,0.25,2.0,0.8308716782706336,9.419128321729367,True,True
2,8,7,2,2.300000000000001,0.5,2.0,0.9064015118697997,9.593598488130201,True,True
2,8,7,2,2.300000000000001,0.75,2.0,0.9789327110819093,9.77106728891809,True,True
2,8,7,2,2.300000000000001,1.0,2.0,1.0485713089723259,9.951428691027674,True,True
2,8,7,2,2.4000000000000012,0.0,2.0,0.718255807111623,9.281744192888377,True,True
2,8,7,2,2.4000000000000012,0.25,2.0,0.7930691372091356,9.456930862790864,True,True
2,8,7,2,2.4000000000000012,0.5,2.0,0.8648926276923765,9.635107372307623,True,True
2,8,7,2,2.4000000000000012,0.75,2.0,0.9338336742097422,9.816166325790258,True,True
2,8,7,2,2.4000000000000012,1.0,2.0,0.9999999999999991,10.0,True,True
2,8,7,2,2.5000000000000013,0.0,2.0,0.6872282694304346,9.312771730569565,True,True
2,8,7,2,2.5000000000000013,0.25,2.0,0.7585798415635718,9.491420158436428,True,True
2,8,7,2,2.5000000000000013,0.5,2.0,0.8270484967614662,9.672951503238533,True,True
2,8,7,2,2.5000000000000013,0.75,2.0,0.8927433139098326,9.857256686090167,True,True
2,8,7,2,2.5000000000000013,1.0,2.0,0.9557728929992937,10.044227107000706,True,True
2,8,7,2,2.6000000000000014,0.0,2.0,0.6587842893777038,9.341215710622297,True,True
2,8,7,2,2.6000000000000014,0.25,2.0,0.7269836202075055,9.523016379792494,True,True
2,8,7,2,2.6000000000000014,0.5,2.0,0.7924006115743962,9.707599388425603,True,True
2,8,7,2,2.6000000000000014,0.75,2.0,0.8551452967532747,9.894854703246725,True,True
2,8,7,2,2.6000000000000014,1.0,2.0,0.9153265362481076,10.084673463751892,True,True
2,8,7,2,2.700000000000002,0.0,2.0,0.6326124428814337,9.367387557118565,True,True
2,8,7,2,2.700000000000002,0.25,2.0,0.6979289215855893,9.55207107841441,True,True
2,8,7,2,2.700000000000002,0.5,2.0,0.7605576523812454,9.739442347618755,True,True
2,8,7,2,2.700000000000002,0.75,2.0,0.8206090580790217,9.929390941920978,True,True
2,8,7,2,2.700000000000002,1.0,2.0,0.8781917920459836,10.121808207954016,True,True
2,8,7,2,2.8000000000000016,0.0,2.0,0.6084496717316004,9.3915503282684,True,True
2,8,7,2,2.8000000000000016,0.25,2.0,0.6711192683875584,9.578880731612442,True,True
2,8,7,2,2.8000000000000016,0.5,2.0,0.7311901061072659,9.768809893892733,True,True
2,8,7,2,2.8000000000000016,0.75,2.0,0.7887725587518943,9.961227441248106,True,True
2,8,7,2,2.8000000000000016,1.0,2.0,0.8439747177907817,10.156025282209217,True,True
2,8,7,2,2.9000000000000017,0.0,2.0,0.5860722003311318,9.413927799668869,True,True
2,8,7,2,2.9000000000000017,0.25,2.0,0.6463028179753136,9.603697182024685,True,True
2,8,7,2,2.9000000000000017,0.5,2.0,0.7040184474789086,9.795981552521091,True,True
2,8,7,2,2.9000000000000017,0.75,2.0,0.7593290733146629,9.990670926685336,True,True
2,8,7,2,2.9000000000000017,1.0,2.0,0.8123419566872752,10.187658043312725,True,True
2,8,7,2,3.0000000000000018,0.0,2.0,0.5652884347833096,9.434711565216691,True,True
2,8,7,2,3.0000000000000018,0.25,2.0,0.6232642236577233,9.626735776342276,True,True
2,8,7,2,3.0000000000000018,0.5,2.0,0.6788039493658404,9.82119605063416,True,True
2,8,7,2,3.0000000000000018,0.75,2.0,0.7320169430993317,10.017983056900668,True,True
2,8,7,2,3.0000000000000018,1.0,2.0,0.7830094339716975,10.216990566028302,True,True
2,8,7,3,1.1,0.0,2.0,2.6499765698785245,12.350023430121475,True,True
2,8,7,3,1.1,0.25,2.0,2.8620093905766986,12.387990609423301,True,True
2,8,7,3,1.1,0.5,2.0,3.072320894056346,12.427679105943653,True,True
2,8,7,3,1.1,0.75,2.0,3.280815187554042,12.469184812445958,True,True
2,8,7,3,1.1,1.0,2.0,3.4873914014578693,12.51260859854213,True,True
2,8,7,3,1.2000000000000002,0.0,2.0,2.376524617020201,12.623475382979798,True,True
2,8,7,3,1.2000000000000002,0.25,2.0,2.5613427248677265,12.688657275132273,True,True
2,8,7,3,1.2000000000000002,0.5,2.0,2.743753901374803,12.756246098625198,True,True
2,8,7,3,1.2000000000000002,0.75,2.0,2.92367441991541,12.826325580084589,True,True
2,8,7,3,1.2000000000000002,1.0,2.0,3.1010205144336442,12.898979485566356,True,True
2,8,7,3,1.3000000000000003,0.0,2.0,2.1560602260418094,12.84393977395819,True,True
2,8,7,3,1.3000000000000003,0.25,2.0,2.320226206519263,12.929773793480738,True,True
2,8,7,3,1.3000000000000003,0.5,2.0,2.481716817377059,13.018283182622941,True,True
2,8,7,3,1.3000000000000003,0.75,2.0,2.640476107169307,13.109523892830694,True,True
2,8,7,3,1.3000000000000003,1.0,2.0,2.796450915296072,13.203549084703928,True,True
2,8,7,3,1.4000000000000004,0.0,2.0,1.9740870179024448,13.025912982097555,True,True
2,8,7,3,1.4000000000000004,0.25,2.0,2.1219570106297416,13.128042989370257,True,True
2,8,7,3,1.4000000000000004,0.5,2.0,2.267071950134672,13.232928049865329,True,True
2,8,7,3,1.4000000000000004,0.75,2.0,2.4094014182211607,13.340598581778838,True,True
2,8,7,3,1.4000000000000004,1.0,2.0,2.548918849046024,13.451081150953975,True,True
2,8,7,3,1.5000000000000007,0.0,2.0,1.8210916541997255,13.178908345800274,True,True
2,8,7,3,1.5000000000000007,0.25,2.0,1.9557297647757155,13.294270235224285,True,True
2,8,7,3,1.5000000000000007,0.5,2.0,2.0876241735469367,13.412375826453063,True,True
2,8,7,3,1.5000000000000007,0.75,2.0,2.2167648511218614,13.533235148878138,True,True
2,8,7,3,1.5000000000000007,1.0,2.0,2.3431457505076185,13.656854249492381,True,True
2,8,7,3,1.6000000000000005,0.0,2.0,1.690524980688874,13.309475019311126,True,True
2,8,7,3,1.6000000000000005,0.25,2.0,1.8141803504152696,13.43581964958473,True,True
2,8,7,3,1.6000000000000005,0.5,2.0,1.9351483251934951,13.564851674806505,True,True
2,8,7,3,1.6000000000000005,0.75,2.0,2.0534344889024903,13.69656551109751,True,True
2,8,7,3,1.6000000000000005,1.0,2.0,2.1690481051546984,13.830951894845303,True,True
2,8,7,3,1.7000000000000006,0.0,2.0,1.5777091078059406,13.42229089219406,True,True
2,8,7,3,1.7000000000000006,0.25,2.0,1.6920876856798426,13.557912314320157,True,True
2,8,7,3,1.7000000000000006,0.5,2.0,1.8038569099744306,13.696143090025569,True,True
2,8,7,3,1.7000000000000006,0.75,2.0,1.9130341526719654,13.836965847328035,True,True
2,8,7,3,1.7000000000000006,1.0,2.0,2.019639987228783,13.980360012771218,True,True
2,8,7,3,1.8000000000000005,0.0,2.0,1.4792027106038521,13.520797289396148,True,True
2,8,7,3,1.8000000000000005,0.25,2.0,1.5856326214301761,13.664367378569825,True,True
2,8,7,3,1.8000000000000005,0.5,2.0,1.6895407214744305,13.81045927852557,True,True
2,8,7,3,1.8000000000000005,0.75,2.0,1.7909532381810207,13.959046761818978,True,True
2,8,7,3,1.8000000000000005,1.0,2.0,1.889899073392213,14.110100926607787,True,True
2,8,7,3,1.9000000000000008,0.0,2.0,1.3924119671553337,13.607588032844667,True,True
2,8,7,3,1.9000000000000008,0.25,2.0,1.4919494368196888,13.758050563180312,True,True
2,8,7,3,1.9000000000000008,0.5,2.0,1.5890555235333217,13.910944476466678,True,True
2,8,7,3,1.9000000000000008,0.75,2.0,1.6837630901665364,14.066236909833464,True,True
2,8,7,3,1.9000000000000008,1.0,2.0,1.7761071582760062,14.223892841723995,True,True
2,8,7,3,2.000000000000001,0.0,2.0,1.3153415615735087,13.684658438426492,True,True
2,8,7,3,2.000000000000001,0.25,2.0,1.4088416204218213,13.841158379578179,True,True
2,8,7,3,2.000000000000001,0.5,2.0,1.4999999999999991,14.0,True,True
2,8,7,3,2.000000000000001,0.75,2.0,1.58885451965992,14.16114548034008,True,True
2,8,7,3,2.000000000000001,1.0,2.0,1.67544467966324,14.32455532033676,True,True
2,8,7,3,2.100000000000001,0.0,2.0,1.24642959125406,13.75357040874594,True,True
2,8,7,3,2.100000000000001,0.25,2.0,1.3345948915374741,13.915405108462526,True,True
2,8,7,3,2.100000000000001,0.5,2.0,1.4205055494139183,14.079494450586083,True,True
2,8,7,3,2.100000000000001,0.75,2.0,1.5042030662225168,14.245796933777484,True,True
2,8,7,3,2.100000000000001,1.0,2.0,1.5857301941018136,14.414269805898186,True,True
2,8,7,3,2.200000000000001,0.0,2.0,1.1844348125948656,13.815565187405134,True,True
2,8,7,3,2.200000000000001,0.25,2.0,1.2678503027907801,13.98214969720922,True,True
2,8,7,3,2.200000000000001,0.5,2.0,1.3490945242808872,14.150905475719114,True,True
2,8,7,3,2.200000000000001,0.75,2.0,1.4282116875567752,14.321788312443225,True,True
2,8,7,3,2.200000000000001,1.0,2.0,1.505246872912089,14.494753127087911,True,True
2,8,7,3,2.300000000000001,0.0,2.0,1.1283576617204467,13.871642338279553,True,True
2,8,7,3,2.300000000000001,0.25,2.0,1.2075158153003933,14.042484184699607,True,True
2,8,7,3,2.300000000000001,0.5,2.0,1.2845819597815167,14.215418040218484,True,True
2,8,7,3,2.300000000000001,0.75,2.0,1.3596022678047,14.3903977321953,True,True
2,8,7,3,2.300000000000001,1.0,2.0,1.4326234474785364,14.567376552521463,True,True
2,8,7,3,2.4000000000000012,0.0,2.0,1.0773837106674353,13.922616289332565,True,True
2,8,7,3,2.4000000000000012,0.25,2.0,1.1527032670001907,14.097296732999808,True,True
2,8,7,3,2.4000000000000012,0.5,2.0,1.2260058246500547,14.273994175349944,True,True
2,8,7,3,2.4000000000000012,0.75,2.0,1.2973389415385643,14.452661058461436,True,True
2,8,7,3,2.4000000000000012,1.0,2.0,1.3667504192891995,14.6332495807108,True,True
2,8,7,3,2.5000000000000013,0.0,2.0,1.0308424041456519,13.969157595854348,True,True
2,8,7,3,2.5000000000000013,0.25,2.0,1.1026825437579317,14.147317456242067,True,True
2,8,7,3,2.5000000000000013,0.5,2.0,1.1725764922729809,14.32742350772702,True,True
2,8,7,3,2.5000000000000013,0.75,2.0,1.2405727451421988,14.509427254857801,True,True
2,8,7,3,2.5000000000000013,1.0,2.0,1.3067197877273946,14.693280212272605,True,True
2,8,7,3,2.6000000000000014,0.0,2.0,0.9881764340665553,14.011823565933444,True,True
2,8,7,3,2.6000000000000014,0.25,2.0,1.056847672290174,14.193152327709825,True,True
2,8,7,3,2.6000000000000014,0.5,2.0,1.1236394720665963,14.376360527933404,True,True
2,8,7,3,2.6000000000000014,0.75,2.0,1.1886009173615957,14.561399082638404,True,True
2,8,7,3,2.6000000000000014,1.0,2.0,1.251780861704212,14.748219138295788,True,True
2,8,7,3,2.700000000000002,0.0,2.0,0.9489186643221501,14.05108133567785,True,True
2,8,7,3,2.700000000000002,0.25,2.0,1.014691341884589,14.235308658115411,True,True
2,8,7,3,2.700000000000002,0.5,2.0,1.0786474801248547,14.421352519875146,True,True
2,8,7,3,2.700000000000002,0.75,2.0,1.1408364785718677,14.609163521428133,True,True
2,8,7,3,2.700000000000002,1.0,2.0,1.2013073152096192,14.798692684790382,True,True
2,8,7,3,2.8000000000000016,0.0,2.0,0.9126745075974005,14.087325492402599,True,True
2,8,7,3,2.8000000000000016,0.25,2.0,0.97578549214807,14.27421450785193,True,True
2,8,7,3,2.8000000000000016,0.5,2.0,1.0371392089512232,14.462860791048776,True,True
2,8,7,3,2.8000000000000016,0.75,2.0,1.0967851591608992,14.653214840839102,True,True
2,8,7,3,2.8000000000000016,1.0,2.0,1.1547722567366057,14.845227743263393,True,True
2,8,7,3,2.9000000000000017,0.0,2.0,0.8791083004966973,14.120891699503304,True,True
2,8,7,3,2.9000000000000017,0.25,2.0,0.9397663363251807,14.310233663674818,True,True
2,8,7,3,2.9000000000000017,0.5,2.0,0.99872298159005,14.50127701840995,True,True
2,8,7,3,2.9000000000000017,0.75,2.0,1.056027671218363,14.693972328781637,True,True
2,8,7,3,2.9000000000000017,1.0,2.0,1.1117291094158492,14.88827089058415,True,True
2,8,7,3,3.0000000000000018,0.0,2.0,0.8479326521749639,14.152067347825035,True,True
2,8,7,3,3.0000000000000018,0.25,2.0,0.9063226748116557,14.343677325188345,True,True
2,8,7,3,3.0000000000000018,0.5,2.0,0.9630640197508855,14.536935980249115,True,True
2,8,7,3,3.0000000000000018,0.75,2.0,1.018205924048761,14.731794075951239,True,True
2,8,7,3,3.0000000000000018,1.0,2.0,1.0717967697244903,14.92820323027551,True,True
2,10,4,1,1.1,0.0,5.0,0.8894205879556547,5.110579412044345,True,True
2,10,4,1,1.1,0.25,5.0,1.1041569041160524,5.145843095883947,True,True
2,10,4,1,1.1,0.5,5.0,1.3149759221606099,5.18502407783939,True,True
2,10,4,1,1.1,0.75,5.0,1.5213334859110859,5.228666514088914,True,True
2,10,4,1,1.1,1.0,5.0,1.7226168367257133,5.277383163274287,True,True
2,10,4,1,1.2000000000000002,0.0,5.0,0.8015156736211799,5.19848432637882,True,True
2,10,4,1,1.2000000000000002,0.25,5.0,0.9902185904250835,5.2597814095749165,True,True
2,10,4,1,1.2000000000000002,0.5,5.0,1.1733440342704813,5.326655965729518,True,True
2,10,4,1,1.2000000000000002,0.75,5.0,1.3504115644572763,5.399588435542723,True,True
2,10,4,1,1.2000000000000002,1.0,5.0,1.5209429854936802,5.47905701450632,True,True
2,10,4,1,1.3000000000000003,0.0,5.0,0.7297916056348144,5.270208394365186,True,True
2,10,4,1,1.3000000000000003,0.25,5.0,0.8983584275174206,5.351641572482579,True,True
2,10,4,1,1.3000000000000003,0.5,5.0,1.0606463897375482,5.439353610262452,True,True
2,10,4,1,1.3000000000000003,0.75,5.0,1.216330092573028,5.533669907426972,True,True
2,10,4,1,1.3000000000000003,1.0,5.0,1.3651247559418587,5.634875244058142,True,True
2,10,4,1,1.4000000000000004,0.0,5.0,0.6700705099571298,5.32992949004287,True,True
2,10,4,1,1.4000000000000004,0.25,5.0,0.822536257459352,5.427463742540648,True,True
2,10,4,1,1.4000000000000004,0.5,5.0,0.9684748209022231,5.531525179097777,True,True
2,10,4,1,1.4000000000000004,0.75,5.0,1.1077053565978683,5.642294643402131,True,True
2,10,4,1,1.4000000000000004,1.0,5.0,1.2401011400633748,5.759898859936625,True,True
2,10,4,1,1.5000000000000007,0.0,5.0,0.6195238571523829,5.380476142847617,True,True
2,10,4,1,1.5000000000000007,0.25,5.0,0.7587881892498856,5.491211810750114,True,True
2,10,4,1,1.5000000000000007,0.5,5.0,0.8915047169858488,5.608495283014151,True,True
2,10,4,1,1.5000000000000007,0.75,5.0,1.0176091400307268,5.732390859969273,True,True
2,10,4,1,1.5000000000000007,1.0,5.0,1.1370921868736952,5.862907813126305,True,True
2,10,4,1,1.6000000000000005,0.0,5.0,0.5761600712918353,5.423839928708165,True,True
2,10,4,1,1.6000000000000005,0.25,5.0,0.7043854086203645,5.5456145913796355,True,True
2,10,4,1,1.6000000000000005,0.5,5.0,0.8261600712918353,5.673839928708165,True,True
2,10,4,1,1.6000000000000005,0.75,5.0,0.9415097082585264,5.808490291741474,True,True
2,10,4,1,1.6000000000000005,1.0,5.0,1.0505102572168217,5.949489742783179,True,True
2,10,4,1,1.7000000000000006,0.0,5.0,0.5385322408343907,5.461467759165609,True,True
2,10,4,1,1.7000000000000006,0.25,5.0,0.6573787949191416,5.592621205080858,True,True
2,10,4,1,1.7000000000000006,0.5,5.0,0.7699324013007933,5.730067598699207,True,True
2,10,4,1,1.7000000000000006,0.75,5.0,0.8762870960291194,5.873712903970881,True,True
2,10,4,1,1.7000000000000006,1.0,5.0,0.9765802848468645,6.0234197151531355,True,True
2,10,4,1,1.8000000000000005,0.0,5.0,0.5055617421507055,5.4944382578492945,True,True
2,10,4,1,1.8000000000000005,0.25,5.0,0.6163344627516048,5.633665537248396,True,True
2,10,4,1,1.8000000000000005,0.5,5.0,0.7210015157510798,5.77899848424892,True,True
2,10,4,1,1.8000000000000005,0.75,5.0,0.8197086489230059,5.930291351076994,True,True
2,10,4,1,1.8000000000000005,1.0,5.0,0.9126375506233289,6.087362449376672,True,True
2,10,4,1,1.9000000000000008,0.0,5.0,0.4764269274238204,5.52357307257618,True,True
2,10,4,1,1.9000000000000008,0.25,5.0,0.580171652981389,5.669828347018611,True,True
2,10,4,1,1.9000000000000008,0.5,5.0,0.6780101907380405,5.821989809261959,True,True
2,10,4,1,1.9000000000000008,0.75,5.0,0.7701272886942698,5.97987271130573,True,True
2,10,4,1,1.9000000000000008,1.0,5.0,0.8567364669289668,6.143263533071034,True,True
2,10,4,1,2.000000000000001,0.0,5.0,0.4504902432036073,5.549509756796393,True,True
2,10,4,1,2.000000000000001,0.25,5.0,0.548058983988962,5.7019410160110375,True,True
2,10,4,1,2.000000000000001,0.5,5.0,0.6399233727723623,5.860076627227638,True,True
2,10,4,1,2.000000000000001,0.75,5.0,0.7262974874478632,6.023702512552137,True,True
2,10,4,1,2.000000000000001,1.0,5.0,0.8074175964327477,6.192582403567252,True,True
2,10,4,1,2.100000000000001,0.0,5.0,0.4272490172876,5.5727509827123995,True,True
2,10,4,1,2.100000000000001,0.25,5.0,0.5193456630225248,5.730654336977475,True,True
2,10,4,1,2.100000000000001,0.5,5.0,0.6059365687314857,5.894063431268514,True,True
2,10,4,1,2.100000000000001,0.75,5.0,0.6872577628549768,6.062742237145024,True,True
2,10,4,1,2.100000000000001,1.0,5.0,0.7635615778725735,6.236438422127426,True,True
2,10,4,1,2.200000000000001,0.0,5.0,0.40630134223870806,5.593698657761292,True,True
2,10,4,1,2.200000000000001,0.25,5.0,0.4935145052478611,5.756485494752139,True,True
2,10,4,1,2.200000000000001,0.5,5.0,0.5754142206859223,5.924585779314078,True,True
2,10,4,1,2.200000000000001,0.75,5.0,0.6522528077826846,6.097747192217316,True,True
2,10,4,1,2.200000000000001,1.0,5.0,0.724293701677813,6.275706298322187,True,True
2,10,4,1,2.300000000000001,0.0,5.0,0.3873218804219798,5.61267811957802,True,True
2,10,4,1,2.300000000000001,0.25,5.0,0.4701490257168528,5.779850974283147,True,True
2,10,4,1,2.300000000000001,0.5,5.0,0.5478470741309605,5.95215292586904,True,True
2,10,4,1,2.300000000000001,0.75,5.0,0.6206802702095304,6.12931972979047,True,True
2,10,4,1,2.300000000000001,1.0,5.0,0.6889194403141912,6.311080559685809,True,True
2,10,4,1,2.4000000000000012,0.0,5.0,0.3700443603234165,5.6299556396765835,True,True
2,10,4,1,2.4000000000000012,0.25,5.0,0.44890987944476457,5.801090120555235,True,True
2,10,4,1,2.4000000000000012,0.5,5.0,0.5228219713410711,5.977178028658929,True,True
2,10,4,1,2.4000000000000012,0.75,5.0,0.5920534200839089,6.157946579916091,True,True
2,10,4,1,2.4000000000000012,1.0,5.0,0.6568796484613362,6.343120351538664,True,True
2,10,4,1,2.5000000000000013,0.0,5.0,0.3542486889354093,5.645751311064591,True,True
2,10,4,1,2.5000000000000013,0.25,5.0,0.4295176683940216,5.820482331605978,True,True
2,10,4,1,2.5000000000000013,0.5,5.0,0.49999999999999956,6.0,True,True
2,10,4,1,2.5000000000000013,0.75,5.0,0.5659743682194707,6.184025631780529,True,True
2,10,4,1,2.5000000000000013,1.0,5.0,0.6277186767309852,6.372281323269014,True,True
2,10,4,1,2.6000000000000014,0.0,5.0,0.3397513129552947,5.660248687044705,True,True
2,10,4,1,2.6000000000000014,0.25,5.0,0.4117401808610648,5.838259819138935,True,True
2,10,4,1,2.6000000000000014,0.5,5.0,0.47910039601132137,6.020899603988679,True,True
2,10,4,1,2.6000000000000014,0.75,5.0,0.5421144773190383,6.207885522680962,True,True
2,10,4,1,2.6000000000000014,1.0,5.0,0.6010612021213424,6.398938797878658,True,True
2,10,4,1,2.700000000000002,0.0,5.0,0.32639790766311894,5.673602092336881,True,True
2,10,4,1,2.700000000000002,0.25,5.0,0.3953827768008962,5.854617223199104,True,True
2,10,4,1,2.700000000000002,0.5,5.0,0.4598884928694651,6.0401115071305345,True,True
2,10,4,1,2.700000000000002,0.75,5.0,0.5201997864545298,6.22980021354547,True,True
2,10,4,1,2.700000000000002,1.0,5.0,0.5765950851282509,6.42340491487175,True,True
2,10,4,1,2.8000000000000016,0.0,5.0,0.31405776043383327,5.685942239566167,True,True
2,10,4,1,2.8000000000000016,0.25,5.0,0.38028104483225,5.86971895516775,True,True
2,10,4,1,2.8000000000000016,0.5,5.0,0.44216656985700586,6.057833430142994,True,True
2,10,4,1,2.8000000000000016,0.75,5.0,0.49999999999999956,6.25,True,True
2,10,4,1,2.8000000000000016,1.0,5.0,0.5540584818141023,6.445941518185897,True,True
2,10,4,1,2.9000000000000017,0.0,5.0,0.30261940598559267,5.697380594014407,True,True
2,10,4,1,2.9000000000000017,0.25,5.0,0.3662951252069573,5.883704874793043,True,True
2,10,4,1,2.9000000000000017,0.5,5.0,0.42576681142504125,6.074233188574959,True,True
2,10,4,1,2.9000000000000017,0.75,5.0,0.4813200555884456,6.268679944411554,True,True
2,10,4,1,2.9000000000000017,1.0,5.0,0.5332300160054477,6.466769983994553,True,True
2,10,4,1,3.0000000000000018,0.0,5.0,0.2919871984546796,5.708012801545321,True,True
2,10,4,1,3.0000000000000018,0.25,5.0,0.3533052717395684,5.896694728260432,True,True
2,10,4,1,3.0000000000000018,0.5,5.0,0.41054582709986276,6.089454172900137,True,True
2,10,4,1,3.0000000000000018,0.75,5.0,0.46399358754857145,6.286006412451428,True,True
2,10,4,1,3.0000000000000018,1.0,5.0,0.5139211888051802,6.48607881119482,True,True
2,10,4,2,1.1,0.0,5.0,1.7788411759113094,10.22115882408869,True,True
2,10,4,2,1.1,0.25,5.0,1.994494032754032,10.255505967245968,True,True
2,10,4,2,1.1,0.5,5.0,2.2083138082321048,10.291686191767894,True,True
2,10,4,2,1.1,0.75,5.0,2.420176995110906,10.329823004889095,True,True
2,10,4,2,1.1,1.0,5.0,2.6299518443212198,10.37004815567878,True,True
2,10,4,2,1.2000000000000002,0.0,5.0,1.6030313472423598,10.39696865275764,True,True
2,10,4,2,1.2000000000000002,0.25,5.0,1.7930691372091356,10.456930862790864,True,True
2,10,4,2,1.2000000000000002,0.5,5.0,1.980437180850167,10.519562819149833,True,True
2,10,4,2,1.2000000000000002,0.75,5.0,2.1650168250534145,10.584983174946586,True,True
2,10,4,2,1.2000000000000002,1.0,5.0,2.3466880685409626,10.653311931459037,True,True
2,10,4,2,1.3000000000000003,0.0,5.0,1.4595832112696288,10.540416788730372,True,True
2,10,4,2,1.3000000000000003,0.25,5.0,1.6296765753388005,10.6203234246612,True,True
2,10,4,2,1.3000000000000003,0.5,5.0,1.7967168550348411,10.703283144965159,True,True
2,10,4,2,1.3000000000000003,0.75,5.0,1.9606168215532254,10.789383178446775,True,True
2,10,4,2,1.3000000000000003,1.0,5.0,2.1212927794750964,10.878707220524904,True,True
2,10,4,2,1.4000000000000004,0.0,5.0,1.3401410199142596,10.65985898008574,True,True
2,10,4,2,1.4000000000000004,0.25,5.0,1.4942121157872679,10.755787884212733,True,True
2,10,4,2,1.4000000000000004,0.5,5.0,1.645072514918704,10.854927485081296,True,True
2,10,4,2,1.4000000000000004,0.75,5.0,1.792667858268799,10.9573321417312,True,True
2,10,4,2,1.4000000000000004,1.0,5.0,1.9369496418044463,11.063050358195554,True,True
2,10,4,2,1.5000000000000007,0.0,5.0,1.2390477143047658,10.760952285695234,True,True
2,10,4,2,1.5000000000000007,0.25,5.0,1.3799367759744223,10.870063224025579,True,True
2,10,4,2,1.5000000000000007,0.5,5.0,1.5175763784997711,10.982423621500228,True,True
2,10,4,2,1.5000000000000007,0.75,5.0,1.651940433716014,11.098059566283986,True,True
2,10,4,2,1.5000000000000007,1.0,5.0,1.7830094339716975,11.216990566028302,True,True
2,10,4,2,1.6000000000000005,0.0,5.0,1.1523201425836707,10.84767985741633,True,True
2,10,4,2,1.6000000000000005,0.25,5.0,1.2821573430473707,10.96784265695263,True,True
2,10,4,2,1.6000000000000005,0.5,5.0,1.408770817240729,11.091229182759271,True,True
2,10,4,2,1.6000000000000005,0.75,5.0,1.5321573430473707,11.21784265695263,True,True
2,10,4,2,1.6000000000000005,1.0,5.0,1.6523201425836707,11.34767985741633,True,True
2,10,4,2,1.7000000000000006,0.0,5.0,1.0770644816687813,10.922935518331219,True,True
2,10,4,2,1.7000000000000006,0.25,5.0,1.1974924269613805,11.05250757303862,True,True
2,10,4,2,1.7000000000000006,0.5,5.0,1.3147575898382833,11.185242410161717,True,True
2,10,4,2,1.7000000000000006,0.75,5.0,1.4288748083206881,11.321125191679311,True,True
2,10,4,2,1.7000000000000006,1.0,5.0,1.5398648026015866,11.460135197398413,True,True
2,10,4,2,1.8000000000000005,0.0,5.0,1.011123484301411,10.988876515698589,True,True
2,10,4,2,1.8000000000000005,0.25,5.0,1.1234377440643604,11.126562255935639,True,True
2,10,4,2,1.8000000000000005,0.5,5.0,1.2326689255032095,11.267331074496791,True,True
2,10,4,2,1.8000000000000005,0.75,5.0,1.3388459890287088,11.411154010971291,True,True
2,10,4,2,1.8000000000000005,1.0,5.0,1.4420030315021597,11.55799696849784,True,True
2,10,4,2,1.9000000000000008,0.0,5.0,0.9528538548476408,11.04714614515236,True,True
2,10,4,2,1.9000000000000008,0.25,5.0,1.0580956455798267,11.191904354420174,True,True
2,10,4,2,1.9000000000000008,0.5,5.0,1.160343305962778,11.339656694037222,True,True
2,10,4,2,1.9000000000000008,0.75,5.0,1.2596367881181996,11.4903632118818,True,True
2,10,4,2,1.9000000000000008,1.0,5.0,1.356020381476081,11.643979618523918,True,True
2,10,4,2,2.000000000000001,0.0,5.0,0.9009804864072146,11.099019513592786,True,True
2,10,4,2,2.000000000000001,0.25,5.0,1.0,11.25,True,True
2,10,4,2,2.000000000000001,0.5,5.0,1.096117967977924,11.403882032022075,True,True
2,10,4,2,2.000000000000001,0.75,5.0,1.1893828718271147,11.560617128172886,True,True
2,10,4,2,2.000000000000001,1.0,5.0,1.2798467455447247,11.720153254455276,True,True
2,10,4,2,2.100000000000001,0.0,5.0,0.8544980345752,11.145501965424799,True,True
2,10,4,2,2.100000000000001,0.25,5.0,0.9479990065951993,11.3020009934048,True,True
2,10,4,2,2.100000000000001,0.5,5.0,1.0386913260450497,11.46130867395495,True,True
2,10,4,2,2.100000000000001,0.75,5.0,1.1266300716544464,11.623369928345554,True,True
2,10,4,2,2.100000000000001,1.0,5.0,1.2118731374629714,11.788126862537029,True,True
2,10,4,2,2.200000000000001,0.0,5.0,0.8126026844774161,11.187397315522585,True,True
2,10,4,2,2.200000000000001,0.25,5.0,0.9011745556797868,11.348825444320212,True,True
2,10,4,2,2.200000000000001,0.5,5.0,0.9870290104957222,11.512970989504279,True,True
2,10,4,2,2.200000000000001,0.75,5.0,1.070226206519263,11.679773793480738,True,True
2,10,4,2,2.200000000000001,1.0,5.0,1.1508284413718446,11.849171558628155,True,True
2,10,4,2,2.300000000000001,0.0,5.0,0.7746437608439596,11.22535623915604,True,True
2,10,4,2,2.300000000000001,0.25,5.0,0.858785391351029,11.391214608648971,True,True
2,10,4,2,2.300000000000001,0.5,5.0,0.9402980514337056,11.559701948566294,True,True
2,10,4,2,2.300000000000001,0.75,5.0,1.0192457803900696,11.730754219609931,True,True
2,10,4,2,2.300000000000001,1.0,5.0,1.095694148261921,11.90430585173808,True,True
2,10,4,2,2.4000000000000012,0.0,5.0,0.740088720646833,11.259911279353167,True,True
2,10,4,2,2.4000000000000012,0.25,5.0,0.8202262065192629,11.429773793480738,True,True
2,10,4,2,2.4000000000000012,0.5,5.0,0.8978197588895291,11.60218024111047,True,True
2,10,4,2,2.4000000000000012,0.75,5.0,0.9729363511092659,11.777063648890735,True,True
2,10,4,2,2.4000000000000012,1.0,5.0,1.0456439426821422,11.954356057317858,True,True
2,10,4,2,2.5000000000000013,0.0,5.0,0.7084973778708186,11.291502622129181,True,True
2,10,4,2,2.5000000000000013,0.25,5.0,0.7849976591765424,11.465002340823457,True,True
2,10,4,2,2.5000000000000013,0.5,5.0,0.8590353367880432,11.640964663211957,True,True
2,10,4,2,2.5000000000000013,0.75,5.0,0.9306795649043575,11.819320435095642,True,True
2,10,4,2,2.5000000000000013,1.0,5.0,0.9999999999999991,12.0,True,True
2,10,4,2,2.6000000000000014,0.0,5.0,0.6795026259105894,11.32049737408941,True,True
2,10,4,2,2.6000000000000014,0.25,5.0,0.752684033291243,11.497315966708758,True,True
2,10,4,2,2.6000000000000014,0.5,5.0,0.8234803617221296,11.67651963827787,True,True
2,10,4,2,2.6000000000000014,0.75,5.0,0.8919623452800431,11.858037654719958,True,True
2,10,4,2,2.6000000000000014,1.0,5.0,0.9582007920226427,12.041799207977357,True,True
2,10,4,2,2.700000000000002,0.0,5.0,0.6527958153262379,11.347204184673762,True,True
2,10,4,2,2.700000000000002,0.25,5.0,0.7229363511092659,11.527063648890735,True,True
2,10,4,2,2.700000000000002,0.5,5.0,0.7907655536017923,11.709234446398208,True,True
2,10,4,2,2.700000000000002,0.75,5.0,0.8563552556071503,11.89364474439285,True,True
2,10,4,2,2.700000000000002,1.0,5.0,0.9197769857389302,12.080223014261069,True,True
2,10,4,2,2.8000000000000016,0.0,5.0,0.6281155208676665,11.371884479132333,True,True
2,10,4,2,2.8000000000000016,0.25,5.0,0.6954594380108254,11.554540561989175,True,True
2,10,4,2,2.8000000000000016,0.5,5.0,0.7605620896645,11.7394379103355,True,True
2,10,4,2,2.8000000000000016,0.75,5.0,0.8234960210253446,11.926503978974655,True,True
2,10,4,2,2.8000000000000016,1.0,5.0,0.8843331397140117,12.115666860285987,True,True
2,10,4,2,2.9000000000000017,0.0,5.0,0.6052388119711853,11.394761188028815,True,True
2,10,4,2,2.9000000000000017,0.25,5.0,0.6700018963940204,11.57999810360598,True,True
2,10,4,2,2.9000000000000017,0.5,5.0,0.7325902504139146,11.767409749586086,True,True
2,10,4,2,2.9000000000000017,0.75,5.0,0.7930768207265384,11.956923179273462,True,True
2,10,4,2,2.9000000000000017,1.0,5.0,0.8515336228500825,12.148466377149918,True,True
2,10,4,2,3.0000000000000018,0.0,5.0,0.5839743969093592,11.416025603090642,True,True
2,10,4,2,3.0000000000000018,0.25,5.0,0.6463482497972182,11.603651750202783,True,True
2,10,4,2,3.0000000000000018,0.5,5.0,0.7066105434791368,11.793389456520863,True,True
2,10,4,2,3.0000000000000018,0.75,5.0,0.7648343755880669,11.985165624411934,True,True
2,10,4,2,3.0000000000000018,1.0,5.0,0.8210916541997255,12.178908345800274,True,True
2,10,4,3,1.1,0.0,5.0,2.6682617638669637,15.331738236133036,True,True
2,10,4,3,1.1,0.25,5.0,2.8842113333475083,15.365788666652492,True,True
2,10,4,3,1.1,0.5,5.0,3.0989653494125653,15.401034650587434,True,True
2,10,4,3,1.1,0.75,5.0,3.3124707123481567,15.437529287651843,True,True
2,10,4,3,1.1,1.0,5.0,3.524671937496196,15.475328062503804,True,True
2,10,4,3,1.2000000000000002,0.0,5.0,2.40454702086354,15.59545297913646,True,True
2,10,4,3,1.2000000000000002,0.25,5.0,2.5950210566955114,15.654978943304489,True,True
2,10,4,3,1.2000000000000002,0.5,5.0,2.783741421811218,15.716258578188782,True,True
2,10,4,3,1.2000000000000002,0.75,5.0,2.9706557712752506,15.77934422872475,True,True
2,10,4,3,1.2000000000000002,1.0,5.0,3.155711229775239,15.844288770224761,True,True
2,10,4,3,1.3000000000000003,0.0,5.0,2.1893748169044436,15.810625183095556,True,True
2,10,4,3,1.3000000000000003,0.25,5.0,2.3599704361325955,15.890029563867405,True,True
2,10,4,3,1.3000000000000003,0.5,5.0,2.528550408179451,15.971449591820548,True,True
2,10,4,3,1.3000000000000003,0.75,5.0,2.6950752825522617,16.05492471744774,True,True
2,10,4,3,1.3000000000000003,1.0,5.0,2.8595065058270066,16.140493494172993,True,True
2,10,4,3,1.4000000000000004,0.0,5.0,2.0102115298713894,15.98978847012861,True,True
2,10,4,3,1.4000000000000004,0.25,5.0,2.164813477458278,16.085186522541722,True,True
2,10,4,3,1.4000000000000004,0.5,5.0,2.3172876880689763,16.182712311931024,True,True
2,10,4,3,1.4000000000000004,0.75,5.0,2.467608772378057,16.282391227621943,True,True
2,10,4,3,1.4000000000000004,1.0,5.0,2.6157529719760095,16.384247028023992,True,True
2,10,4,3,1.5000000000000007,0.0,5.0,1.8585715714571487,16.141428428542852,True,True
2,10,4,3,1.5000000000000007,0.25,5.0,1.9999999999999991,16.25,True,True
2,10,4,3,1.5000000000000007,0.5,5.0,2.139268673336053,16.360731326663945,True,True
2,10,4,3,1.5000000000000007,0.75,5.0,2.276364567749657,16.473635432250344,True,True
2,10,4,3,1.5000000000000007,1.0,5.0,2.4112765606210864,16.588723439378914,True,True
2,10,4,3,1.6000000000000005,0.0,5.0,1.728480213875505,16.271519786124493,True,True
2,10,4,3,1.6000000000000005,0.25,5.0,1.8588541853331888,16.39114581466681,True,True
2,10,4,3,1.6000000000000005,0.5,5.0,1.9870804768330244,16.512919523166975,True,True
2,10,4,3,1.6000000000000005,0.75,5.0,2.1131562258610925,16.636843774138907,True,True
2,10,4,3,1.6000000000000005,1.0,5.0,2.2370804768330244,16.762919523166975,True,True
2,10,4,3,1.7000000000000006,0.0,5.0,1.615596722503172,16.38440327749683,True,True
2,10,4,3,1.7000000000000006,0.25,5.0,1.7365526386280106,16.513447361371988,True,True
2,10,4,3,1.7000000000000006,0.5,5.0,1.8553974373991178,16.64460256260088,True,True
2,10,4,3,1.7000000000000006,0.75,5.0,1.972136384757425,16.777863615242573,True,True
2,10,4,3,1.7000000000000006,1.0,5.0,2.0867765207744355,16.913223479225564,True,True
2,10,4,3,1.8000000000000005,0.0,5.0,1.5166852264521165,16.48331477354788,True,True
2,10,4,3,1.8000000000000005,0.25,5.0,1.6295152480532211,16.62048475194678,True,True
2,10,4,3,1.8000000000000005,0.5,5.0,1.740284071062785,16.759715928937215,True,True
2,10,4,3,1.8000000000000005,0.75,5.0,1.8490033882548147,16.900996611745185,True,True
2,10,4,3,1.8000000000000005,1.0,5.0,1.9556864681624822,17.044313531837517,True,True
2,10,4,3,1.9000000000000008,0.0,5.0,1.4292807822714613,16.570719217728538,True,True
2,10,4,3,1.9000000000000008,0.25,5.0,1.5350243568797994,16.7149756431202,True,True
2,10,4,3,1.9000000000000008,0.5,5.0,1.638763500413905,16.861236499586095,True,True
2,10,4,3,1.9000000000000008,0.75,5.0,1.7405149589441677,17.009485041055832,True,True
2,10,4,3,1.9000000000000008,1.0,5.0,1.8402968313661816,17.15970316863382,True,True
2,10,4,3,2.000000000000001,0.0,5.0,1.3514707296108215,16.64852927038918,True,True
2,10,4,3,2.000000000000001,0.25,5.0,1.450977260914585,16.799022739085416,True,True
2,10,4,3,2.000000000000001,0.5,5.0,1.5485390996253177,16.951460900374684,True,True
2,10,4,3,2.000000000000001,0.75,5.0,1.6441769519668856,17.105823048033116,True,True
2,10,4,3,2.000000000000001,1.0,5.0,1.737912651869987,17.262087348130013,True,True
2,10,4,3,2.100000000000001,0.0,5.0,1.2817470518627996,16.7182529481372,True,True
2,10,4,3,2.100000000000001,0.25,5.0,1.3757200795354994,16.874279920464502,True,True
2,10,4,3,2.100000000000001,0.5,5.0,1.467808791863309,17.03219120813669,True,True
2,10,4,3,2.100000000000001,0.75,5.0,1.558036989067575,17.191963010932426,True,True
2,10,4,3,2.100000000000001,1.0,5.0,1.6464293834860415,17.35357061651396,True,True
2,10,4,3,2.200000000000001,0.0,5.0,1.2189040267161237,16.781095973283875,True,True
2,10,4,3,2.200000000000001,0.25,5.0,1.3079331529716915,16.942066847028308,True,True
2,10,4,3,2.200000000000001,0.5,5.0,1.3951375800486714,17.104862419951328,True,True
2,10,4,3,2.200000000000001,0.75,5.0,1.480543515743583,17.269456484256416,True,True
2,10,4,3,2.200000000000001,1.0,5.0,1.5641778795595007,17.4358221204405,True,True
2,10,4,3,2.300000000000001,0.0,5.0,1.1619656412659394,16.83803435873406,True,True
2,10,4,3,2.300000000000001,0.25,5.0,1.2465501000458872,17.003449899954113,True,True
2,10,4,3,2.300000000000001,0.5,5.0,1.3293678886418236,17.170632111358177,True,True
2,10,4,3,2.300000000000001,0.75,5.0,1.4104470771505584,17.339552922849442,True,True
2,10,4,3,2.300000000000001,1.0,5.0,1.489816264388132,17.510183735611868,True,True
2,10,4,3,2.4000000000000012,0.0,5.0,1.1101330809702494,16.88986691902975,True,True
2,10,4,3,2.4000000000000012,0.25,5.0,1.1906994637208248,17.059300536279174,True,True
2,10,4,3,2.4000000000000012,0.5,5.0,1.2695551502438152,17.230444849756186,True,True
2,10,4,3,2.4000000000000012,0.75,5.0,1.3467296383342937,17.403270361665705,True,True
2,10,4,3,2.4000000000000012,1.0,5.0,1.422252789298243,17.57774721070176,True,True
2,10,4,3,2.5000000000000013,0.0,5.0,1.062746066806227,16.937253933193773,True,True
2,10,4,3,2.5000000000000013,0.25,5.0,1.1396618731577801,17.11033812684222,True,True
2,10,4,3,2.5000000000000013,0.5,5.0,1.2149206600059,17.2850793399941,True,True
2,10,4,3,2.5000000000000013,0.75,5.0,1.2885530051820648,17.461446994817933,True,True
2,10,4,3,2.5000000000000013,1.0,5.0,1.3605897019501452,17.639410298049853,True,True
2,10,4,3,2.6000000000000014,0.0,5.0,1.0192539388658846,16.980746061134116,True,True
2,10,4,3,2.6000000000000014,0.25,5.0,1.0928380867913283,17.15716191320867,True,True
2,10,4,3,2.6000000000000014,0.5,5.0,1.1648164951132784,17.33518350488672,True,True
2,10,4,3,2.6000000000000014,0.75,5.0,1.2352205425831944,17.514779457416807,True,True
2,10,4,3,2.6000000000000014,1.0,5.0,1.3040816912882214,17.69591830871178,True,True
2,10,4,3,2.700000000000002,0.0,5.0,0.9791937229893559,17.020806277010642,True,True
2,10,4,3,2.700000000000002,0.25,5.0,1.0497248068908238,17.200275193109178,True,True
2,10,4,3,2.700000000000002,0.5,5.0,1.1186990244146315,17.38130097558537,True,True
2,10,4,3,2.700000000000002,0.75,5.0,1.1861483304026876,17.563851669597312,True,True
2,10,4,3,2.700000000000002,1.0,5.0,1.2521046455609177,17.74789535443908,True,True
2,10,4,3,2.8000000000000016,0.0,5.0,0.9421732813014998,17.0578267186985,True,True
2,10,4,3,2.8000000000000016,0.25,5.0,1.0098961365681998,17.2401038634318,True,True
2,10,4,3,2.8000000000000016,0.5,5.0,1.0761086378640918,17.423891362135908,True,True
2,10,4,3,2.8000000000000016,0.75,5.0,1.14084313449675,17.60915686550325,True,True
2,10,4,3,2.8000000000000016,1.0,5.0,1.2041318373886511,17.79586816261135,True,True
2,10,4,3,2.9000000000000017,0.0,5.0,0.9078582179567771,17.09214178204322,True,True
2,10,4,3,2.9000000000000017,0.25,5.0,0.9729891945352644,17.277010805464734,True,True
2,10,4,3,2.9000000000000017,0.5,5.0,1.0366540481885256,17.463345951811476,True,True
2,10,4,3,2.9000000000000017,0.75,5.0,1.0988853756208723,17.651114624379126,True,True
2,10,4,3,2.9000000000000017,1.0,5.0,1.1597155427655697,17.840284457234432,True,True
2,10,4,3,3.0000000000000018,0.0,5.0,0.8759615953640392,17.12403840463596,True,True
2,10,4,3,3.0000000000000018,0.25,5.0,0.9386928349835291,17.311307165016473,True,True
2,10,4,3,3.0000000000000018,0.5,5.0,1.0,17.5,True,True
2,10,4,3,3.0000000000000018,0.75,5.0,1.0599158152187051,17.690084184781295,True,True
2,10,4,3,3.0000000000000018,1.0,5.0,1.1184726928798945,17.881527307120106,True,True
2,10,5,1,1.1,0.0,4.0,0.8894205879556547,5.110579412044345,True,True
2,10,5,1,1.1,0.25,4.0,1.1041569041160524,5.145843095883947,True,True
2,10,5,1,1.1,0.5,4.0,1.3149759221606099,5.18502407783939,True,True
2,10,5,1,1.1,0.75,4.0,1.5213334859110859,5.228666514088914,True,True
2,10,5,1,1.1,1.0,4.0,1.7226168367257133,5.277383163274287,True,True
2,10,5,1,1.2000000000000002,0.0,4.0,0.8015156736211799,5.19848432637882,True,True
2,10,5,1,1.2000000000000002,0.25,4.0,0.9902185904250835,5.2597814095749165,True,True
2,10,5,1,1.2000000000000002,0.5,4.0,1.1733440342704813,5.326655965729518,True,True
2,10,5,1,1.2000000000000002,0.75,4.0,1.3504115644572763,5.399588435542723,True,True
2,10,5,1,1.2000000000000002,1.0,4.0,1.5209429854936802,5.47905701450632,True,True
2,10,5,1,1.3000000000000003,0.0,4.0,0.7297916056348144,5.270208394365186,True,True
2,10,5,1,1.3000000000000003,0.25,4.0,0.8983584275174206,5.351641572482579,True,True
2,10,5,1,1.3000000000000003,0.5,4.0,1.0606463897375482,5.439353610262452,True,True
2,10,5,1,1.3000000000000003,0.75,4.0,1.216330092573028,5.533669907426972,True,True
2,10,5,1,1.3000000000000003,1.0,4.0,1.3651247559418587,5.634875244058142,True,True
2,10,5,1,1.4000000000000004,0.0,4.0,0.6700705099571298,5.32992949004287,True,True
2,10,5,1,1.4000000000000004,0.25,4.0,0.822536257459352,5.427463742540648,True,True
2,10,5,1,1.4000000000000004,0.5,4.0,0.9684748209022231,5.531525179097777,True,True
2,10,5,1,1.4000000000000004,0.75,4.0,1.1077053565978683,5.642294643402131,True,True
2,10,5,1,1.4000000000000004,1.0,4.0,1.2401011400633748,5.759898859936625,True,True
2,10,5,1,1.5000000000000007,0.0,4.0,0.6195238571523829,5.380476142847617,True,True
2,10,5,1,1.5000000000000007,0.25,4.0,0.7587881892498856,5.491211810750114,True,True
2,10,5,1,1.5000000000000007,0.5,4.0,0.8915047169858488,5.608495283014151,True,True
2,10,5,1,1.5000000000000007,0.75,4.0,1.0176091400307268,5.732390859969273,True,True
2,10,5,1,1.5000000000000007,1.0,4.0,1.1370921868736952,5.862907813126305,True,True
2,10,5,1,1.6000000000000005,0.0,4.0,0.5761600712918353,5.423839928708165,True,True
2,10,5,1,1.6000000000000005,0.25,4.0,0.7043854086203645,5.5456145913796355,True,True
2,10,5,1,1.6000000000000005,0.5,4.0,0.8261600712918353,5.673839928708165,True,True
2,10,5,1,1.6000000000000005,0.75,4.0,0.9415097082585264,5.808490291741474,True,True
2,10,5,1,1.6000000000000005,1.0,4.0,1.0505102572168217,5.949489742783179,True,True
2,10,5,1,1.7000000000000006,0.0,4.0,0.5385322408343907,5.461467759165609,True,True
2,10,5,1,1.7000000000000006,0.25,4.0,0.6573787949191416,5.592621205080858,True,True
2,10,5,1,1.7000000000000006,0.5,4.0,0.7699324013007933,5.730067598699207,True,True
2,10,5,1,1.7000000000000006,0.75,4.0,0.8762870960291194,5.873712903970881,True,True
2,10,5,1,1.7000000000000006,1.0,4.0,0.9765802848468645,6.0234197151531355,True,True
2,10,5,1,1.8000000000000005,0.0,4.0,0.5055617421507055,5.4944382578492945,True,True
2,10,5,1,1.8000000000000005,0.25,4.0,0.6163344627516048,5.633665537248396,True,True
2,10,5,1,1.8000000000000005,0.5,4.0,0.7210015157510798,5.77899848424892,True,True
2,10,5,1,1.8000000000000005,0.75,4.0,0.8197086489230059,5.930291351076994,True,True
2,10,5,1,1.8000000000000005,1.0,4.0,0.9126375506233289,6.087362449376672,True,True
2,10,5,1,1.9000000000000008,0.0,4.0,0.4764269274238204,5.52357307257618,True,True
2,10,5,1,1.9000000000000008,0.25,4.0,0.580171652981389,5.669828347018611,True,True
2,10,5,1,1.9000000000000008,0.5,4.0,0.6780101907380405,5.821989809261959,True,True
2,10,5,1,1.9000000000000008,0.75,4.0,0.7701272886942698,5.97987271130573,True,True
2,10,5,1,1.9000000000000008,1.0,4.0,0.8567364669289668,6.143263533071034,True,True
2,10,5,1,2.000000000000001,0.0,4.0,0.4504902432036073,5.549509756796393,True,True
2,10,5,1,2.000000000000001,0.25,4.0,0.548058983988962,5.7019410160110375,True,True
2,10,5,1,2.000000000000001,0.5,4.0,0.6399233727723623,5.860076627227638,True,True
2,10,5,1,2.000000000000001,0.75,4.0,0.7262974874478632,6.023702512552137,True,True
2,10,5,1,2.000000000000001,1.0,4.0,0.8074175964327477,6.192582403567252,True,True
2,10,5,1,2.100000000000001,0.0,4.0,0.4272490172876,5.5727509827123995,True,True
2,10,5,1,2.100000000000001,0.25,4.0,0.5193456630225248,5.730654336977475,True,True
2,10,5,1,2.100000000000001,0.5,4.0,0.6059365687314857,5.894063431268514,True,True
2,10,5,1,2.100000000000001,0.75,4.0,0.6872577628549768,6.062742237145024,True,True
2,10,5,1,2.100000000000001,1.0,4.0,0.7635615778725735,6.236438422127426,True,True
2,10,5,1,2.200000000000001,0.0,4.0,0.40630134223870806,5.593698657761292,True,True
2,10,5,1,2.200000000000001,0.25,4.0,0.4935145052478611,5.756485494752139,True,True
2,10,5,1,2.200000000000001,0.5,4.0,0.5754142206859223,5.924585779314078,True,True
2,10,5,1,2.200000000000001,0.75,4.0,0.6522528077826846,6.097747192217316,True,True
2,10,5,1,2.200000000000001,1.0,4.0,0.724293701677813,6.275706298322187,True,True
2,10,5,1,2.300000000000001,0.0,4.0,0.3873218804219798,5.61267811957802,True,True
2,10,5,1,2.300000000000001,0.25,4.0,0.4701490257168528,5.779850974283147,True,True
2,10,5,1,2.300000000000001,0.5,4.0,0.5478470741309605,5.95215292586904,True,True
2,10,5,1,2.300000000000001,0.75,4.0,0.6206802702095304,6.12931972979047,True,True
2,10,5,1,2.300000000000001,1.0,4.0,0.6889194403141912,6.311080559685809,True,True
2,10,5,1,2.4000000000000012,0.0,4.0,0.3700443603234165,5.6299556396765835,True,True
2,10,5,1,2.4000000000000012,0.25,4.0,0.44890987944476457,5.801090120555235,True,True
2,10,5,1,2.4000000000000012,0.5,4.0,0.5228219713410711,5.977178028658929,True,True
2,10,5,1,2.4000000000000012,0.75,4.0,0.5920534200839089,6.157946579916091,True,True
2,10,5,1,2.4000000000000012,1.0,4.0,0.6568796484613362,6.343120351538664,True,True
2,10,5,1,2.5000000000000013,0.0,4.0,0.3542486889354093,5.645751311064591,True,True
2,10,5,1,2.5000000000000013,0.25,4.0,0.4295176683940216,5.820482331605978,True,True
2,10,5,1,2.5000000000000013,0.5,4.0,0.49999999999999956,6.0,True,True
2,10,5,1,2.5000000000000013,0.75,4.0,0.5659743682194707,6.184025631780529,True,True
2,10,5,1,2.5000000000000013,1.0,4.0,0.6277186767309852,6.372281323269014,True,True
2,10,5,1,2.6000000000000014,0.0,4.0,0.3397513129552947,5.660248687044705,True,True
2,10,5,1,2.6000000000000014,0.25,4.0,0.4117401808610648,5.838259819138935,True,True
2,10,5,1,2.6000000000000014,0.5,4.0,0.47910039601132137,6.020899603988679,True,True
2,10,5,1,2.6000000000000014,0.75,4.0,0.5421144773190383,6.207885522680962,True,True
2,10,5,1,2.6000000000000014,1.0,4.0,0.6010612021213424,6.398938797878658,True,True
2,10,5,1,2.700000000000002,0.0,4.0,0.32639790766311894,5.673602092336881,True,True
2,10,5,1,2.700000000000002,0.25,4.0,0.3953827768008962,5.854617223199104,True,True
2,10,5,1,2.700000000000002,0.5,4.0,0.4598884928694651,6.0401115071305345,True,True
2,10,5,1,2.700000000000002,0.75,4.0,0.5201997864545298,6.22980021354547,True,True
2,10,5,1,2.700000000000002,1.0,4.0,0.5765950851282509,6.42340491487175,True,True
2,10,5,1,2.8000000000000016,0.0,4.0,0.31405776043383327,5.685942239566167,True,True
2,10,5,1,2.8000000000000016,0.25,4.0,0.38028104483225,5.86971895516775,True,True
2,10,5,1,2.8000000000000016,0.5,4.0,0.44216656985700586,6.057833430142994,True,True
2,10,5,1,2.8000000000000016,0.75,4.0,0.49999999999999956,6.25,True,True
2,10,5,1,2.8000000000000016,1.0,4.0,0.5540584818141023,6.445941518185897,True,True
2,10,5,1,2.9000000000000017,0.0,4.0,0.30261940598559267,5.697380594014407,True,True
2,10,5,1,2.9000000000000017,0.25,4.0,0.3662951252069573,5.883704874793043,True,True
2,10,5,1,2.9000000000000017,0.5,4.0,0.42576681142504125,6.074233188574959,True,True
2,10,5,1,2.9000000000000017,0.75,4.0,0.4813200555884456,6.268679944411554,True,True
2,10,5,1,2.9000000000000017,1.0,4.0,0.5332300160054477,6.466769983994553,True,True
2,10,5,1,3.0000000000000018,0.0,4.0,0.2919871984546796,5.708012801545321,True,True
2,10,5,1,3.0000000000000018,0.25,4.0,0.3533052717395684,5.896694728260432,True,True
2,10,5,1,3.0000000000000018,0.5,4.0,0.41054582709986276,6.089454172900137,True,True
2,10,5,1,3.0000000000000018,0.75,4.0,0.46399358754857145,6.286006412451428,True,True
2,10,5,1,3.0000000000000018,1.0,4.0,0.5139211888051802,6.48607881119482,True,True
2,10,5,2,1.1,0.0,4.0,1.7788411759113094,10.22115882408869,True,True
2,10,5,2,1.1,0.25,4.0,1.994494032754032,10.255505967245968,True,True
2,10,5,2,1.1,0.5,4.0,2.2083138082321048,10.291686191767894,True,True
2,10,5,2,1.1,0.75,4.0,2.420176995110906,10.329823004889095,True,True
2,10,5,2,1.1,1.0,4.0,2.6299518443212198,10.37004815567878,True,True
2,10,5,2,1.2000000000000002,0.0,4.0,1.6030313472423598,10.39696865275764,True,True
2,10,5,2,1.2000000000000002,0.25,4.0,1.7930691372091356,10.456930862790864,True,True
2,10,5,2,1.2000000000000002,0.5,4.0,1.980437180850167,10.519562819149833,True,True
2,10,5,2,1.2000000000000002,0.75,4.0,2.1650168250534145,10.584983174946586,True,True
2,10,5,2,1.2000000000000002,1.0,4.0,2.3466880685409626,10.653311931459037,True,True
2,10,5,2,1.3000000000000003,0.0,4.0,1.4595832112696288,10.540416788730372,True,True
2,10,5,2,1.3000000000000003,0.25,4.0,1.6296765753388005,10.6203234246612,True,True
2,10,5,2,1.3000000000000003,0.5,4.0,1.7967168550348411,10.703283144965159,True,True
2,10,5,2,1.3000000000000003,0.75,4.0,1.9606168215532254,10.789383178446775,True,True
2,10,5,2,1.3000000000000003,1.0,4.0,2.1212927794750964,10.878707220524904,True,True
2,10,5,2,1.4000000000000004,0.0,4.0,1.3401410199142596,10.65985898008574,True,True
2,10,5,2,1.4000000000000004,0.25,4.0,1.4942121157872679,10.755787884212733,True,True
2,10,5,2,1.4000000000000004,0.5,4.0,1.645072514918704,10.854927485081296,True,True
2,10,5,2,1.4000000000000004,0.75,4.0,1.792667858268799,10.9573321417312,True,True
2,10,5,2,1.4000000000000004,1.0,4.0,1.9369496418044463,11.063050358195554,True,True
2,10,5,2,1.5000000000000007,0.0,4.0,1.2390477143047658,10.760952285695234,True,True
2,10,5,2,1.5000000000000007,0.25,4.0,1.3799367759744223,10.870063224025579,True,True
2,10,5,2,1.5000000000000007,0.5,4.0,1.5175763784997711,10.982423621500228,True,True
2,10,5,2,1.5000000000000007,0.75,4.0,1.651940433716014,11.098059566283986,True,True
2,10,5,2,1.5000000000000007,1.0,4.0,1.7830094339716975,11.216990566028302,True,True
2,10,5,2,1.6000000000000005,0.0,4.0,1.1523201425836707,10.84767985741633,True,True
2,10,5,2,1.6000000000000005,0.25,4.0,1.2821573430473707,10.96784265695263,True,True
2,10,5,2,1.6000000000000005,0.5,4.0,1.408770817240729,11.091229182759271,True,True
2,10,5,2,1.6000000000000005,0.75,4.0,1.5321573430473707,11.21784265695263,True,True
2,10,5,2,1.6000000000000005,1.0,4.0,1.6523201425836707,11.34767985741633,True,True
2,10,5,2,1.7000000000000006,0.0,4.0,1.0770644816687813,10.922935518331219,True,True
2,10,5,2,1.7000000000000006,0.25,4.0,1.1974924269613805,11.05250757303862,True,True
2,10,5,2,1.7000000000000006,0.5,4.0,1.3147575898382833,11.185242410161717,True,True
2,10,5,2,1.7000000000000006,0.75,4.0,1.4288748083206881,11.321125191679311,True,True
2,10,5,2,1.7000000000000006,1.0,4.0,1.5398648026015866,11.460135197398413,True,True
2,10,5,2,1.8000000000000005,0.0,4.0,1.011123484301411,10.988876515698589,True,True
2,10,5,2,1.8000000000000005,0.25,4.0,1.1234377440643604,11.126562255935639,True,True
2,10,5,2,1.8000000000000005,0.5,4.0,1.2326689255032095,11.267331074496791,True,True
2,10,5,2,1.8000000000000005,0.75,4.0,1.3388459890287088,11.411154010971291,True,True
2,10,5,2,1.8000000000000005,1.0,4.0,1.4420030315021597,11.55799696849784,True,True
2,10,5,2,1.9000000000000008,0.0,4.0,0.9528538548476408,11.04714614515236,True,True
2,10,5,2,1.9000000000000008,0.25,4.0,1.0580956455798267,11.191904354420174,True,True
2,10,5,2,1.9000000000000008,0.5,4.0,1.160343305962778,11.339656694037222,True,True
2,10,5,2,1.9000000000000008,0.75,4.0,1.2596367881181996,11.4903632118818,True,True
2,10,5,2,1.9000000000000008,1.0,4.0,1.356020381476081,11.643979618523918,True,True
2,10,5,2,2.000000000000001,0.0,4.0,0.9009804864072146,11.099019513592786,True,True
2,10,5,2,2.000000000000001,0.25,4.0,1.0,11.25,True,True
2,10,5,2,2.000000000000001,0.5,4.0,1.096117967977924,11.403882032022075,True,True
2,10,5,2,2.000000000000001,0.75,4.0,1.1893828718271147,11.560617128172886,True,True
2,10,5,2,2.000000000000001,1.0,4.0,1.2798467455447247,11.720153254455276,True,True
2,10,5,2,2.100000000000001,0.0,4.0,0.8544980345752,11.145501965424799,True,True
2,10,5,2,2.100000000000001,0.25,4.0,0.9479990065951993,11.3020009934048,True,True
2,10,5,2,2.100000000000001,0.5,4.0,1.0386913260450497,11.46130867395495,True,True
2,10,5,2,2.100000000000001,0.75,4.0,1.1266300716544464,11.623369928345554,True,True
2,10,5,2,2.100000000000001,1.0,4.0,1.2118731374629714,11.788126862537029,True,True
2,10,5,2,2.200000000000001,0.0,4.0,0.8126026844774161,11.187397315522585,True,True
2,10,5,2,2.200000000000001,0.25,4.0,0.9011745556797868,11.348825444320212,True,True
2,10,5,2,2.200000000000001,0.5,4.0,0.9870290104957222,11.512970989504279,True,True
2,10,5,2,2.200000000000001,0.75,4.0,1.070226206519263,11.679773793480738,True,True
2,10,5,2,2.200000000000001,1.0,4.0,1.1508284413718446,11.849171558628155,True,True
2,10,5,2,2.300000000000001,0.0,4.0,0.7746437608439596,11.22535623915604,True,True
2,10,5,2,2.300000000000001,0.25,4.0,0.858785391351029,11.391214608648971,True,True
2,10,5,2,2.300000000000001,0.5,4.0,0.9402980514337056,11.559701948566294,True,True
2,10,5,2,2.300000000000001,0.75,4.0,1.0192457803900696,11.730754219609931,True,True
2,10,5,2,2.300000000000001,1.0,4.0,1.095694148261921,11.90430585173808,True,True
2,10,5,2,2.4000000000000012,0.0,4.0,0.740088720646833,11.259911279353167,True,True
2,10,5,2,2.4000000000000012,0.25,4.0,0.8202262065192629,11.429773793480738,True,True
2,10,5,2,2.4000000000000012,0.5,4.0,0.8978197588895291,11.60218024111047,True,True
2,10,5,2,2.4000000000000012,0.75,4.0,0.9729363511092659,11.777063648890735,True,True
2,10,5,2,2.4000000000000012,1.0,4.0,1.0456439426821422,11.954356057317858,True,True
2,10,5,2,2.5000000000000013,0.0,4.0,0.7084973778708186,11.291502622129181,True,True
2,10,5,2,2.5000000000000013,0.25,4.0,0.7849976591765424,11.465002340823457,True,True
2,10,5,2,2.5000000000000013,0.5,4.0,0.8590353367880432,11.640964663211957,True,True
2,10,5,2,2.5000000000000013,0.75,4.0,0.9306795649043575,11.819320435095642,True,True
2,10,5,2,2.5000000000000013,1.0,4.0,0.9999999999999991,12.0,True,True
2,10,5,2,2.6000000000000014,0.0,4.0,0.6795026259105894,11.32049737408941,True,True
2,10,5,2,2.6000000000000014,0.25,4.0,0.752684033291243,11.497315966708758,True,True
2,10,5,2,2.6000000000000014,0.5,4.0,0.8234803617221296,11.67651963827787,True,True
2,10,5,2,2.6000000000000014,0.75,4.0,0.8919623452800431,11.858037654719958,True,True
2,10,5,2,2.6000000000000014,1.0,4.0,0.9582007920226427,12.041799207977357,True,True
2,10,5,2,2.700000000000002,0.0,4.0,0.6527958153262379,11.347204184673762,True,True
2,10,5,2,2.700000000000002,0.25,4.0,0.7229363511092659,11.527063648890735,True,True
2,10,5,2,2.700000000000002,0.5,4.0,0.7907655536017923,11.709234446398208,True,True
2,10,5,2,2.700000000000002,0.75,4.0,0.8563552556071503,11.89364474439285,True,True
2,10,5,2,2.700000000000002,1.0,4.0,0.9197769857389302,12.080223014261069,True,True
2,10,5,2,2.8000000000000016,0.0,4.0,0.6281155208676665,11.371884479132333,True,True
2,10,5,2,2.8000000000000016,0.25,4.0,0.6954594380108254,11.554540561989175,True,True
2,10,5,2,2.8000000000000016,0.5,4.0,0.7605620896645,11.7394379103355,True,True
2,10,5,2,2.8000000000000016,0.75,4.0,0.8234960210253446,11.926503978974655,True,True
2,10,5,2,2.8000000000000016,1.0,4.0,0.8843331397140117,12.115666860285987,True,True
2,10,5,2,2.9000000000000017,0.0,4.0,0.6052388119711853,11.394761188028815,True,True
2,10,5,2,2.9000000000000017,0.25,4.0,0.6700018963940204,11.57999810360598,True,True
2,10,5,2,2.9000000000000017,0.5,4.0,0.7325902504139146,11.767409749586086,True,True
2,10,5,2,2.9000000000000017,0.75,4.0,0.7930768207265384,11.956923179273462,True,True
2,10,5,2,2.9000000000000017,1.0,4.0,0.8515336228500825,12.148466377149918,True,True
2,10,5,2,3.0000000000000018,0.0,4.0,0.5839743969093592,11.416025603090642,True,True
2,10,5,2,3.0000000000000018,0.25,4.0,0.6463482497972182,11.603651750202783,True,True
2,10,5,2,3.0000000000000018,0.5,4.0,0.7066105434791368,11.793389456520863,True,True
2,10,5,2,3.0000000000000018,0.75,4.0,0.7648343755880669,11.985165624411934,True,True
2,10,5,2,3.0000000000000018,1.0,4.0,0.8210916541997255,12.178908345800274,True,True
2,10,5,3,1.1,0.0,4.0,2.6682617638669637,15.331738236133036,True,True
2,10,5,3,1.1,0.25,4.0,2.8842113333475083,15.365788666652492,True,True
2,10,5,3,1.1,0.5,4.0,3.0989653494125653,15.401034650587434,True,True
2,10,5,3,1.1,0.75,4.0,3.3124707123481567,15.437529287651843,True,True
2,10,5,3,1.1,1.0,4.0,3.524671937496196,15.475328062503804,True,True
2,10,5,3,1.2000000000000002,0.0,4.0,2.40454702086354,15.59545297913646,True,True
2,10,5,3,1.2000000000000002,0.25,4.0,2.5950210566955114,15.654978943304489,True,True
2,10,5,3,1.2000000000000002,0.5,4.0,2.783741421811218,15.716258578188782,True,True
2,10,5,3,1.2000000000000002,0.75,4.0,2.9706557712752506,15.77934422872475,True,True
2,10,5,3,1.2000000000000002,1.0,4.0,3.155711229775239,15.844288770224761,True,True
2,10,5,3,1.3000000000000003,0.0,4.0,2.1893748169044436,15.810625183095556,True,True
2,10,5,3,1.3000000000000003,0.25,4.0,2.3599704361325955,15.890029563867405,True,True
2,10,5,3,1.3000000000000003,0.5,4.0,2.528550408179451,15.971449591820548,True,True
2,10,5,3,1.3000000000000003,0.75,4.0,2.6950752825522617,16.05492471744774,True,True
2,10,5,3,1.3000000000000003,1.0,4.0,2.8595065058270066,16.140493494172993,True,True
2,10,5,3,1.4000000000000004,0.0,4.0,2.0102115298713894,15.98978847012861,True,True
2,10,5,3,1.4000000000000004,0.25,4.0,2.164813477458278,16.085186522541722,True,True
2,10,5,3,1.4000000000000004,0.5,4.0,2.3172876880689763,16.182712311931024,True,True
2,10,5,3,1.4000000000000004,0.75,4.0,2.467608772378057,16.282391227621943,True,True
2,10,5,3,1.4000000000000004,1.0,4.0,2.6157529719760095,16.384247028023992,True,True
2,10,5,3,1.5000000000000007,0.0,4.0,1.8585715714571487,16.141428428542852,True,True
2,10,5,3,1.5000000000000007,0.25,4.0,1.9999999999999991,16.25,True,True
2,10,5,3,1.5000000000000007,0.5,4.0,2.139268673336053,16.360731326663945,True,True
2,10,5,3,1.5000000000000007,0.75,4.0,2.276364567749657,16.473635432250344,True,True
2,10,5,3,1.5000000000000007,1.0,4.0,2.4112765606210864,16.588723439378914,True,True
2,10,5,3,1.6000000000000005,0.0,4.0,1.728480213875505,16.271519786124493,True,True
2,10,5,3,1.6000000000000005,0.25,4.0,1.8588541853331888,16.39114581466681,True,True
2,10,5,3,1.6000000000000005,0.5,4.0,1.9870804768330244,16.512919523166975,True,True
2,10,5,3,1.6000000000000005,0.75,4.0,2.1131562258610925,16.636843774138907,True,True
2,10,5,3,1.6000000000000005,1.0,4.0,2.2370804768330244,16.762919523166975,True,True
2,10,5,3,1.7000000000000006,0.0,4.0,1.615596722503172,16.38440327749683,True,True
2,10,5,3,1.7000000000000006,0.25,4.0,1.7365526386280106,16.513447361371988,True,True
2,10,5,3,1.7000000000000006,0.5,4.0,1.8553974373991178,16.64460256260088,True,True
2,10,5,3,1.7000000000000006,0.75,4.0,1.972136384757425,16.777863615242573,True,True
2,10,5,3,1.7000000000000006,1.0,4.0,2.0867765207744355,16.913223479225564,True,True
2,10,5,3,1.8000000000000005,0.0,4.0,1.5166852264521165,16.48331477354788,True,True
2,10,5,3,1.8000000000000005,0.25,4.0,1.6295152480532211,16.62048475194678,True,True
2,10,5,3,1.8000000000000005,0.5,4.0,1.740284071062785,16.759715928937215,True,True
2,10,5,3,1.8000000000000005,0.75,4.0,1.8490033882548147,16.900996611745185,True,True
2,10,5,3,1.8000000000000005,1.0,4.0,1.9556864681624822,17.044313531837517,True,True
2,10,5,3,1.9000000000000008,0.0,4.0,1.4292807822714613,16.570719217728538,True,True
2,10,5,3,1.9000000000000008,0.25,4.0,1.5350243568797994,16.7149756431202,True,True
2,10,5,3,1.9000000000000008,0.5,4.0,1.638763500413905,16.861236499586095,True,True
2,10,5,3,1.9000000000000008,0.75,4.0,1.7405149589441677,17.009485041055832,True,True
2,10,5,3,1.9000000000000008,1.0,4.0,1.8402968313661816,17.15970316863382,True,True
2,10,5,3,2.000000000000001,0.0,4.0,1.3514707296108215,16.64852927038918,True,True
2,10,5,3,2.000000000000001,0.25,4.0,1.450977260914585,16.799022739085416,True,True
2,10,5,3,2.000000000000001,0.5,4.0,1.5485390996253177,16.951460900374684,True,True
2,10,5,3,2.000000000000001,0.75,4.0,1.6441769519668856,17.105823048033116,True,True
2,10,5,3,2.000000000000001,1.0,4.0,1.737912651869987,17.262087348130013,True,True
2,10,5,3,2.100000000000001,0.0,4.0,1.2817470518627996,16.7182529481372,True,True
2,10,5,3,2.100000000000001,0.25,4.0,1.3757200795354994,16.874279920464502,True,True
2,10,5,3,2.100000000000001,0.5,4.0,1.467808791863309,17.03219120813669,True,True
2,10,5,3,2.100000000000001,0.75,4.0,1.558036989067575,17.191963010932426,True,True
2,10,5,3,2.100000000000001,1.0,4.0,1.6464293834860415,17.35357061651396,True,True
2,10,5,3,2.200000000000001,0.0,4.0,1.2189040267161237,16.781095973283875,True,True
2,10,5,3,2.200000000000001,0.25,4.0,1.3079331529716915,16.942066847028308,True,True
2,10,5,3,2.200000000000001,0.5,4.0,1.3951375800486714,17.104862419951328,True,True
2,10,5,3,2.200000000000001,0.75,4.0,1.480543515743583,17.269456484256416,True,True
2,10,5,3,2.200000000000001,1.0,4.0,1.5641778795595007,17.4358221204405,True,True
2,10,5,3,2.300000000000001,0.0,4.0,1.1619656412659394,16.83803435873406,True,True
2,10,5,3,2.300000000000001,0.25,4.0,1.2465501000458872,17.003449899954113,True,True
2,10,5,3,2.300000000000001,0.5,4.0,1.3293678886418236,17.170632111358177,True,True
2,10,5,3,2.300000000000001,0.75,4.0,1.4104470771505584,17.339552922849442,True,True
2,10,5,3,2.300000000000001,1.0,4.0,1.489816264388132,17.510183735611868,True,True
2,10,5,3,2.4000000000000012,0.0,4.0,1.1101330809702494,16.88986691902975,True,True
2,10,5,3,2.4000000000000012,0.25,4.0,1.1906994637208248,17.059300536279174,True,True
2,10,5,3,2.4000000000000012,0.5,4.0,1.2695551502438152,17.230444849756186,True,True
2,10,5,3,2.4000000000000012,0.75,4.0,1.3467296383342937,17.403270361665705,True,True
2,10,5,3,2.4000000000000012,1.0,4.0,1.422252789298243,17.57774721070176,True,True
2,10,5,3,2.5000000000000013,0.0,4.0,1.062746066806227,16.937253933193773,True,True
2,10,5,3,2.5000000000000013,0.25,4.0,1.1396618731577801,17.11033812684222,True,True
2,10,5,3,2.5000000000000013,0.5,4.0,1.2149206600059,17.2850793399941,True,True
2,10,5,3,2.5000000000000013,0.75,4.0,1.2885530051820648,17.461446994817933,True,True
2,10,5,3,2.5000000000000013,1.0,4.0,1.3605897019501452,17.639410298049853,True,True
2,10,5,3,2.6000000000000014,0.0,4.0,1.0192539388658846,16.980746061134116,True,True
2,10,5,3,2.6000000000000014,0.25,4.0,1.0928380867913283,17.15716191320867,True,True
2,10,5,3,2.6000000000000014,0.5,4.0,1.1648164951132784,17.33518350488672,True,True
2,10,5,3,2.6000000000000014,0.75,4.0,1.2352205425831944,17.514779457416807,True,True
2,10,5,3,2.6000000000000014,1.0,4.0,1.3040816912882214,17.69591830871178,True,True
2,10,5,3,2.700000000000002,0.0,4.0,0.9791937229893559,17.020806277010642,True,True
2,10,5,3,2.700000000000002,0.25,4.0,1.0497248068908238,17.200275193109178,True,True
2,10,5,3,2.700000000000002,0.5,4.0,1.1186990244146315,17.38130097558537,True,True
2,10,5,3,2.700000000000002,0.75,4.0,1.1861483304026876,17.563851669597312,True,True
2,10,5,3,2.700000000000002,1.0,4.0,1.2521046455609177,17.74789535443908,True,True
2,10,5,3,2.8000000000000016,0.0,4.0,0.9421732813014998,17.0578267186985,True,True
2,10,5,3,2.8000000000000016,0.25,4.0,1.0098961365681998,17.2401038634318,True,True
2,10,5,3,2.8000000000000016,0.5,4.0,1.0761086378640918,17.423891362135908,True,True
2,10,5,3,2.8000000000000016,0.75,4.0,1.14084313449675,17.60915686550325,True,True
2,10,5,3,2.8000000000000016,1.0,4.0,1.2041318373886511,17.79586816261135,True,True
2,10,5,3,2.9000000000000017,0.0,4.0,0.9078582179567771,17.09214178204322,True,True
2,10,5,3,2.9000000000000017,0.25,4.0,0.9729891945352644,17.277010805464734,True,True
2,10,5,3,2.9000000000000017,0.5,4.0,1.0366540481885256,17.463345951811476,True,True
2,10,5,3,2.9000000000000017,0.75,4.0,1.0988853756208723,17.651114624379126,True,True
2,10,5,3,2.9000000000000017,1.0,4.0,1.1597155427655697,17.840284457234432,True,True
2,10,5,3,3.0000000000000018,0.0,4.0,0.8759615953640392,17.12403840463596,True,True
2,10,5,3,3.0000000000000018,0.25,4.0,0.9386928349835291,17.311307165016473,True,True
2,10,5,3,3.0000000000000018,0.5,4.0,1.0,17.5,True,True
2,10,5,3,3.0000000000000018,0.75,4.0,1.0599158152187051,17.690084184781295,True,True
2,10,5,3,3.0000000000000018,1.0,4.0,1.1184726928798945,17.881527307120106,True,True
2,10,6,1,1.1,0.0,3.0,0.8894205879556547,5.110579412044345,True,True
2,10,6,1,1.1,0.25,3.0,1.1041569041160524,5.145843095883947,True,True
2,10,6,1,1.1,0.5,3.0,1.3149759221606099,5.18502407783939,True,True
2,10,6,1,1.1,0.75,3.0,1.5213334859110859,5.228666514088914,True,True
2,10,6,1,1.1,1.0,3.0,1.7226168367257133,5.277383163274287,True,True
2,10,6,1,1.2000000000000002,0.0,3.0,0.8015156736211799,5.19848432637882,True,True
2,10,6,1,1.2000000000000002,0.25,3.0,0.9902185904250835,5.2597814095749165,True,True
2,10,6,1,1.2000000000000002,0.5,3.0,1.1733440342704813,5.326655965729518,True,True
2,10,6,1,1.2000000000000002,0.75,3.0,1.3504115644572763,5.399588435542723,True,True
2,10,6,1,1.2000000000000002,1.0,3.0,1.5209429854936802,5.47905701450632,True,True
2,10,6,1,1.3000000000000003,0.0,3.0,0.7297916056348144,5.270208394365186,True,True
2,10,6,1,1.3000000000000003,0.25,3.0,0.8983584275174206,5.351641572482579,True,True
2,10,6,1,1.3000000000000003,0.5,3.0,1.0606463897375482,5.439353610262452,True,True
2,10,6,1,1.3000000000000003,0.75,3.0,1.216330092573028,5.533669907426972,True,True
2,10,6,1,1.3000000000000003,1.0,3.0,1.3651247559418587,5.634875244058142,True,True
2,10,6,1,1.4000000000000004,0.0,3.0,0.6700705099571298,5.32992949004287,True,True
2,10,6,1,1.4000000000000004,0.25,3.0,0.822536257459352,5.427463742540648,True,True
2,10,6,1,1.4000000000000004,0.5,3.0,0.9684748209022231,5.531525179097777,True,True
2,10,6,1,1.4000000000000004,0.75,3.0,1.1077053565978683,5.642294643402131,True,True
2,10,6,1,1.4000000000000004,1.0,3.0,1.2401011400633748,5.759898859936625,True,True
2,10,6,1,1.5000000000000007,0.0,3.0,0.6195238571523829,5.380476142847617,True,True
2,10,6,1,1.5000000000000007,0.25,3.0,0.7587881892498856,5.491211810750114,True,True
2,10,6,1,1.5000000000000007,0.5,3.0,0.8915047169858488,5.608495283014151,True,True
2,10,6,1,1.5000000000000007,0.75,3.0,1.0176091400307268,5.732390859969273,True,True
2,10,6,1,1.5000000000000007,1.0,3.0,1.1370921868736952,5.862907813126305,True,True
2,10,6,1,1.6000000000000005,0.0,3.0,0.5761600712918353,5.423839928708165,True,True
2,10,6,1,1.6000000000000005,0.25,3.0,0.7043854086203645,5.5456145913796355,True,True
2,10,6,1,1.6000000000000005,0.5,3.0,0.8261600712918353,5.673839928708165,True,True
2,10,6,1,1.6000000000000005,0.75,3.0,0.9415097082585264,5.808490291741474,True,True
2,10,6,1,1.6000000000000005,1.0,3.0,1.0505102572168217,5.949489742783179,True,True
2,10,6,1,1.7000000000000006,0.0,3.0,0.5385322408343907,5.461467759165609,True,True
2,10,6,1,1.7000000000000006,0.25,3.0,0.6573787949191416,5.592621205080858,True,True
2,10,6,1,1.7000000000000006,0.5,3.0,0.7699324013007933,5.730067598699207,True,True
2,10,6,1,1.7000000000000006,0.75,3.0,0.8762870960291194,5.873712903970881,True,True
2,10,6,1,1.7000000000000006,1.0,3.0,0.9765802848468645,6.0234197151531355,True,True
2,10,6,1,1.8000000000000005,0.0,3.0,0.5055617421507055,5.4944382578492945,True,True
2,10,6,1,1.8000000000000005,0.25,3.0,0.6163344627516048,5.633665537248396,True,True
2,10,6,1,1.8000000000000005,0.5,3.0,0.7210015157510798,5.77899848424892,True,True
2,10,6,1,1.8000000000000005,0.75,3.0,0.8197086489230059,5.930291351076994,True,True
2,10,6,1,1.8000000000000005,1.0,3.0,0.9126375506233289,6.087362449376672,True,True
2,10,6,1,1.9000000000000008,0.0,3.0,0.4764269274238204,5.52357307257618,True,True
2,10,6,1,1.9000000000000008,0.25,3.0,0.580171652981389,5.669828347018611,True,True
2,10,6,1,1.9000000000000008,0.5,3.0,0.6780101907380405,5.821989809261959,True,True
2,10,6,1,1.9000000000000008,0.75,3.0,0.7701272886942698,5.97987271130573,True,True
2,10,6,1,1.9000000000000008,1.0,3.0,0.8567364669289668,6.143263533071034,True,True
2,10,6,1,2.000000000000001,0.0,3.0,0.4504902432036073,5.549509756796393,True,True
2,10,6,1,2.000000000000001,0.25,3.0,0.548058983988962,5.7019410160110375,True,True
2,10,6,1,2.000000000000001,0.5,3.0,0.6399233727723623,5.860076627227638,True,True
2,10,6,1,2.000000000000001,0.75,3.0,0.7262974874478632,6.023702512552137,True,True
2,10,6,1,2.000000000000001,1.0,3.0,0.8074175964327477,6.192582403567252,True,True
2,10,6,1,2.100000000000001,0.0,3.0,0.4272490172876,5.5727509827123995,True,True
2,10,6,1,2.100000000000001,0.25,3.0,0.5193456630225248,5.730654336977475,True,True
2,10,6,1,2.100000000000001,0.5,3.0,0.6059365687314857,5.894063431268514,True,True
2,10,6,1,2.100000000000001,0.75,3.0,0.6872577628549768,6.062742237145024,True,True
2,10,6,1,2.100000000000001,1.0,3.0,0.7635615778725735,6.236438422127426,True,True
2,10,6,1,2.200000000000001,0.0,3.0,0.40630134223870806,5.593698657761292,True,True
2,10,6,1,2.200000000000001,0.25,3.0,0.4935145052478611,5.756485494752139,True,True
2,10,6,1,2.200000000000001,0.5,3.0,0.5754142206859223,5.924585779314078,True,True
2,10,6,1,2.200000000000001,0.75,3.0,0.6522528077826846,6.097747192217316,True,True
2,10,6,1,2.200000000000001,1.0,3.0,0.724293701677813,6.275706298322187,True,True
2,10,6,1,2.300000000000001,0.0,3.0,0.3873218804219798,5.61267811957802,True,True
2,10,6,1,2.300000000000001,0.25,3.0,0.4701490257168528,5.779850974283147,True,True
2,10,6,1,2.300000000000001,0.5,3.0,0.5478470741309605,5.95215292586904,True,True
2,10,6,1,2.300000000000001,0.75,3.0,0.6206802702095304,6.12931972979047,True,True
2,10,6,1,2.300000000000001,1.0,3.0,0.6889194403141912,6.311080559685809,True,True
2,10,6,1,2.4000000000000012,0.0,3.0,0.3700443603234165,5.6299556396765835,True,True
2,10,6,1,2.4000000000000012,0.25,3.0,0.44890987944476457,5.801090120555235,True,True
2,10,6,1,2.4000000000000012,0.5,3.0,0.5228219713410711,5.977178028658929,True,True
2,10,6,1,2.4000000000000012,0.75,3.0,0.5920534200839089,6.157946579916091,True,True
2,10,6,1,2.4000000000000012,1.0,3.0,0.6568796484613362,6.343120351538664,True,True
2,10,6,1,2.5000000000000013,0.0,3.0,0.3542486889354093,5.645751311064591,True,True
2,10,6,1,2.5000000000000013,0.25,3.0,0.4295176683940216,5.820482331605978,True,True
2,10,6,1,2.5000000000000013,0.5,3.0,0.49999999999999956,6.0,True,True
2,10,6,1,2.5000000000000013,0.75,3.0,0.5659743682194707,6.184025631780529,True,True
2,10,6,1,2.5000000000000013,1.0,3.0,0.6277186767309852,6.372281323269014,True,True
2,10,6,1,2.6000000000000014,0.0,3.0,0.3397513129552947,5.660248687044705,True,True
2,10,6,1,2.6000000000000014,0.25,3.0,0.4117401808610648,5.838259819138935,True,True
2,10,6,1,2.6000000000000014,0.5,3.0,0.47910039601132137,6.020899603988679,True,True
2,10,6,1,2.6000000000000014,0.75,3.0,0.5421144773190383,6.207885522680962,True,True
2,10,6,1,2.6000000000000014,1.0,3.0,0.6010612021213424,6.398938797878658,True,True
2,10,6,1,2.700000000000002,0.0,3.0,0.32639790766311894,5.673602092336881,True,True
2,10,6,1,2.700000000000002,0.25,3.0,0.3953827768008962,5.854617223199104,True,True
2,10,6,1,2.700000000000002,0.5,3.0,0.4598884928694651,6.0401115071305345,True,True
2,10,6,1,2.700000000000002,0.75,3.0,0.5201997864545298,6.22980021354547,True,True
2,10,6,1,2.700000000000002,1.0,3.0,0.5765950851282509,6.42340491487175,True,True
2,10,6,1,2.8000000000000016,0.0,3.0,0.31405776043383327,5.685942239566167,True,True
2,10,6,1,2.8000000000000016,0.25,3.0,0.38028104483225,5.86971895516775,True,True
2,10,6,1,2.8000000000000016,0.5,3.0,0.44216656985700586,6.057833430142994,True,True
2,10,6,1,2.8000000000000016,0.75,3.0,0.49999999999999956,6.25,True,True
2,10,6,1,2.8000000000000016,1.0,3.0,0.5540584818141023,6.445941518185897,True,True
2,10,6,1,2.9000000000000017,0.0,3.0,0.30261940598559267,5.697380594014407,True,True
2,10,6,1,2.9000000000000017,0.25,3.0,0.3662951252069573,5.883704874793043,True,True
2,10,6,1,2.9000000000000017,0.5,3.0,0.42576681142504125,6.074233188574959,True,True
2,10,6,1,2.9000000000000017,0.75,3.0,0.4813200555884456,6.268679944411554,True,True
2,10,6,1,2.9000000000000017,1.0,3.0,0.5332300160054477,6.466769983994553,True,True
2,10,6,1,3.0000000000000018,0.0,3.0,0.2919871984546796,5.708012801545321,True,True
2,10,6,1,3.0000000000000018,0.25,3.0,0.3533052717395684,5.896694728260432,True,True
2,10,6,1,3.0000000000000018,0.5,3.0,0.41054582709986276,6.089454172900137,True,True
2,10,6,1,3.0000000000000018,0.75,3.0,0.46399358754857145,6.286006412451428,True,True
2,10,6,1,3.0000000000000018,1.0,3.0,0.5139211888051802,6.48607881119482,True,True
2,10,6,2,1.1,0.0,3.0,1.7788411759113094,10.22115882408869,True,True
2,10,6,2,1.1,0.25,3.0,1.994494032754032,10.255505967245968,True,True
2,10,6,2,1.1,0.5,3.0,2.2083138082321048,10.291686191767894,True,True
2,10,6,2,1.1,0.75,3.0,2.420176995110906,10.329823004889095,True,True
2,10,6,2,1.1,1.0,3.0,2.6299518443212198,10.37004815567878,True,True
2,10,6,2,1.2000000000000002,0.0,3.0,1.6030313472423598,10.39696865275764,True,True
2,10,6,2,1.2000000000000002,0.25,3.0,1.7930691372091356,10.456930862790864,True,True
2,10,6,2,1.2000000000000002,0.5,3.0,1.980437180850167,10.519562819149833,True,True
2,10,6,2,1.2000000000000002,0.75,3.0,2.1650168250534145,10.584983174946586,True,True
2,10,6,2,1.2000000000000002,1.0,3.0,2.3466880685409626,10.653311931459037,True,True
2,10,6,2,1.3000000000000003,0.0,3.0,1.4595832112696288,10.540416788730372,True,True
2,10,6,2,1.3000000000000003,0.25,3.0,1.6296765753388005,10.6203234246612,True,True
2,10,6,2,1.3000000000000003,0.5,3.0,1.7967168550348411,10.703283144965159,True,True
2,10,6,2,1.3000000000000003,0.75,3.0,1.9606168215532254,10.789383178446775,True,True
2,10,6,2,1.3000000000000003,1.0,3.0,2.1212927794750964,10.878707220524904,True,True
2,10,6,2,1.4000000000000004,0.0,3.0,1.3401410199142596,10.65985898008574,True,True
2,10,6,2,1.4000000000000004,0.25,3.0,1.4942121157872679,10.755787884212733,True,True
2,10,6,2,1.4000000000000004,0.5,3.0,1.645072514918704,10.854927485081296,True,True
2,10,6,2,1.4000000000000004,0.75,3.0,1.792667858268799,10.9573321417312,True,True
2,10,6,2,1.4000000000000004,1.0,3.0,1.9369496418044463,11.063050358195554,True,True
2,10,6,2,1.5000000000000007,0.0,3.0,1.2390477143047658,10.760952285695234,True,True
2,10,6,2,1.5000000000000007,0.25,3.0,1.3799367759744223,10.870063224025579,True,True
2,10,6,2,1.5000000000000007,0.5,3.0,1.5175763784997711,10.982423621500228,True,True
2,10,6,2,1.5000000000000007,0.75,3.0,1.651940433716014,11.098059566283986,True,True
2,10,6,2,1.5000000000000007,1.0,3.0,1.7830094339716975,11.216990566028302,True,True
2,10,6,2,1.6000000000000005,0.0,3.0,1.1523201425836707,10.84767985741633,True,True
2,10,6,2,1.6000000000000005,0.25,3.0,1.2821573430473707,10.96784265695263,True,True
2,10,6,2,1.6000000000000005,0.5,3.0,1.408770817240729,11.091229182759271,True,True
2,10,6,2,1.6000000000000005,0.75,3.0,1.5321573430473707,11.21784265695263,True,True
2,10,6,2,1.6000000000000005,1.0,3.0,1.6523201425836707,11.34767985741633,True,True
2,10,6,2,1.7000000000000006,0.0,3.0,1.0770644816687813,10.922935518331219,True,True
2,10,6,2,1.7000000000000006,0.25,3.0,1.1974924269613805,11.05250757303862,True,True
2,10,6,2,1.7000000000000006,0.5,3.0,1.3147575898382833,11.185242410161717,True,True
2,10,6,2,1.7000000000000006,0.75,3.0,1.4288748083206881,11.321125191679311,True,True
2,10,6,2,1.7000000000000006,1.0,3.0,1.5398648026015866,11.460135197398413,True,True
2,10,6,2,1.8000000000000005,0.0,3.0,1.011123484301411,10.988876515698589,True,True
2,10,6,2,1.8000000000000005,0.25,3.0,1.1234377440643604,11.126562255935639,True,True
2,10,6,2,1.8000000000000005,0.5,3.0,1.2326689255032095,11.267331074496791,True,True
2,10,6,2,1.8000000000000005,0.75,3.0,1.3388459890287088,11.411154010971291,True,True
2,10,6,2,1.8000000000000005,1.0,3.0,1.4420030315021597,11.55799696849784,True,True
2,10,6,2,1.9000000000000008,0.0,3.0,0.9528538548476408,11.04714614515236,True,True
2,10,6,2,1.9000000000000008,0.25,3.0,1.0580956455798267,11.191904354420174,True,True
2,10,6,2,1.9000000000000008,0.5,3.0,1.160343305962778,11.339656694037222,True,True
2,10,6,2,1.9000000000000008,0.75,3.0,1.2596367881181996,11.4903632118818,True,True
2,10,6,2,1.9000000000000008,1.0,3.0,1.356020381476081,11.643979618523918,True,True
2,10,6,2,2.000000000000001,0.0,3.0,0.9009804864072146,11.099019513592786,True,True
2,10,6,2,2.000000000000001,0.25,3.0,1.0,11.25,True,True
2,10,6,2,2.000000000000001,0.5,3.0,1.096117967977924,11.403882032022075,True,True
2,10,6,2,2.000000000000001,0.75,3.0,1.1893828718271147,11.560617128172886,True,True
2,10,6,2,2.000000000000001,1.0,3.0,1.2798467455447247,11.720153254455276,True,True
2,10,6,2,2.100000000000001,0.0,3.0,0.8544980345752,11.145501965424799,True,True
2,10,6,2,2.100000000000001,0.25,3.0,0.9479990065951993,11.3020009934048,True,True
2,10,6,2,2.100000000000001,0.5,3.0,1.0386913260450497,11.46130867395495,True,True
2,10,6,2,2.100000000000001,0.75,3.0,1.1266300716544464,11.623369928345554,True,True
2,10,6,2,2.100000000000001,1.0,3.0,1.2118731374629714,11.788126862537029,True,True
2,10,6,2,2.200000000000001,0.0,3.0,0.8126026844774161,11.187397315522585,True,True
2,10,6,2,2.200000000000001,0.25,3.0,0.9011745556797868,11.348825444320212,True,True
2,10,6,2,2.200000000000001,0.5,3.0,0.9870290104957222,11.512970989504279,True,True
2,10,6,2,2.200000000000001,0.75,3.0,1.070226206519263,11.679773793480738,True,True
2,10,6,2,2.200000000000001,1.0,3.0,1.1508284413718446,11.849171558628155,True,True
2,10,6,2,2.300000000000001,0.0,3.0,0.7746437608439596,11.22535623915604,True,True
2,10,6,2,2.300000000000001,0.25,3.0,0.858785391351029,11.391214608648971,True,True
2,10,6,2,2.300000000000001,0.5,3.0,0.9402980514337056,11.559701948566294,True,True
2,10,6,2,2.300000000000001,0.75,3.0,1.0192457803900696,11.730754219609931,True,True
2,10,6,2,2.300000000000001,1.0,3.0,1.095694148261921,11.90430585173808,True,True
2,10,6,2,2.4000000000000012,0.0,3.0,0.740088720646833,11.259911279353167,True,True
2,10,6,2,2.4000000000000012,0.25,3.0,0.8202262065192629,11.429773793480738,True,True
2,10,6,2,2.4000000000000012,0.5,3.0,0.8978197588895291,11.60218024111047,True,True
2,10,6,2,2.4000000000000012,0.75,3.0,0.9729363511092659,11.777063648890735,True,True
2,10,6,2,2.4000000000000012,1.0,3.0,1.0456439426821422,11.954356057317858,True,True
2,10,6,2,2.5000000000000013,0.0,3.0,0.7084973778708186,11.291502622129181,True,True
2,10,6,2,2.5000000000000013,0.25,3.0,0.7849976591765424,11.465002340823457,True,True
2,10,6,2,2.5000000000000013,0.5,3.0,0.8590353367880432,11.640964663211957,True,True
2,10,6,2,2.5000000000000013,0.75,3.0,0.9306795649043575,11.819320435095642,True,True
2,10,6,2,2.5000000000000013,1.0,3.0,0.9999999999999991,12.0,True,True
2,10,6,2,2.6000000000000014,0.0,3.0,0.6795026259105894,11.32049737408941,True,True
2,10,6,2,2.6000000000000014,0.25,3.0,0.752684033291243,11.497315966708758,True,True
2,10,6,2,2.6000000000000014,0.5,3.0,0.8234803617221296,11.67651963827787,True,True
2,10,6,2,2.6000000000000014,0.75,3.0,0.8919623452800431,11.858037654719958,True,True
2,10,6,2,2.6000000000000014,1.0,3.0,0.9582007920226427,12.041799207977357,True,True
2,10,6,2,2.700000000000002,0.0,3.0,0.6527958153262379,11.347204184673762,True,True
2,10,6,2,2.700000000000002,0.25,3.0,0.7229363511092659,11.527063648890735,True,True
2,10,6,2,2.700000000000002,0.5,3.0,0.7907655536017923,11.709234446398208,True,True
2,10,6,2,2.700000000000002,0.75,3.0,0.8563552556071503,11.89364474439285,True,True
2,10,6,2,2.700000000000002,1.0,3.0,0.9197769857389302,12.080223014261069,True,True
2,10,6,2,2.8000000000000016,0.0,3.0,0.6281155208676665,11.371884479132333,True,True
2,10,6,2,2.8000000000000016,0.25,3.0,0.6954594380108254,11.554540561989175,True,True
2,10,6,2,2.8000000000000016,0.5,3.0,0.7605620896645,11.7394379103355,True,True
2,10,6,2,2.8000000000000016,0.75,3.0,0.8234960210253446,11.926503978974655,True,True
2,10,6,2,2.8000000000000016,1.0,3.0,0.8843331397140117,12.115666860285987,True,True
2,10,6,2,2.9000000000000017,0.0,3.0,0.6052388119711853,11.394761188028815,True,True
2,10,6,2,2.9000000000000017,0.25,3.0,0.6700018963940204,11.57999810360598,True,True
2,10,6,2,2.9000000000000017,0.5,3.0,0.7325902504139146,11.767409749586086,True,True
2,10,6,2,2.9000000000000017,0.75,3.0,0.7930768207265384,11.956923179273462,True,True
2,10,6,2,2.9000000000000017,1.0,3.0,0.8515336228500825,12.148466377149918,True,True
2,10,6,2,3.0000000000000018,0.0,3.0,0.5839743969093592,11.416025603090642,True,True
2,10,6,2,3.0000000000000018,0.25,3.0,0.6463482497972182,11.603651750202783,True,True
2,10,6,2,3.0000000000000018,0.5,3.0,0.7066105434791368,11.793389456520863,True,True
2,10,6,2,3.0000000000000018,0.75,3.0,0.7648343755880669,11.985165624411934,True,True
2,10,6,2,3.0000000000000018,1.0,3.0,0.8210916541997255,12.178908345800274,True,True
2,10,6,3,1.1,0.0,3.0,2.6682617638669637,15.331738236133036,True,True
2,10,6,3,1.1,0.25,3.0,2.8842113333475083,15.365788666652492,True,True
2,10,6,3,1.1,0.5,3.0,3.0989653494125653,15.401034650587434,True,True
2,10,6,3,1.1,0.75,3.0,3.3124707123481567,15.437529287651843,True,True
2,10,6,3,1.1,1.0,3.0,3.524671937496196,15.475328062503804,True,True
2,10,6,3,1.2000000000000002,0.0,3.0,2.40454702086354,15.59545297913646,True,True
2,10,6,3,1.2000000000000002,0.25,3.0,2.5950210566955114,15.654978943304489,True,True
2,10,6,3,1.2000000000000002,0.5,3.0,2.783741421811218,15.716258578188782,True,True
2,10,6,3,1.2000000000000002,0.75,3.0,2.9706557712752506,15.77934422872475,True,True
2,10,6,3,1.2000000000000002,1.0,3.0,3.155711229775239,15.844288770224761,True,True
2,10,6,3,1.3000000000000003,0.0,3.0,2.1893748169044436,15.810625183095556,True,True
2,10,6,3,1.3000000000000003,0.25,3.0,2.3599704361325955,15.890029563867405,True,True
2,10,6,3,1.3000000000000003,0.5,3.0,2.528550408179451,15.971449591820548,True,True
2,10,6,3,1.3000000000000003,0.75,3.0,2.6950752825522617,16.05492471744774,True,True
2,10,6,3,1.3000000000000003,1.0,3.0,2.8595065058270066,16.140493494172993,True,True
2,10,6,3,1.4000000000000004,0.0,3.0,2.0102115298713894,15.98978847012861,True,True
2,10,6,3,1.4000000000000004,0.25,3.0,2.164813477458278,16.085186522541722,True,True
2,10,6,3,1.4000000000000004,0.5,3.0,2.3172876880689763,16.182712311931024,True,True
2,10,6,3,1.4000000000000004,0.75,3.0,2.467608772378057,16.282391227621943,True,True
2,10,6,3,1.4000000000000004,1.0,3.0,2.6157529719760095,16.384247028023992,True,True
2,10,6,3,1.5000000000000007,0.0,3.0,1.8585715714571487,16.141428428542852,True,True
2,10,6,3,1.5000000000000007,0.25,3.0,1.9999999999999991,16.25,True,True
2,10,6,3,1.5000000000000007,0.5,3.0,2.139268673336053,16.360731326663945,True,True
2,10,6,3,1.5000000000000007,0.75,3.0,2.276364567749657,16.473635432250344,True,True
2,10,6,3,1.5000000000000007,1.0,3.0,2.4112765606210864,16.588723439378914,True,True
2,10,6,3,1.6000000000000005,0.0,3.0,1.728480213875505,16.271519786124493,True,True
2,10,6,3,1.6000000000000005,0.25,3.0,1.8588541853331888,16.39114581466681,True,True
2,10,6,3,1.6000000000000005,0.5,3.0,1.9870804768330244,16.512919523166975,True,True
2,10,6,3,1.6000000000000005,0.75,3.0,2.1131562258610925,16.636843774138907,True,True
2,10,6,3,1.6000000000000005,1.0,3.0,2.2370804768330244,16.762919523166975,True,True
2,10,6,3,1.7000000000000006,0.0,3.0,1.615596722503172,16.38440327749683,True,True
2,10,6,3,1.7000000000000006,0.25,3.0,1.7365526386280106,16.513447361371988,True,True
2,10,6,3,1.7000000000000006,0.5,3.0,1.8553974373991178,16.64460256260088,True,True
2,10,6,3,1.7000000000000006,0.75,3.0,1.972136384757425,16.777863615242573,True,True
2,10,6,3,1.7000000000000006,1.0,3.0,2.0867765207744355,16.913223479225564,True,True
2,10,6,3,1.8000000000000005,0.0,3.0,1.5166852264521165,16.48331477354788,True,True
2,10,6,3,1.8000000000000005,0.25,3.0,1.6295152480532211,16.62048475194678,True,True
2,10,6,3,1.8000000000000005,0.5,3.0,1.740284071062785,16.759715928937215,True,True
2,10,6,3,1.8000000000000005,0.75,3.0,1.8490033882548147,16.900996611745185,True,True
2,10,6,3,1.8000000000000005,1.0,3.0,1.9556864681624822,17.044313531837517,True,True
2,10,6,3,1.9000000000000008,0.0,3.0,1.4292807822714613,16.570719217728538,True,True
2,10,6,3,1.9000000000000008,0.25,3.0,1.5350243568797994,16.7149756431202,True,True
2,10,6,3,1.9000000000000008,0.5,3.0,1.638763500413905,16.861236499586095,True,True
2,10,6,3,1.9000000000000008,0.75,3.0,1.7405149589441677,17.009485041055832,True,True
2,10,6,3,1.9000000000000008,1.0,3.0,1.8402968313661816,17.15970316863382,True,True
2,10,6,3,2.000000000000001,0.0,3.0,1.3514707296108215,16.64852927038918,True,True
2,10,6,3,2.000000000000001,0.25,3.0,1.450977260914585,16.799022739085416,True,True
2,10,6,3,2.000000000000001,0.5,3.0,1.5485390996253177,16.951460900374684,True,True
2,10,6,3,2.000000000000001,0.75,3.0,1.6441769519668856,17.105823048033116,True,True
2,10,6,3,2.000000000000001,1.0,3.0,1.737912651869987,17.262087348130013,True,True
2,10,6,3,2.100000000000001,0.0,3.0,1.2817470518627996,16.7182529481372,True,True
2,10,6,3,2.100000000000001,0.25,3.0,1.3757200795354994,16.874279920464502,True,True
2,10,6,3,2.100000000000001,0.5,3.0,1.467808791863309,17.03219120813669,True,True
2,10,6,3,2.100000000000001,0.75,3.0,1.558036989067575,17.191963010932426,True,True
2,10,6,3,2.100000000000001,1.0,3.0,1.6464293834860415,17.35357061651396,True,True
2,10,6,3,2.200000000000001,0.0,3.0,1.2189040267161237,16.781095973283875,True,True
2,10,6,3,2.200000000000001,0.25,3.0,1.3079331529716915,16.942066847028308,True,True
2,10,6,3,2.200000000000001,0.5,3.0,1.3951375800486714,17.104862419951328,True,True
2,10,6,3,2.200000000000001,0.75,3.0,1.480543515743583,17.269456484256416,True,True
2,10,6,3,2.200000000000001,1.0,3.0,1.5641778795595007,17.4358221204405,True,True
2,10,6,3,2.300000000000001,0.0,3.0,1.1619656412659394,16.83803435873406,True,True
2,10,6,3,2.300000000000001,0.25,3.0,1.2465501000458872,17.003449899954113,True,True
2,10,6,3,2.300000000000001,0.5,3.0,1.3293678886418236,17.170632111358177,True,True
2,10,6,3,2.300000000000001,0.75,3.0,1.4104470771505584,17.339552922849442,True,True
2,10,6,3,2.300000000000001,1.0,3.0,1.489816264388132,17.510183735611868,True,True
2,10,6,3,2.4000000000000012,0.0,3.0,1.1101330809702494,16.88986691902975,True,True
2,10,6,3,2.4000000000000012,0.25,3.0,1.1906994637208248,17.059300536279174,True,True
2,10,6,3,2.4000000000000012,0.5,3.0,1.2695551502438152,17.230444849756186,True,True
2,10,6,3,2.4000000000000012,0.75,3.0,1.3467296383342937,17.403270361665705,True,True
2,10,6,3,2.4000000000000012,1.0,3.0,1.422252789298243,17.57774721070176,True,True
2,10,6,3,2.5000000000000013,0.0,3.0,1.062746066806227,16.937253933193773,True,True
2,10,6,3,2.5000000000000013,0.25,3.0,1.1396618731577801,17.11033812684222,True,True
2,10,6,3,2.5000000000000013,0.5,3.0,1.2149206600059,17.2850793399941,True,True
2,10,6,3,2.5000000000000013,0.75,3.0,1.2885530051820648,17.461446994817933,True,True
2,10,6,3,2.5000000000000013,1.0,3.0,1.3605897019501452,17.639410298049853,True,True
2,10,6,3,2.6000000000000014,0.0,3.0,1.0192539388658846,16.980746061134116,True,True
2,10,6,3,2.6000000000000014,0.25,3.0,1.0928380867913283,17.15716191320867,True,True
2,10,6,3,2.6000000000000014,0.5,3.0,1.1648164951132784,17.33518350488672,True,True
2,10,6,3,2.6000000000000014,0.75,3.0,1.2352205425831944,17.514779457416807,True,True
2,10,6,3,2.6000000000000014,1.0,3.0,1.3040816912882214,17.69591830871178,True,True
2,10,6,3,2.700000000000002,0.0,3.0,0.9791937229893559,17.020806277010642,True,True
2,10,6,3,2.700000000000002,0.25,3.0,1.0497248068908238,17.200275193109178,True,True
2,10,6,3,2.700000000000002,0.5,3.0,1.1186990244146315,17.38130097558537,True,True
2,10,6,3,2.700000000000002,0.75,3.0,1.1861483304026876,17.563851669597312,True,True
2,10,6,3,2.700000000000002,1.0,3.0,1.2521046455609177,17.74789535443908,True,True
2,10,6,3,2.8000000000000016,0.0,3.0,0.9421732813014998,17.0578267186985,True,True
2,10,6,3,2.8000000000000016,0.25,3.0,1.0098961365681998,17.2401038634318,True,True
2,10,6,3,2.8000000000000016,0.5,3.0,1.0761086378640918,17.423891362135908,True,True
2,10,6,3,2.8000000000000016,0.75,3.0,1.14084313449675,17.60915686550325,True,True
2,10,6,3,2.8000000000000016,1.0,3.0,1.2041318373886511,17.79586816261135,True,True
2,10,6,3,2.9000000000000017,0.0,3.0,0.9078582179567771,17.09214178204322,True,True
2,10,6,3,2.9000000000000017,0.25,3.0,0.9729891945352644,17.277010805464734,True,True
2,10,6,3,2.9000000000000017,0.5,3.0,1.0366540481885256,17.463345951811476,True,True
2,10,6,3,2.9000000000000017,0.75,3.0,1.0988853756208723,17.651114624379126,True,True
2,10,6,3,2.9000000000000017,1.0,3.0,1.1597155427655697,17.840284457234432,True,True
2,10,6,3,3.0000000000000018,0.0,3.0,0.8759615953640392,17.12403840463596,True,True
2,10,6,3,3.0000000000000018,0.25,3.0,0.9386928349835291,17.311307165016473,True,True
2,10,6,3,3.0000000000000018,0.5,3.0,1.0,17.5,True,True
2,10,6,3,3.0000000000000018,0.75,3.0,1.0599158152187051,17.690084184781295,True,True
2,10,6,3,3.0000000000000018,1.0,3.0,1.1184726928798945,17.881527307120106,True,True
2,10,7,1,1.1,0.0,2.0,0.8894205879556547,5.110579412044345,True,True
2,10,7,1,1.1,0.25,2.0,1.1041569041160524,5.145843095883947,True,True
2,10,7,1,1.1,0.5,2.0,1.3149759221606099,5.18502407783939,True,True
2,10,7,1,1.1,0.75,2.0,1.5213334859110859,5.228666514088914,True,True
2,10,7,1,1.1,1.0,2.0,1.7226168367257133,5.277383163274287,True,True
2,10,7,1,1.2000000000000002,0.0,2.0,0.8015156736211799,5.19848432637882,True,True
2,10,7,1,1.2000000000000002,0.25,2.0,0.9902185904250835,5.2597814095749165,True,True
2,10,7,1,1.2000000000000002,0.5,2.0,1.1733440342704813,5.326655965729518,True,True
2,10,7,1,1.2000000000000002,0.75,2.0,1.3504115644572763,5.399588435542723,True,True
2,10,7,1,1.2000000000000002,1.0,2.0,1.5209429854936802,5.47905701450632,True,True
2,10,7,1,1.3000000000000003,0.0,2.0,0.7297916056348144,5.270208394365186,True,True
2,10,7,1,1.3000000000000003,0.25,2.0,0.8983584275174206,5.351641572482579,True,True
2,10,7,1,1.3000000000000003,0.5,2.0,1.0606463897375482,5.439353610262452,True,True
2,10,7,1,1.3000000000000003,0.75,2.0,1.216330092573028,5.533669907426972,True,True
2,10,7,1,1.3000000000000003,1.0,2.0,1.3651247559418587,5.634875244058142,True,True
2,10,7,1,1.4000000000000004,0.0,2.0,0.6700705099571298,5.32992949004287,True,True
2,10,7,1,1.4000000000000004,0.25,2.0,0.822536257459352,5.427463742540648,True,True
2,10,7,1,1.4000000000000004,0.5,2.0,0.9684748209022231,5.531525179097777,True,True
2,10,7,1,1.4000000000000004,0.75,2.0,1.1077053565978683,5.642294643402131,True,True
2,10,7,1,1.4000000000000004,1.0,2.0,1.2401011400633748,5.759898859936625,True,True
2,10,7,1,1.5000000000000007,0.0,2.0,0.6195238571523829,5.380476142847617,True,True
2,10,7,1,1.5000000000000007,0.25,2.0,0.7587881892498856,5.491211810750114,True,True
2,10,7,1,1.5000000000000007,0.5,2.0,0.8915047169858488,5.608495283014151,True,True
2,10,7,1,1.5000000000000007,0.75,2.0,1.0176091400307268,5.732390859969273,True,True
2,10,7,1,1.5000000000000007,1.0,2.0,1.1370921868736952,5.862907813126305,True,True
2,10,7,1,1.6000000000000005,0.0,2.0,0.5761600712918353,5.423839928708165,True,True
2,10,7,1,1.6000000000000005,0.25,2.0,0.7043854086203645,5.5456145913796355,True,True
2,10,7,1,1.6000000000000005,0.5,2.0,0.8261600712918353,5.673839928708165,True,True
2,10,7,1,1.6000000000000005,0.75,2.0,0.9415097082585264,5.808490291741474,True,True
2,10,7,1,1.6000000000000005,1.0,2.0,1.0505102572168217,5.949489742783179,True,True
2,10,7,1,1.7000000000000006,0.0,2.0,0.5385322408343907,5.461467759165609,True,True
2,10,7,1,1.7000000000000006,0.25,2.0,0.6573787949191416,5.592621205080858,True,True
2,10,7,1,1.7000000000000006,0.5,2.0,0.7699324013007933,5.730067598699207,True,True
2,10,7,1,1.7000000000000006,0.75,2.0,0.8762870960291194,5.873712903970881,True,True
2,10,7,1,1.7000000000000006,1.0,2.0,0.9765802848468645,6.0234197151531355,True,True
2,10,7,1,1.8000000000000005,0.0,2.0,0.5055617421507055,5.4944382578492945,True,True
2,10,7,1,1.8000000000000005,0.25,2.0,0.6163344627516048,5.633665537248396,True,True
2,10,7,1,1.8000000000000005,0.5,2.0,0.7210015157510798,5.77899848424892,True,True
2,10,7,1,1.8000000000000005,0.75,2.0,0.8197086489230059,5.930291351076994,True,True
2,10,7,1,1.8000000000000005,1.0,2.0,0.9126375506233289,6.087362449376672,True,True
2,10,7,1,1.9000000000000008,0.0,2.0,0.4764269274238204,5.52357307257618,True,True
2,10,7,1,1.9000000000000008,0.25,2.0,0.580171652981389,5.669828347018611,True,True
2,10,7,1,1.9000000000000008,0.5,2.0,0.6780101907380405,5.821989809261959,True,True
2,10,7,1,1.9000000000000008,0.75,2.0,0.7701272886942698,5.97987271130573,True,True
2,10,7,1,1.9000000000000008,1.0,2.0,0.8567364669289668,6.143263533071034,True,True
2,10,7,1,2.000000000000001,0.0,2.0,0.4504902432036073,5.549509756796393,True,True
2,10,7,1,2.000000000000001,0.25,2.0,0.548058983988962,5.7019410160110375,True,True
2,10,7,1,2.000000000000001,0.5,2.0,0.6399233727723623,5.860076627227638,True,True
2,10,7,1,2.000000000000001,0.75,2.0,0.7262974874478632,6.023702512552137,True,True
2,10,7,1,2.000000000000001,1.0,2.0,0.8074175964327477,6.192582403567252,True,True
2,10,7,1,2.100000000000001,0.0,2.0,0.4272490172876,5.5727509827123995,True,True
2,10,7,1,2.100000000000001,0.25,2.0,0.5193456630225248,5.730654336977475,True,True
2,10,7,1,2.100000000000001,0.5,2.0,0.6059365687314857,5.894063431268514,True,True
2,10,7,1,2.100000000000001,0.75,2.0,0.6872577628549768,6.062742237145024,True,True
2,10,7,1,2.100000000000001,1.0,2.0,0.7635615778725735,6.236438422127426,True,True
2,10,7,1,2.200000000000001,0.0,2.0,0.40630134223870806,5.593698657761292,True,True
2,10,7,1,2.200000000000001,0.25,2.0,0.4935145052478611,5.756485494752139,True,True
2,10,7,1,2.200000000000001,0.5,2.0,0.5754142206859223,5.924585779314078,True,True
2,10,7,1,2.200000000000001,0.75,2.0,0.6522528077826846,6.097747192217316,True,True
2,10,7,1,2.200000000000001,1.0,2.0,0.724293701677813,6.275706298322187,True,True
2,10,7,1,2.300000000000001,0.0,2.0,0.3873218804219798,5.61267811957802,True,True
2,10,7,1,2.300000000000001,0.25,2.0,0.4701490257168528,5.779850974283147,True,True
2,10,7,1,2.300000000000001,0.5,2.0,0.5478470741309605,5.95215292586904,True,True
2,10,7,1,2.300000000000001,0.75,2.0,0.6206802702095304,6.12931972979047,True,True
2,10,7,1,2.300000000000001,1.0,2.0,0.6889194403141912,6.311080559685809,True,True
2,10,7,1,2.4000000000000012,0.0,2.0,0.3700443603234165,5.6299556396765835,True,True
2,10,7,1,2.4000000000000012,0.25,2.0,0.44890987944476457,5.801090120555235,True,True
2,10,7,1,2.4000000000000012,0.5,2.0,0.5228219713410711,5.977178028658929,True,True
2,10,7,1,2.4000000000000012,0.75,2.0,0.5920534200839089,6.157946579916091,True,True
2,10,7,1,2.4000000000000012,1.0,2.0,0.6568796484613362,6.343120351538664,True,True
2,10,7,1,2.5000000000000013,0.0,2.0,0.3542486889354093,5.645751311064591,True,True
2,10,7,1,2.5000000000000013,0.25,2.0,0.4295176683940216,5.820482331605978,True,True
2,10,7,1,2.5000000000000013,0.5,2.0,0.49999999999999956,6.0,True,True
2,10,7,1,2.5000000000000013,0.75,2.0,0.5659743682194707,6.184025631780529,True,True
2,10,7,1,2.5000000000000013,1.0,2.0,0.6277186767309852,6.372281323269014,True,True
2,10,7,1,2.6000000000000014,0.0,2.0,0.3397513129552947,5.660248687044705,True,True
2,10,7,1,2.6000000000000014,0.25,2.0,0.4117401808610648,5.838259819138935,True,True
2,10,7,1,2.6000000000000014,0.5,2.0,0.47910039601132137,6.020899603988679,True,True
2,10,7,1,2.6000000000000014,0.75,2.0,0.5421144773190383,6.207885522680962,True,True
2,10,7,1,2.6000000000000014,1.0,2.0,0.6010612021213424,6.398938797878658,True,True
2,10,7,1,2.700000000000002,0.0,2.0,0.32639790766311894,5.673602092336881,True,True
2,10,7,1,2.700000000000002,0.25,2.0,0.3953827768008962,5.854617223199104,True,True
2,10,7,1,2.700000000000002,0.5,2.0,0.4598884928694651,6.0401115071305345,True,True
2,10,7,1,2.700000000000002,0.75,2.0,0.5201997864545298,6.22980021354547,True,True
2,10,7,1,2.700000000000002,1.0,2.0,0.5765950851282509,6.42340491487175,True,True
2,10,7,1,2.8000000000000016,0.0,2.0,0.31405776043383327,5.685942239566167,True,True
2,10,7,1,2.8000000000000016,0.25,2.0,0.38028104483225,5.86971895516775,True,True
2,10,7,1,2.8000000000000016,0.5,2.0,0.44216656985700586,6.057833430142994,True,True
2,10,7,1,2.8000000000000016,0.75,2.0,0.49999999999999956,6.25,True,True
2,10,7,1,2.8000000000000016,1.0,2.0,0.5540584818141023,6.445941518185897,True,True
2,10,7,1,2.9000000000000017,0.0,2.0,0.30261940598559267,5.697380594014407,True,True
2,10,7,1,2.9000000000000017,0.25,2.0,0.3662951252069573,5.883704874793043,True,True
2,10,7,1,2.9000000000000017,0.5,2.0,0.42576681142504125,6.074233188574959,True,True
2,10,7,1,2.9000000000000017,0.75,2.0,0.4813200555884456,6.268679944411554,True,True
2,10,7,1,2.9000000000000017,1.0,2.0,0.5332300160054477,6.466769983994553,True,True
2,10,7,1,3.0000000000000018,0.0,2.0,0.2919871984546796,5.708012801545321,True,True
2,10,7,1,3.0000000000000018,0.25,2.0,0.3533052717395684,5.896694728260432,True,True
2,10,7,1,3.0000000000000018,0.5,2.0,0.41054582709986276,6.089454172900137,True,True
2,10,7,1,3.0000000000000018,0.75,2.0,0.46399358754857145,6.286006412451428,True,True
2,10,7,1,3.0000000000000018,1.0,2.0,0.5139211888051802,6.48607881119482,True,True
2,10,7,2,1.1,0.0,2.0,1.7788411759113094,10.22115882408869,True,True
2,10,7,2,1.1,0.25,2.0,1.994494032754032,10.255505967245968,True,True
2,10,7,2,1.1,0.5,2.0,2.2083138082321048,10.291686191767894,True,True
2,10,7,2,1.1,0.75,2.0,2.420176995110906,10.329823004889095,True,True
2,10,7,2,1.1,1.0,2.0,2.6299518443212198,10.37004815567878,True,True
2,10,7,2,1.2000000000000002,0.0,2.0,1.6030313472423598,10.39696865275764,True,True
2,10,7,2,1.2000000000000002,0.25,2.0,1.7930691372091356,10.456930862790864,True,True
2,10,7,2,1.2000000000000002,0.5,2.0,1.980437180850167,10.519562819149833,True,True
2,10,7,2,1.2000000000000002,0.75,2.0,2.1650168250534145,10.584983174946586,True,True
2,10,7,2,1.2000000000000002,1.0,2.0,2.3466880685409626,10.653311931459037,True,True
2,10,7,2,1.3000000000000003,0.0,2.0,1.4595832112696288,10.540416788730372,True,True
2,10,7,2,1.3000000000000003,0.25,2.0,1.6296765753388005,10.6203234246612,True,True
2,10,7,2,1.3000000000000003,0.5,2.0,1.7967168550348411,10.703283144965159,True,True
2,10,7,2,1.3000000000000003,0.75,2.0,1.9606168215532254,10.789383178446775,True,True
2,10,7,2,1.3000000000000003,1.0,2.0,2.1212927794750964,10.878707220524904,True,True
2,10,7,2,1.4000000000000004,0.0,2.0,1.3401410199142596,10.65985898008574,True,True
2,10,7,2,1.4000000000000004,0.25,2.0,1.4942121157872679,10.755787884212733,True,True
2,10,7,2,1.4000000000000004,0.5,2.0,1.645072514918704,10.854927485081296,True,True
2,10,7,2,1.4000000000000004,0.75,2.0,1.792667858268799,10.9573321417312,True,True
2,10,7,2,1.4000000000000004,1.0,2.0,1.9369496418044463,11.063050358195554,True,True
2,10,7,2,1.5000000000000007,0.0,2.0,1.2390477143047658,10.760952285695234,True,True
2,10,7,2,1.5000000000000007,0.25,2.0,1.3799367759744223,10.870063224025579,True,True
2,10,7,2,1.5000000000000007,0.5,2.0,1.5175763784997711,10.982423621500228,True,True
2,10,7,2,1.5000000000000007,0.75,2.0,1.651940433716014,11.098059566283986,True,True
2,10,7,2,1.5000000000000007,1.0,2.0,1.7830094339716975,11.216990566028302,True,True
2,10,7,2,1.6000000000000005,0.0,2.0,1.1523201425836707,10.84767985741633,True,True
2,10,7,2,1.6000000000000005,0.25,2.0,1.2821573430473707,10.96784265695263,True,True
2,10,7,2,1.6000000000000005,0.5,2.0,1.408770817240729,11.091229182759271,True,True
2,10,7,2,1.6000000000000005,0.75,2.0,1.5321573430473707,11.21784265695263,True,True
2,10,7,2,1.6000000000000005,1.0,2.0,1.6523201425836707,11.34767985741633,True,True
2,10,7,2,1.7000000000000006,0.0,2.0,1.0770644816687813,10.922935518331219,True,True
2,10,7,2,1.7000000000000006,0.25,2.0,1.1974924269613805,11.05250757303862,True,True
2,10,7,2,1.7000000000000006,0.5,2.0,1.3147575898382833,11.185242410161717,True,True
2,10,7,2,1.7000000000000006,0.75,2.0,1.4288748083206881,11.321125191679311,True,True
2,10,7,2,1.7000000000000006,1.0,2.0,1.5398648026015866,11.460135197398413,True,True
2,10,7,2,1.8000000000000005,0.0,2.0,1.011123484301411,10.988876515698589,True,True
2,10,7,2,1.8000000000000005,0.25,2.0,1.1234377440643604,11.126562255935639,True,True
2,10,7,2,1.8000000000000005,0.5,2.0,1.2326689255032095,11.267331074496791,True,True
2,10,7,2,1.8000000000000005,0.75,2.0,1.3388459890287088,11.411154010971291,True,True
2,10,7,2,1.8000000000000005,1.0,2.0,1.4420030315021597,11.55799696849784,True,True
2,10,7,2,1.9000000000000008,0.0,2.0,0.9528538548476408,11.04714614515236,True,True
2,10,7,2,1.9000000000000008,0.25,2.0,1.0580956455798267,11.191904354420174,True,True
2,10,7,2,1.9000000000000008,0.5,2.0,1.160343305962778,11.339656694037222,True,True
2,10,7,2,1.9000000000000008,0.75,2.0,1.2596367881181996,11.4903632118818,True,True
2,10,7,2,1.9000000000000008,1.0,2.0,1.356020381476081,11.643979618523918,True,True
2,10,7,2,2.000000000000001,0.0,2.0,0.9009804864072146,11.099019513592786,True,True
2,10,7,2,2.000000000000001,0.25,2.0,1.0,11.25,True,True
2,10,7,2,2.000000000000001,0.5,2.0,1.096117967977924,11.403882032022075,True,True
2,10,7,2,2.000000000000001,0.75,2.0,1.1893828718271147,11.560617128172886,True,True
2,10,7,2,2.000000000000001,1.0,2.0,1.2798467455447247,11.720153254455276,True,True
2,10,7,2,2.100000000000001,0.0,2.0,0.8544980345752,11.145501965424799,True,True
2,10,7,2,2.100000000000001,0.25,2.0,0.9479990065951993,11.3020009934048,True,True
2,10,7,2,2.100000000000001,0.5,2.0,1.0386913260450497,11.46130867395495,True,True
2,10,7,2,2.100000000000001,0.75,2.0,1.1266300716544464,11.623369928345554,True,True
2,10,7,2,2.100000000000001,1.0,2.0,1.2118731374629714,11.788126862537029,True,True
2,10,7,2,2.200000000000001,0.0,2.0,0.8126026844774161,11.187397315522585,True,True
2,10,7,2,2.200000000000001,0.25,2.0,0.9011745556797868,11.348825444320212,True,True
2,10,7,2,2.200000000000001,0.5,2.0,0.9870290104957222,11.512970989504279,True,True
2,10,7,2,2.200000000000001,0.75,2.0,1.070226206519263,11.679773793480738,True,True
2,10,7,2,2.200000000000001,1.0,2.0,1.1508284413718446,11.849171558628155,True,True
2,10,7,2,2.300000000000001,0.0,2.0,0.7746437608439596,11.22535623915604,True,True
2,10,7,2,2.300000000000001,0.25,2.0,0.858785391351029,11.391214608648971,True,True
2,10,7,2,2.300000000000001,0.5,2.0,0.9402980514337056,11.559701948566294,True,True
2,10,7,2,2.300000000000001,0.75,2.0,1.0192457803900696,11.730754219609931,True,True
2,10,7,2,2.300000000000001,1.0,2.0,1.095694148261921,11.90430585173808,True,True
2,10,7,2,2.4000000000000012,0.0,2.0,0.740088720646833,11.259911279353167,True,True
2,10,7,2,2.4000000000000012,0.25,2.0,0.8202262065192629,11.429773793480738,True,True
2,10,7,2,2.4000000000000012,0.5,2.0,0.8978197588895291,11.60218024111047,True,True
2,10,7,2,2.4000000000000012,0.75,2.0,0.9729363511092659,11.777063648890735,True,True
2,10,7,2,2.4000000000000012,1.0,2.0,1.0456439426821422,11.954356057317858,True,True
2,10,7,2,2.5000000000000013,0.0,2.0,0.7084973778708186,11.291502622129181,True,True
2,10,7,2,2.5000000000000013,0.25,2.0,0.7849976591765424,11.465002340823457,True,True
2,10,7,2,2.5000000000000013,0.5,2.0,0.8590353367880432,11.640964663211957,True,True
2,10,7,2,2.5000000000000013,0.75,2.0,0.9306795649043575,11.819320435095642,True,True
2,10,7,2,2.5000000000000013,1.0,2.0,0.9999999999999991,12.0,True,True
2,10,7,2,2.6000000000000014,0.0,2.0,0.6795026259105894,11.32049737408941,True,True
2,10,7,2,2.6000000000000014,0.25,2.0,0.752684033291243,11.497315966708758,True,True
2,10,7,2,2.6000000000000014,0.5,2.0,0.8234803617221296,11.67651963827787,True,True
2,10,7,2,2.6000000000000014,0.75,2.0,0.8919623452800431,11.858037654719958,True,True
2,10,7,2,2.6000000000000014,1.0,2.0,0.9582007920226427,12.041799207977357,True,True
2,10,7,2,2.700000000000002,0.0,2.0,0.6527958153262379,11.347204184673762,True,True
2,10,7,2,2.700000000000002,0.25,2.0,0.7229363511092659,11.527063648890735,True,True
2,10,7,2,2.700000000000002,0.5,2.0,0.7907655536017923,11.709234446398208,True,True
2,10,7,2,2.700000000000002,0.75,2.0,0.8563552556071503,11.89364474439285,True,True
2,10,7,2,2.700000000000002,1.0,2.0,0.9197769857389302,12.080223014261069,True,True
2,10,7,2,2.8000000000000016,0.0,2.0,0.6281155208676665,11.371884479132333,True,True
2,10,7,2,2.8000000000000016,0.25,2.0,0.6954594380108254,11.554540561989175,True,True
2,10,7,2,2.8000000000000016,0.5,2.0,0.7605620896645,11.7394379103355,True,True
2,10,7,2,2.8000000000000016,0.75,2.0,0.8234960210253446,11.926503978974655,True,True
2,10,7,2,2.8000000000000016,1.0,2.0,0.8843331397140117,12.115666860285987,True,True
2,10,7,2,2.9000000000000017,0.0,2.0,0.6052388119711853,11.394761188028815,True,True
2,10,7,2,2.9000000000000017,0.25,2.0,0.6700018963940204,11.57999810360598,True,True
2,10,7,2,2.9000000000000017,0.5,2.0,0.7325902504139146,11.767409749586086,True,True
2,10,7,2,2.9000000000000017,0.75,2.0,0.7930768207265384,11.956923179273462,True,True
2,10,7,2,2.9000000000000017,1.0,2.0,0.8515336228500825,12.148466377149918,True,True
2,10,7,2,3.0000000000000018,0.0,2.0,0.5839743969093592,11.416025603090642,True,True
2,10,7,2,3.0000000000000018,0.25,2.0,0.6463482497972182,11.603651750202783,True,True
2,10,7,2,3.0000000000000018,0.5,2.0,0.7066105434791368,11.793389456520863,True,True
2,10,7,2,3.0000000000000018,0.75,2.0,0.7648343755880669,11.985165624411934,True,True
2,10,7,2,3.0000000000000018,1.0,2.0,0.8210916541997255,12.178908345800274,True,True
2,10,7,3,1.1,0.0,2.0,2.6682617638669637,15.331738236133036,True,True
2,10,7,3,1.1,0.25,2.0,2.8842113333475083,15.365788666652492,True,True
2,10,7,3,1.1,0.5,2.0,3.0989653494125653,15.401034650587434,True,True
2,10,7,3,1.1,0.75,2.0,3.3124707123481567,15.437529287651843,True,True
2,10,7,3,1.1,1.0,2.0,3.524671937496196,15.475328062503804,True,True
2,10,7,3,1.2000000000000002,0.0,2.0,2.40454702086354,15.59545297913646,True,True
2,10,7,3,1.2000000000000002,0.25,2.0,2.5950210566955114,15.654978943304489,True,True
2,10,7,3,1.2000000000000002,0.5,2.0,2.783741421811218,15.716258578188782,True,True
2,10,7,3,1.2000000000000002,0.75,2.0,2.9706557712752506,15.77934422872475,True,True
2,10,7,3,1.2000000000000002,1.0,2.0,3.155711229775239,15.844288770224761,True,True
2,10,7,3,1.3000000000000003,0.0,2.0,2.1893748169044436,15.810625183095556,True,True
2,10,7,3,1.3000000000000003,0.25,2.0,2.3599704361325955,15.890029563867405,True,True
2,10,7,3,1.3000000000000003,0.5,2.0,2.528550408179451,15.971449591820548,True,True
2,10,7,3,1.3000000000000003,0.75,2.0,2.6950752825522617,16.05492471744774,True,True
2,10,7,3,1.3000000000000003,1.0,2.0,2.8595065058270066,16.140493494172993,True,True
2,10,7,3,1.4000000000000004,0.0,2.0,2.0102115298713894,15.98978847012861,True,True
2,10,7,3,1.4000000000000004,0.25,2.0,2.164813477458278,16.085186522541722,True,True
2,10,7,3,1.4000000000000004,0.5,2.0,2.3172876880689763,16.182712311931024,True,True
2,10,7,3,1.4000000000000004,0.75,2.0,2.467608772378057,16.282391227621943,True,True
2,10,7,3,1.4000000000000004,1.0,2.0,2.6157529719760095,16.384247028023992,True,True
2,10,7,3,1.5000000000000007,0.0,2.0,1.8585715714571487,16.141428428542852,True,True
2,10,7,3,1.5000000000000007,0.25,2.0,1.9999999999999991,16.25,True,True
2,10,7,3,1.5000000000000007,0.5,2.0,2.139268673336053,16.360731326663945,True,True
2,10,7,3,1.5000000000000007,0.75,2.0,2.276364567749657,16.473635432250344,True,True
2,10,7,3,1.5000000000000007,1.0,2.0,2.4112765606210864,16.588723439378914,True,True
2,10,7,3,1.6000000000000005,0.0,2.0,1.728480213875505,16.271519786124493,True,True
2,10,7,3,1.6000000000000005,0.25,2.0,1.8588541853331888,16.39114581466681,True,True
2,10,7,3,1.6000000000000005,0.5,2.0,1.9870804768330244,16.512919523166975,True,True
2,10,7,3,1.6000000000000005,0.75,2.0,2.1131562258610925,16.636843774138907,True,True
2,10,7,3,1.6000000000000005,1.0,2.0,2.2370804768330244,16.762919523166975,True,True
2,10,7,3,1.7000000000000006,0.0,2.0,1.615596722503172,16.38440327749683,True,True
2,10,7,3,1.7000000000000006,0.25,2.0,1.7365526386280106,16.513447361371988,True,True
2,10,7,3,1.7000000000000006,0.5,2.0,1.8553974373991178,16.64460256260088,True,True
2,10,7,3,1.7000000000000006,0.75,2.0,1.972136384757425,16.777863615242573,True,True
2,10,7,3,1.7000000000000006,1.0,2.0,2.0867765207744355,16.913223479225564,True,True
2,10,7,3,1.8000000000000005,0.0,2.0,1.5166852264521165,16.48331477354788,True,True
2,10,7,3,1.8000000000000005,0.25,2.0,1.6295152480532211,16.62048475194678,True,True
2,10,7,3,1.8000000000000005,0.5,2.0,1.740284071062785,16.759715928937215,True,True
2,10,7,3,1.8000000000000005,0.75,2.0,1.8490033882548147,16.900996611745185,True,True
2,10,7,3,1.8000000000000005,1.0,2.0,1.9556864681624822,17.044313531837517,True,True
2,10,7,3,1.9000000000000008,0.0,2.0,1.4292807822714613,16.570719217728538,True,True
2,10,7,3,1.9000000000000008,0.25,2.0,1.5350243568797994,16.7149756431202,True,True
2,10,7,3,1.9000000000000008,0.5,2.0,1.638763500413905,16.861236499586095,True,True
2,10,7,3,1.9000000000000008,0.75,2.0,1.7405149589441677,17.009485041055832,True,True
2,10,7,3,1.9000000000000008,1.0,2.0,1.8402968313661816,17.15970316863382,True,True
2,10,7,3,2.000000000000001,0.0,2.0,1.3514707296108215,16.64852927038918,True,True
2,10,7,3,2.000000000000001,0.25,2.0,1.450977260914585,16.799022739085416,True,True
2,10,7,3,2.000000000000001,0.5,2.0,1.5485390996253177,16.951460900374684,True,True
2,10,7,3,2.000000000000001,0.75,2.0,1.6441769519668856,17.105823048033116,True,True
2,10,7,3,2.000000000000001,1.0,2.0,1.737912651869987,17.262087348130013,True,True
2,10,7,3,2.100000000000001,0.0,2.0,1.2817470518627996,16.7182529481372,True,True
2,10,7,3,2.100000000000001,0.25,2.0,1.3757200795354994,16.874279920464502,True,True
2,10,7,3,2.100000000000001,0.5,2.0,1.467808791863309,17.03219120813669,True,True
2,10,7,3,2.100000000000001,0.75,2.0,1.558036989067575,17.191963010932426,True,True
2,10,7,3,2.100000000000001,1.0,2.0,1.6464293834860415,17.35357061651396,True,True
2,10,7,3,2.200000000000001,0.0,2.0,1.2189040267161237,16.781095973283875,True,True
2,10,7,3,2.200000000000001,0.25,2.0,1.3079331529716915,16.942066847028308,True,True
2,10,7,3,2.200000000000001,0.5,2.0,1.3951375800486714,17.104862419951328,True,True
2,10,7,3,2.200000000000001,0.75,2.0,1.480543515743583,17.269456484256416,True,True
2,10,7,3,2.200000000000001,1.0,2.0,1.5641778795595007,17.4358221204405,True,True
2,10,7,3,2.300000000000001,0.0,2.0,1.1619656412659394,16.83803435873406,True,True
2,10,7,3,2.300000000000001,0.25,2.0,1.2465501000458872,17.003449899954113,True,True
2,10,7,3,2.300000000000001,0.5,2.0,1.3293678886418236,17.170632111358177,True,True
2,10,7,3,2.300000000000001,0.75,2.0,1.4104470771505584,17.339552922849442,True,True
2,10,7,3,2.300000000000001,1.0,2.0,1.489816264388132,17.510183735611868,True,True
2,10,7,3,2.4000000000000012,0.0,2.0,1.1101330809702494,16.88986691902975,True,True
2,10,7,3,2.4000000000000012,0.25,2.0,1.1906994637208248,17.059300536279174,True,True
2,10,7,3,2.4000000000000012,0.5,2.0,1.2695551502438152,17.230444849756186,True,True
2,10,7,3,2.4000000000000012,0.75,2.0,1.3467296383342937,17.403270361665705,True,True
2,10,7,3,2.4000000000000012,1.0,2.0,1.422252789298243,17.57774721070176,True,True
2,10,7,3,2.5000000000000013,0.0,2.0,1.062746066806227,16.937253933193773,True,True
2,10,7,3,2.5000000000000013,0.25,2.0,1.1396618731577801,17.11033812684222,True,True
2,10,7,3,2.5000000000000013,0.5,2.0,1.2149206600059,17.2850793399941,True,True
2,10,7,3,2.5000000000000013,0.75,2.0,1.2885530051820648,17.461446994817933,True,True
2,10,7,3,2.5000000000000013,1.0,2.0,1.3605897019501452,17.639410298049853,True,True
2,10,7,3,2.6000000000000014,0.0,2.0,1.0192539388658846,16.980746061134116,True,True
2,10,7,3,2.6000000000000014,0.25,2.0,1.0928380867913283,17.15716191320867,True,True
2,10,7,3,2.6000000000000014,0.5,2.0,1.1648164951132784,17.33518350488672,True,True
2,10,7,3,2.6000000000000014,0.75,2.0,1.2352205425831944,17.514779457416807,True,True
2,10,7,3,2.6000000000000014,1.0,2.0,1.3040816912882214,17.69591830871178,True,True
2,10,7,3,2.700000000000002,0.0,2.0,0.9791937229893559,17.020806277010642,True,True
2,10,7,3,2.700000000000002,0.25,2.0,1.0497248068908238,17.200275193109178,True,True
2,10,7,3,2.700000000000002,0.5,2.0,1.1186990244146315,17.38130097558537,True,True
2,10,7,3,2.700000000000002,0.75,2.0,1.1861483304026876,17.563851669597312,True,True
2,10,7,3,2.700000000000002,1.0,2.0,1.2521046455609177,17.74789535443908,True,True
2,10,7,3,2.8000000000000016,0.0,2.0,0.9421732813014998,17.0578267186985,True,True
2,10,7,3,2.8000000000000016,0.25,2.0,1.0098961365681998,17.2401038634318,True,True
2,10,7,3,2.8000000000000016,0.5,2.0,1.0761086378640918,17.423891362135908,True,True
2,10,7,3,2.8000000000000016,0.75,2.0,1.14084313449675,17.60915686550325,True,True
2,10,7,3,2.8000000000000016,1.0,2.0,1.2041318373886511,17.79586816261135,True,True
2,10,7,3,2.9000000000000017,0.0,2.0,0.9078582179567771,17.09214178204322,True,True
2,10,7,3,2.9000000000000017,0.25,2.0,0.9729891945352644,17.277010805464734,True,True
2,10,7,3,2.9000000000000017,0.5,2.0,1.0366540481885256,17.463345951811476,True,True
2,10,7,3,2.9000000000000017,0.75,2.0,1.0988853756208723,17.651114624379126,True,True
2,10,7,3,2.9000000000000017,1.0,2.0,1.1597155427655697,17.840284457234432,True,True
2,10,7,3,3.0000000000000018,0.0,2.0,0.8759615953640392,17.12403840463596,True,True
2,10,7,3,3.0000000000000018,0.25,2.0,0.9386928349835291,17.311307165016473,True,True
2,10,7,3,3.0000000000000018,0.5,2.0,1.0,17.5,True,True
2,10,7,3,3.0000000000000018,0.75,2.0,1.0599158152187051,17.690084184781295,True,True
2,10,7,3,3.0000000000000018,1.0,2.0,1.1184726928798945,17.881527307120106,True,True
3,5,4,1,1.1,0.0,5.0,0.8208625901427946,1.8458040765238724,True,False
3,5,4,1,1.1,0.25,5.0,0.9758432120129918,1.9408234546536751,True,False
3,5,4,1,1.1,0.5,5.0,1.0993734468580465,2.0672932198086205,True,False
3,5,4,1,1.1,0.75,5.0,1.1917216549300793,2.2249450117365877,True,False
3,5,4,1,1.1,1.0,5.0,1.2581741546635659,2.408492512003101,True,False
3,5,4,1,1.2000000000000002,0.0,5.0,0.7097237688710096,1.9569428977956573,True,False
3,5,4,1,1.2000000000000002,0.25,5.0,0.8333333333333331,2.083333333333334,True,False
3,5,4,1,1.2000000000000002,0.5,5.0,0.9324791936744449,2.234187472992222,True,False
3,5,4,1,1.2000000000000002,0.75,5.0,1.0098727244066577,2.406793942260009,True,False
3,5,4,1,1.2000000000000002,1.0,5.0,1.0695707175073599,2.597095949159307,True,False
3,5,4,1,1.3000000000000003,0.0,5.0,0.6292548606284109,2.0374118060382562,True,False
3,5,4,1,1.3000000000000003,0.25,5.0,0.7343360898668895,2.1823305767997776,True,False
3,5,4,1,1.3000000000000003,0.5,5.0,0.8192210893746841,2.3474455772919827,True,False
3,5,4,1,1.3000000000000003,0.75,5.0,0.8868632887254763,2.5298033779411906,True,False
3,5,4,1,1.3000000000000003,1.0,5.0,0.9405799816126311,2.7260866850540357,True,False
3,5,4,1,1.4000000000000004,0.0,5.0,0.5669772885985198,2.099689378068147,True,False
3,5,4,1,1.4000000000000004,0.25,5.0,0.6591832391608599,2.2574834275058073,True,False
3,5,4,1,1.4000000000000004,0.5,5.0,0.7340806272851517,2.4325860393815155,True,False
3,5,4,1,1.4000000000000004,0.75,5.0,0.7945119916891121,2.622154674977555,True,False
3,5,4,1,1.4000000000000004,1.0,5.0,0.8433036720813432,2.823362994585324,True,False
3,5,4,1,1.5000000000000007,0.0,5.0,0.516836752405607,2.14982991426106,True,False
3,5,4,1,1.5000000000000007,0.25,5.0,0.599352994662987,2.3173136720036798,True,False
3,5,4,1,1.5000000000000007,0.5,5.0,0.6666666666666662,2.500000000000001,True,False
3,5,4,1,1.5000000000000007,0.75,5.0,0.7214400598060821,2.695226606860585,True,False
3,5,4,1,1.5000000000000007,1.0,5.0,0.7661459604278582,2.900520706238809,True,False
3,5,4,1,1.6000000000000005,0.0,5.0,0.47536415491774975,2.1913025117489173,True,False
3,5,4,1,1.6000000000000005,0.25,5.0,0.5502293867623592,2.3664372799043076,True,False
3,5,4,1,1.6000000000000005,0.5,5.0,0.6115080175257829,2.555158649140884,True,False
3,5,4,1,1.6000000000000005,0.75,5.0,0.6616786094099605,2.7549880572567065,True,False
3,5,4,1,1.6000000000000005,1.0,5.0,0.7029450028124549,2.963721663854212,True,False
3,5,4,1,1.7000000000000006,0.0,5.0,0.44036882064818017,2.226297846018487,True,False
3,5,4,1,1.7000000000000006,0.25,5.0,0.508993607506651,2.407673059160016,True,False
3,5,4,1,1.7000000000000006,0.5,5.0,0.5653175136378201,2.601349153028847,True,False
3,5,4,1,1.7000000000000006,0.75,5.0,0.6116490108102226,2.805017655856444,True,False
3,5,4,1,1.7000000000000006,1.0,5.0,0.6499792876709114,3.016687378995756,True,False
3,5,4,1,1.8000000000000005,0.0,5.0,0.4103751263424359,2.256291540324231,True,False
3,5,4,1,1.8000000000000005,0.25,5.0,0.4737884111973729,2.442878255469294,True,False
3,5,4,1,1.8000000000000005,0.5,5.0,0.5259518716292062,2.6407147950374608,True,False
3,5,4,1,1.8000000000000005,0.75,5.0,0.5690210813991201,2.847645585267547,True,False
3,5,4,1,1.8000000000000005,1.0,5.0,0.6048142006946675,3.0618524659719997,True,False
3,5,4,1,1.9000000000000008,0.0,5.0,0.3843418711369456,2.2823247955297212,True,False
3,5,4,1,1.9000000000000008,0.25,5.0,0.44332353877914477,2.473343127887522,True,False
3,5,4,1,1.9000000000000008,0.5,5.0,0.4919328702766994,2.6747337963899676,True,False
3,5,4,1,1.9000000000000008,0.75,5.0,0.5321891846510671,2.8844774820156,True,False
3,5,4,1,1.9000000000000008,1.0,5.0,0.5657667093648606,3.1008999573018063,True,False
3,5,4,1,2.000000000000001,0.0,5.0,0.3615080175257831,2.3051586491408838,True,False
3,5,4,1,2.000000000000001,0.25,5.0,0.4166666666666663,2.500000000000001,True,False
3,5,4,1,2.000000000000001,0.5,5.0,0.4621979960771905,2.7044686705894767,True,False
3,5,4,1,2.000000000000001,0.75,5.0,0.4999999999999998,2.916666666666667,True,False
3,5,4,1,2.000000000000001,1.0,5.0,0.5316250540155574,3.1350416126511096,True,False
3,5,4,1,2.100000000000001,0.0,5.0,0.3413015878095399,2.325365078857127,True,False
3,5,4,1,2.100000000000001,0.25,5.0,0.3931232042753996,2.5235434623912676,True,False
3,5,4,1,2.100000000000001,0.5,5.0,0.4359588286626679,2.7307078380039993,True,False
3,5,4,1,2.100000000000001,0.75,5.0,0.4715981600286807,2.9450685066379862,True,False
3,5,4,1,2.100000000000001,1.0,5.0,0.5014889265764764,3.165177740090191,True,False
3,5,4,1,2.200000000000001,0.0,5.0,0.32328282954551746,2.3433838371211495,True,False
3,5,4,1,2.200000000000001,0.25,5.0,0.3721628061409339,2.544503860525733,True,False
3,5,4,1,2.200000000000001,0.5,5.0,0.4126152596363357,2.7540514070303312,True,False
3,5,4,1,2.200000000000001,0.75,5.0,0.4463328570972098,2.970333809569457,True,False
3,5,4,1,2.200000000000001,1.0,5.0,0.47467237637622817,3.191994290290439,True,False
3,5,4,1,2.300000000000001,0.0,5.0,0.3071071903130156,2.3595594763536516,True,False
3,5,4,1,2.300000000000001,0.25,5.0,0.35337224367368547,2.5632944229929815,True,False
3,5,4,1,2.300000000000001,0.5,5.0,0.391700872083089,2.774965794583578,True,False
3,5,4,1,2.300000000000001,0.75,5.0,0.42369842965494087,2.992968237011726,True,False
3,5,4,1,2.300000000000001,1.0,5.0,0.4506418461272135,3.2160248205394533,True,False
3,5,4,1,2.4000000000000012,0.0,5.0,0.2925003336002667,2.3741663330664,True,False
3,5,4,1,2.4000000000000012,0.25,5.0,0.3364239985136448,2.580242668153022,True,False
3,5,4,1,2.4000000000000012,0.5,5.0,0.37284674613883717,2.79381992052783,True,False
3,5,4,1,2.4000000000000012,0.75,5.0,0.4032950197195144,3.0133716469471525,True,False
3,5,4,1,2.4000000000000012,1.0,5.0,0.42897503780393986,3.237691628862727,True,False
3,5,4,1,2.5000000000000013,0.0,5.0,0.2792407799438734,2.3874258867227933,True,False
3,5,4,1,2.5000000000000013,0.25,5.0,0.3210546613369847,2.5956120053296825,True,False
3,5,4,1,2.5000000000000013,0.5,5.0,0.3557566781119801,2.8109099885546867,True,False
3,5,4,1,2.5000000000000013,0.75,5.0,0.38480165214428386,3.031865014522383,True,False
3,5,4,1,2.5000000000000013,1.0,5.0,0.4093327091137444,3.2573339575529223,True,False
3,5,4,1,2.6000000000000014,0.0,5.0,0.26714754429272847,2.3995191223739383,True,False
3,5,4,1,2.6000000000000014,0.25,5.0,0.3070496759191146,2.6096169907475524,True,False
3,5,4,1,2.6000000000000014,0.5,5.0,0.34018974431958493,2.826476922347082,True,False
3,5,4,1,2.6000000000000014,0.75,5.0,0.36795730177244845,3.0487093648942185,True,False
3,5,4,1,2.6000000000000014,1.0,5.0,0.3914388056164724,3.275227861050195,True,False
3,5,4,1,2.700000000000002,0.0,5.0,0.2560711427963711,2.410595523870296,True,False
3,5,4,1,2.700000000000002,0.25,5.0,0.29423231845554065,2.6224343482111263,True,False
3,5,4,1,2.700000000000002,0.5,5.0,0.3259477446937469,2.84071892197292,True,False
3,5,4,1,2.700000000000002,0.75,5.0,0.35254726459035823,3.064119402076309,True,False
3,5,4,1,2.700000000000002,1.0,5.0,0.37506613906592334,3.2916005276007434,True,False
3,5,4,1,2.8000000000000016,0.0,5.0,0.24588692888864405,2.420779737778023,True,False
3,5,4,1,2.8000000000000016,0.25,5.0,0.2824555794560468,2.63421108721062,True,False
3,5,4,1,2.8000000000000016,0.5,5.0,0.3128659777561418,2.853800688910525,True,False
3,5,4,1,2.8000000000000016,0.75,5.0,0.3383931481022,3.078273518564467,True,False
3,5,4,1,2.8000000000000016,1.0,5.0,0.36002585672333476,3.306640809943332,True,False
3,5,4,1,2.9000000000000017,0.0,5.0,0.2364900746588694,2.430176592007798,True,False
3,5,4,1,2.9000000000000017,0.25,5.0,0.2715960808155695,2.6450705858510974,True,False
3,5,4,1,2.9000000000000017,0.5,5.0,0.30080634378215687,2.86586032288451,True,False
3,5,4,1,2.9000000000000017,0.75,5.0,0.3253453900232708,3.091321276643396,True,False
3,5,4,1,2.9000000000000017,1.0,5.0,0.34615956280253557,3.3205071038641316,True,False
3,5,4,1,3.0000000000000018,0.0,5.0,0.22779173654820006,2.438874930118467,True,False
3,5,4,1,3.0000000000000018,0.25,5.0,0.26154944863791063,2.6551172180287566,True,False
3,5,4,1,3.0000000000000018,0.5,5.0,0.2896521086449977,2.8770145580216693,True,False
3,5,4,1,3.0000000000000018,0.75,5.0,0.31327757976806603,3.103389086898601,True,False
3,5,4,1,3.0000000000000018,1.0,5.0,0.33333333333333326,3.333333333333334,True,False
3,5,4,2,1.1,0.0,5.0,1.6417251802855892,3.6916081530477447,True,False
3,5,4,2,1.1,0.25,5.0,1.8041339028578087,3.779199430475525,True,False
3,5,4,2,1.1,0.5,5.0,1.9516864240259837,3.8816469093073502,True,False
3,5,4,2,1.1,0.75,5.0,2.083333333333332,4.000000000000002,True,False
3,5,4,2,1.1,1.0,5.0,2.198746893716093,4.134586439617241,True,False
3,5,4,2,1.2000000000000002,0.0,5.0,1.4194475377420193,3.9138857955913147,True,False
3,5,4,2,1.2000000000000002,0.25,5.0,1.549329040343702,4.034004292989632,True,False
3,5,4,2,1.2000000000000002,0.5,5.0,1.6666666666666663,4.166666666666668,True,False
3,5,4,2,1.2000000000000002,0.75,5.0,1.7716874454893188,4.311645887844016,True,False
3,5,4,2,1.2000000000000002,1.0,5.0,1.8649583873488897,4.468374945984444,True,False
3,5,4,2,1.3000000000000003,0.0,5.0,1.2585097212568217,4.0748236120765124,True,False
3,5,4,2,1.3000000000000003,0.25,5.0,1.3689326758774498,4.214400657455884,True,False
3,5,4,2,1.3000000000000003,0.5,5.0,1.468672179733779,4.364661153599555,True,False
3,5,4,2,1.3000000000000003,0.75,5.0,1.558273913607295,4.525059419726039,True,False
3,5,4,2,1.3000000000000003,1.0,5.0,1.6384421787493681,4.694891154583965,True,False
3,5,4,2,1.4000000000000004,0.0,5.0,1.1339545771970396,4.199378756136294,True,False
3,5,4,2,1.4000000000000004,0.25,5.0,1.2308143608302298,4.352518972503104,True,False
3,5,4,2,1.4000000000000004,0.5,5.0,1.3183664783217197,4.514966855011615,True,False
3,5,4,2,1.4000000000000004,0.75,5.0,1.3972466888349497,4.686086644498384,True,False
3,5,4,2,1.4000000000000004,1.0,5.0,1.4681612545703033,4.865172078763031,True,False
3,5,4,2,1.5000000000000007,0.0,5.0,1.033673504811214,4.29965982852212,True,False
3,5,4,2,1.5000000000000007,0.25,5.0,1.1203190733223676,4.463014260010967,True,False
3,5,4,2,1.5000000000000007,0.5,5.0,1.198705989325974,4.6346273440073595,True,False
3,5,4,2,1.5000000000000007,0.75,5.0,1.269485806821938,4.813847526511396,True,False
3,5,4,2,1.5000000000000007,1.0,5.0,1.3333333333333324,5.000000000000002,True,True
3,5,4,2,1.6000000000000005,0.0,5.0,0.9507283098354995,4.382605023497835,True,False
3,5,4,2,1.6000000000000005,0.25,5.0,1.029309501453616,4.554023831879718,True,False
3,5,4,2,1.6000000000000005,0.5,5.0,1.1004587735247184,4.732874559808615,True,False
3,5,4,2,1.6000000000000005,0.75,5.0,1.1648157284074645,4.918517604925869,True,False
3,5,4,2,1.6000000000000005,1.0,5.0,1.2230160350515658,5.110317298281768,True,True
3,5,4,2,1.7000000000000006,0.0,5.0,0.8807376412963603,4.452595692036974,True,False
3,5,4,2,1.7000000000000006,0.25,5.0,0.9527435927194645,4.630589740613869,True,False
3,5,4,2,1.7000000000000006,0.5,5.0,1.017987215013302,4.815346118320032,True,False
3,5,4,2,1.7000000000000006,0.75,5.0,1.077085477617455,5.006247855715879,True,True
3,5,4,2,1.7000000000000006,1.0,5.0,1.1306350272756402,5.202698306057694,True,True
3,5,4,2,1.8000000000000005,0.0,5.0,0.8207502526848718,4.512583080648462,True,False
3,5,4,2,1.8000000000000005,0.25,5.0,0.8872675196622597,4.6960658136710745,True,False
3,5,4,2,1.8000000000000005,0.5,5.0,0.9475768223947458,4.885756510938588,True,False
3,5,4,2,1.8000000000000005,0.75,5.0,1.0022688343351422,5.081064498998192,True,True
3,5,4,2,1.8000000000000005,1.0,5.0,1.0519037432584124,5.2814295900749215,True,True
3,5,4,2,1.9000000000000008,0.0,5.0,0.7686837422738912,4.5646495910594425,True,False
3,5,4,2,1.9000000000000008,0.25,5.0,0.8305357794678678,4.7527975538654665,True,False
3,5,4,2,1.9000000000000008,0.5,5.0,0.8866470775582895,4.946686255775044,True,False
3,5,4,2,1.9000000000000008,0.75,5.0,0.9375814241913667,5.145751909141968,True,True
3,5,4,2,1.9000000000000008,1.0,5.0,0.9838657405533988,5.349467592779935,True,True
3,5,4,2,2.000000000000001,0.0,5.0,0.7230160350515662,4.6103172982817675,True,False
3,5,4,2,2.000000000000001,0.25,5.0,0.7808452479977239,4.80248808533561,True,False
3,5,4,2,2.000000000000001,0.5,5.0,0.8333333333333326,5.000000000000002,True,True
3,5,4,2,2.000000000000001,0.75,5.0,0.8810179729226375,5.202315360410696,True,True
3,5,4,2,2.000000000000001,1.0,5.0,0.924395992154381,5.408937341178953,True,True
3,5,4,2,2.100000000000001,0.0,5.0,0.6826031756190798,4.650730157714254,True,False
3,5,4,2,2.100000000000001,0.25,5.0,0.7369223501276947,4.846410983205639,True,False
3,5,4,2,2.100000000000001,0.5,5.0,0.7862464085507992,5.047086924782535,True,True
3,5,4,2,2.100000000000001,0.75,5.0,0.8310882930205867,5.252245040312747,True,True
3,5,4,2,2.100000000000001,1.0,5.0,0.8719176573253358,5.461415676007999,True,True
3,5,4,2,2.200000000000001,0.0,5.0,0.6465656590910349,4.686767674242299,True,False
3,5,4,2,2.200000000000001,0.25,5.0,0.6977918211501368,4.885541512183197,True,False
3,5,4,2,2.200000000000001,0.5,5.0,0.7443256122818678,5.089007721051466,True,True
3,5,4,2,2.200000000000001,0.75,5.0,0.7866568120441984,5.296676521289136,True,True
3,5,4,2,2.200000000000001,1.0,5.0,0.8252305192726714,5.5081028140606625,True,True
3,5,4,2,2.300000000000001,0.0,5.0,0.6142143806260312,4.719118952707303,True,False
3,5,4,2,2.300000000000001,0.25,5.0,0.6626919809175882,4.920641352415746,True,False
3,5,4,2,2.300000000000001,0.5,5.0,0.7067444873473709,5.126588845985963,True,True
3,5,4,2,2.300000000000001,0.75,5.0,0.746840123170557,5.336493210162777,True,True
3,5,4,2,2.300000000000001,1.0,5.0,0.783401744166178,5.549931589167156,True,True
3,5,4,2,2.4000000000000012,0.0,5.0,0.5850006672005335,4.7483326661328,True,False
3,5,4,2,2.4000000000000012,0.25,5.0,0.6310179729226375,4.952315360410696,True,False
3,5,4,2,2.4000000000000012,0.5,5.0,0.6728479970272896,5.160485336306044,True,True
3,5,4,2,2.4000000000000012,0.75,5.0,0.7109389548421667,5.372394378491167,True,True
3,5,4,2,2.4000000000000012,1.0,5.0,0.7456934922776743,5.58763984105566,True,True
3,5,4,2,2.5000000000000013,0.0,5.0,0.5584815598877468,4.774851773445587,True,False
3,5,4,2,2.5000000000000013,0.25,5.0,0.6022825574300574,4.9810507759032765,True,False
3,5,4,2,2.5000000000000013,0.5,5.0,0.6421093226739694,5.191224010659365,True,True
3,5,4,2,2.5000000000000013,0.75,5.0,0.6783915145854609,5.404941818747873,True,True
3,5,4,2,2.5000000000000013,1.0,5.0,0.7115133562239602,5.621819977109373,True,True
3,5,4,2,2.6000000000000014,0.0,5.0,0.5342950885854569,4.7990382447478765,True,False
3,5,4,2,2.6000000000000014,0.25,5.0,0.5760883238490639,5.00724500948427,True,True
3,5,4,2,2.6000000000000014,0.5,5.0,0.6140993518382292,5.219233981495105,True,True
3,5,4,2,2.6000000000000014,0.75,5.0,0.6487406156842952,5.434592717649039,True,True
3,5,4,2,2.6000000000000014,1.0,5.0,0.6803794886391699,5.652953844694164,True,True
3,5,4,2,2.700000000000002,0.0,5.0,0.5121422855927422,4.821191047740592,True,False
3,5,4,2,2.700000000000002,0.25,5.0,0.5521075582705515,5.031225775062783,True,True
3,5,4,2,2.700000000000002,0.5,5.0,0.5884646369110813,5.244868696422253,True,True
3,5,4,2,2.700000000000002,0.75,5.0,0.621609976686853,5.4617233566464805,True,True
3,5,4,2,2.700000000000002,1.0,5.0,0.6518954893874938,5.68143784394584,True,True
3,5,4,2,2.8000000000000016,0.0,5.0,0.4917738577772881,4.841559475556046,True,False
3,5,4,2,2.8000000000000016,0.25,5.0,0.5300673765168065,5.053265956816528,True,True
3,5,4,2,2.8000000000000016,0.5,5.0,0.5649111589120936,5.26842217442124,True,True
3,5,4,2,2.8000000000000016,0.75,5.0,0.5966867920456935,5.486646541287641,True,True
3,5,4,2,2.8000000000000016,1.0,5.0,0.6257319555122836,5.70760137782105,True,True
3,5,4,2,2.9000000000000017,0.0,5.0,0.4729801493177388,4.860353184015596,True,False
3,5,4,2,2.9000000000000017,0.25,5.0,0.5097385606067815,5.073594772726553,True,True
3,5,4,2,2.9000000000000017,0.5,5.0,0.543192161631139,5.290141171702195,True,True
3,5,4,2,2.9000000000000017,0.75,5.0,0.5737086907519173,5.509624642581416,True,True
3,5,4,2,2.9000000000000017,1.0,5.0,0.6016126875643137,5.73172064576902,True,True
3,5,4,2,3.0000000000000018,0.0,5.0,0.4555834730964001,4.877749860236934,True,False
3,5,4,2,3.0000000000000018,0.25,5.0,0.4909270512869126,5.092406282046421,True,True
3,5,4,2,3.0000000000000018,0.5,5.0,0.5230988972758213,5.310234436057513,True,True
3,5,4,2,3.0000000000000018,0.75,5.0,0.5524538281260254,5.5308795052073085,True,True
3,5,4,2,3.0000000000000018,1.0,5.0,0.5793042172899954,5.7540291160433386,True,True
3,5,4,3,1.1,0.0,5.0,2.4625877704283847,5.537412229571615,True,True
3,5,4,3,1.1,0.25,5.0,2.627369295429368,5.622630704570632,True,True
3,5,4,3,1.1,0.5,5.0,2.7825501402401875,5.717449859759812,True,True
3,5,4,3,1.1,0.75,5.0,2.927529636038977,5.822470363961023,True,True
3,5,4,3,1.1,1.0,5.0,3.0618825436766928,5.938117456323307,True,True
3,5,4,3,1.2000000000000002,0.0,5.0,2.1291713066130287,5.870828693386971,True,True
3,5,4,3,1.2000000000000002,0.25,5.0,2.261144229471246,5.988855770528755,True,True
3,5,4,3,1.2000000000000002,0.5,5.0,2.384747559533384,6.115252440466616,True,True
3,5,4,3,1.2000000000000002,0.75,5.0,2.4999999999999996,6.25,True,True
3,5,4,3,1.2000000000000002,1.0,5.0,2.607030551399908,6.392969448600092,True,True
3,5,4,3,1.3000000000000003,0.0,5.0,1.887764581885233,6.112235418114767,True,True
3,5,4,3,1.3000000000000003,0.25,5.0,1.9999999999999996,6.25,True,True
3,5,4,3,1.3000000000000003,0.5,5.0,2.105014792950417,6.394985207049583,True,True
3,5,4,3,1.3000000000000003,0.75,5.0,2.203008269600669,6.546991730399331,True,True
3,5,4,3,1.3000000000000003,1.0,5.0,2.2942383140092812,6.705761685990719,True,True
3,5,4,3,1.4000000000000004,0.0,5.0,1.7009318657955599,6.29906813420444,True,True
3,5,4,3,1.4000000000000004,0.25,5.0,1.799385641844903,6.4506143581550965,True,True
3,5,4,3,1.4000000000000004,0.5,5.0,1.8915047169858492,6.60849528301415,True,True
3,5,4,3,1.4000000000000004,0.75,5.0,1.9775497174825798,6.77245028251742,True,True
3,5,4,3,1.4000000000000004,1.0,5.0,2.057811286103034,6.942188713896966,True,True
3,5,4,3,1.5000000000000007,0.0,5.0,1.5505102572168212,6.449489742783179,True,True
3,5,4,3,1.5000000000000007,0.25,5.0,1.6385785420273837,6.611421457972616,True,True
3,5,4,3,1.5000000000000007,0.5,5.0,1.7210015157510794,6.778998484248921,True,True
3,5,4,3,1.5000000000000007,0.75,5.0,1.7980589839889616,6.951941016011038,True,True
3,5,4,3,1.5000000000000007,1.0,5.0,1.8700443603234156,7.129955639676584,True,True
3,5,4,3,1.6000000000000005,0.0,5.0,1.4260924647532494,6.57390753524675,True,True
3,5,4,3,1.6000000000000005,0.25,5.0,1.505959145030379,6.7440408549696205,True,True
3,5,4,3,1.6000000000000005,0.5,5.0,1.5807304369921718,6.919269563007829,True,True
3,5,4,3,1.6000000000000005,0.75,5.0,1.6506881602870784,7.099311839712922,True,True
3,5,4,3,1.6000000000000005,1.0,5.0,1.7161178185849884,7.283882181415011,True,True
3,5,4,3,1.7000000000000006,0.0,5.0,1.3211064619445407,6.678893538055459,True,True
3,5,4,3,1.7000000000000006,0.25,5.0,1.3942855384371953,6.855714461562805,True,True
3,5,4,3,1.7000000000000006,0.5,5.0,1.4628182059755805,7.03718179402442,True,True
3,5,4,3,1.7000000000000006,0.75,5.0,1.5269808225199535,7.2230191774800465,True,True
3,5,4,3,1.7000000000000006,1.0,5.0,1.5870471823857044,7.412952817614295,True,True
3,5,4,3,1.8000000000000005,0.0,5.0,1.2311253790273078,6.768874620972692,True,True
3,5,4,3,1.8000000000000005,0.25,5.0,1.2987220196480629,6.951277980351938,True,True
3,5,4,3,1.8000000000000005,0.5,5.0,1.3620460914727563,7.137953908527244,True,True
3,5,4,3,1.8000000000000005,0.75,5.0,1.4213652335921192,7.32863476640788,True,True
3,5,4,3,1.8000000000000005,1.0,5.0,1.4769404754638238,7.523059524536176,True,True
3,5,4,3,1.9000000000000008,0.0,5.0,1.1530256134108372,6.846974386589163,True,True
3,5,4,3,1.9000000000000008,0.25,5.0,1.215877551382095,7.0341224486179055,True,True
3,5,4,3,1.9000000000000008,0.5,5.0,1.274773339019272,7.225226660980728,True,True
3,5,4,3,1.9000000000000008,0.75,5.0,1.3299706163374343,7.420029383662566,True,True
3,5,4,3,1.9000000000000008,1.0,5.0,1.3817177468153528,7.618282253184647,True,True
3,5,4,3,2.000000000000001,0.0,5.0,1.0845240525773492,6.915475947422651,True,True
3,5,4,3,2.000000000000001,0.25,5.0,1.1432848895308587,7.106715110469141,True,True
3,5,4,3,2.000000000000001,0.5,5.0,1.1983610960665736,7.301638903933426,True,True
3,5,4,3,2.000000000000001,0.75,5.0,1.2499999999999996,7.5,True,True
3,5,4,3,2.000000000000001,1.0,5.0,1.2984378812835753,7.701562118716424,True,True
3,5,4,3,2.100000000000001,0.0,5.0,1.0239047634286198,6.97609523657138,True,True
3,5,4,3,2.100000000000001,0.25,5.0,1.0790962323302522,7.170903767669747,True,True
3,5,4,3,2.100000000000001,0.5,5.0,1.130838787964516,7.369161212035484,True,True
3,5,4,3,2.100000000000001,0.75,5.0,1.1793696128261995,7.5706303871738,True,True
3,5,4,3,2.100000000000001,1.0,5.0,1.2249136688950504,7.77508633110495,True,True
3,5,4,3,2.200000000000001,0.0,5.0,0.9698484886365524,7.030151511363448,True,True
3,5,4,3,2.200000000000001,0.25,5.0,1.0218948835664032,7.228105116433596,True,True
3,5,4,3,2.200000000000001,0.5,5.0,1.0706990476750158,7.429300952324985,True,True
3,5,4,3,2.200000000000001,0.75,5.0,1.116488418422802,7.6335115815771974,True,True
3,5,4,3,2.200000000000001,1.0,5.0,1.1594774496957942,7.840522550304206,True,True
3,5,4,3,2.300000000000001,0.0,5.0,0.9213215709390465,7.078678429060954,True,True
3,5,4,3,2.300000000000001,0.25,5.0,0.9705733312223508,7.279426668777649,True,True
3,5,4,3,2.300000000000001,0.5,5.0,1.01676565219499,7.48323434780501,True,True
3,5,4,3,2.300000000000001,0.75,5.0,1.0601167310210569,7.689883268978943,True,True
3,5,4,3,2.300000000000001,1.0,5.0,1.1008313036733584,7.899168696326642,True,True
3,5,4,3,2.4000000000000012,0.0,5.0,0.8775010008008004,7.1224989991992,True,True
3,5,4,3,2.4000000000000012,0.25,5.0,0.9242513896485605,7.3257486103514395,True,True
3,5,4,3,2.4000000000000012,0.5,5.0,0.9681052220807964,7.531894777919204,True,True
3,5,4,3,2.4000000000000012,0.75,5.0,1.0092719955409346,7.740728004459065,True,True
3,5,4,3,2.4000000000000012,1.0,5.0,1.0479474704653362,7.952052529534663,True,True
3,5,4,3,2.5000000000000013,0.0,5.0,0.83772233983162,7.16227766016838,True,True
3,5,4,3,2.5000000000000013,0.25,5.0,0.8822195572317875,7.367780442768213,True,True
3,5,4,3,2.5000000000000013,0.5,5.0,0.923966326087482,7.576033673912518,True,True
3,5,4,3,2.5000000000000013,0.75,5.0,0.9631639840109543,7.786836015989046,True,True
3,5,4,3,2.5000000000000013,1.0,5.0,0.9999999999999991,8.0,True,True
3,5,4,3,2.6000000000000014,0.0,5.0,0.8014426328781856,7.198557367121815,True,True
3,5,4,3,2.6000000000000014,0.25,5.0,0.8438988128983276,7.406101187101672,True,True
3,5,4,3,2.6000000000000014,0.5,5.0,0.8837363785302297,7.61626362146977,True,True
3,5,4,3,2.6000000000000014,0.75,5.0,0.9211490277573433,7.828850972242657,True,True
3,5,4,3,2.6000000000000014,1.0,5.0,0.9563165621500116,8.043683437849989,True,True
3,5,4,3,2.700000000000002,0.0,5.0,0.7682134283891133,7.231786571610886,True,True
3,5,4,3,2.700000000000002,0.25,5.0,0.8088114526641457,7.441188547335854,True,True
3,5,4,3,2.700000000000002,0.5,5.0,0.8469104451221794,7.653089554877821,True,True
3,5,4,3,2.700000000000002,0.75,5.0,0.882696955366622,7.867303044633378,True,True
3,5,4,3,2.700000000000002,1.0,5.0,0.9163436838066352,8.083656316193364,True,True
3,5,4,3,2.8000000000000016,0.0,5.0,0.7376607866659319,7.262339213334068,True,True
3,5,4,3,2.8000000000000016,0.25,5.0,0.7765595314492191,7.4734404685507805,True,True
3,5,4,3,2.8000000000000016,0.5,5.0,0.8130682287831195,7.68693177121688,True,True
3,5,4,3,2.8000000000000016,0.75,5.0,0.8473667383681405,7.902633261631859,True,True
3,5,4,3,2.8000000000000016,1.0,5.0,0.8796211721502321,8.120378827849768,True,True
3,5,4,3,2.9000000000000017,0.0,5.0,0.709470223976608,7.2905297760233925,True,True
3,5,4,3,2.9000000000000017,0.25,5.0,0.7468086608159781,7.503191339184022,True,True
3,5,4,3,2.9000000000000017,0.5,5.0,0.7818568020655041,7.718143197934496,True,True
3,5,4,3,2.9000000000000017,0.75,5.0,0.814788242446709,7.935211757553291,True,True
3,5,4,3,2.9000000000000017,1.0,5.0,0.8457629693926432,8.154237030607357,True,True
3,5,4,3,3.0000000000000018,0.0,5.0,0.6833752096445997,7.3166247903554,True,True
3,5,4,3,3.0000000000000018,0.25,5.0,0.7192756521800923,7.530724347819907,True,True
3,5,4,3,3.0000000000000018,0.5,5.0,0.7529774569404517,7.747022543059549,True,True
3,5,4,3,3.0000000000000018,0.75,5.0,0.7846483459137317,7.965351654086268,True,True
3,5,4,3,3.0000000000000018,1.0,5.0,0.8144426020840028,8.185557397915996,True,True
3,5,5,1,1.1,0.0,4.0,0.8208625901427946,1.8458040765238724,True,False
3,5,5,1,1.1,0.25,4.0,0.9758432120129918,1.9408234546536751,True,False
3,5,5,1,1.1,0.5,4.0,1.0993734468580465,2.0672932198086205,True,False
3,5,5,1,1.1,0.75,4.0,1.1917216549300793,2.2249450117365877,True,False
3,5,5,1,1.1,1.0,4.0,1.2581741546635659,2.408492512003101,True,False
3,5,5,1,1.2000000000000002,0.0,4.0,0.7097237688710096,1.9569428977956573,True,False
3,5,5,1,1.2000000000000002,0.25,4.0,0.8333333333333331,2.083333333333334,True,False
3,5,5,1,1.2000000000000002,0.5,4.0,0.9324791936744449,2.234187472992222,True,False
3,5,5,1,1.2000000000000002,0.75,4.0,1.0098727244066577,2.406793942260009,True,False
3,5,5,1,1.2000000000000002,1.0,4.0,1.0695707175073599,2.597095949159307,True,False
3,5,5,1,1.3000000000000003,0.0,4.0,0.6292548606284109,2.0374118060382562,True,False
3,5,5,1,1.3000000000000003,0.25,4.0,0.7343360898668895,2.1823305767997776,True,False
3,5,5,1,1.3000000000000003,0.5,4.0,0.8192210893746841,2.3474455772919827,True,False
3,5,5,1,1.3000000000000003,0.75,4.0,0.8868632887254763,2.5298033779411906,True,False
3,5,5,1,1.3000000000000003,1.0,4.0,0.9405799816126311,2.7260866850540357,True,False
3,5,5,1,1.4000000000000004,0.0,4.0,0.5669772885985198,2.099689378068147,True,False
3,5,5,1,1.4000000000000004,0.25,4.0,0.6591832391608599,2.2574834275058073,True,False
3,5,5,1,1.4000000000000004,0.5,4.0,0.7340806272851517,2.4325860393815155,True,False
3,5,5,1,1.4000000000000004,0.75,4.0,0.7945119916891121,2.622154674977555,True,False
3,5,5,1,1.4000000000000004,1.0,4.0,0.8433036720813432,2.823362994585324,True,False
3,5,5,1,1.5000000000000007,0.0,4.0,0.516836752405607,2.14982991426106,True,False
3,5,5,1,1.5000000000000007,0.25,4.0,0.599352994662987,2.3173136720036798,True,False
3,5,5,1,1.5000000000000007,0.5,4.0,0.6666666666666662,2.500000000000001,True,False
3,5,5,1,1.5000000000000007,0.75,4.0,0.7214400598060821,2.695226606860585,True,False
3,5,5,1,1.5000000000000007,1.0,4.0,0.7661459604278582,2.900520706238809,True,False
3,5,5,1,1.6000000000000005,0.0,4.0,0.47536415491774975,2.1913025117489173,True,False
3,5,5,1,1.6000000000000005,0.25,4.0,0.5502293867623592,2.3664372799043076,True,False
3,5,5,1,1.6000000000000005,0.5,4.0,0.6115080175257829,2.555158649140884,True,False
3,5,5,1,1.6000000000000005,0.75,4.0,0.6616786094099605,2.7549880572567065,True,False
3,5,5,1,1.6000000000000005,1.0,4.0,0.7029450028124549,2.963721663854212,True,False
3,5,5,1,1.7000000000000006,0.0,4.0,0.44036882064818017,2.226297846018487,True,False
3,5,5,1,1.7000000000000006,0.25,4.0,0.508993607506651,2.407673059160016,True,False
3,5,5,1,1.7000000000000006,0.5,4.0,0.5653175136378201,2.601349153028847,True,False
3,5,5,1,1.7000000000000006,0.75,4.0,0.6116490108102226,2.805017655856444,True,False
3,5,5,1,1.7000000000000006,1.0,4.0,0.6499792876709114,3.016687378995756,True,False
3,5,5,1,1.8000000000000005,0.0,4.0,0.4103751263424359,2.256291540324231,True,False
3,5,5,1,1.8000000000000005,0.25,4.0,0.4737884111973729,2.442878255469294,True,False
3,5,5,1,1.8000000000000005,0.5,4.0,0.5259518716292062,2.6407147950374608,True,False
3,5,5,1,1.8000000000000005,0.75,4.0,0.5690210813991201,2.847645585267547,True,False
3,5,5,1,1.8000000000000005,1.0,4.0,0.6048142006946675,3.0618524659719997,True,False
3,5,5,1,1.9000000000000008,0.0,4.0,0.3843418711369456,2.2823247955297212,True,False
3,5,5,1,1.9000000000000008,0.25,4.0,0.44332353877914477,2.473343127887522,True,False
3,5,5,1,1.9000000000000008,0.5,4.0,0.4919328702766994,2.6747337963899676,True,False
3,5,5,1,1.9000000000000008,0.75,4.0,0.5321891846510671,2.8844774820156,True,False
3,5,5,1,1.9000000000000008,1.0,4.0,0.5657667093648606,3.1008999573018063,True,False
3,5,5,1,2.000000000000001,0.0,4.0,0.3615080175257831,2.3051586491408838,True,False
3,5,5,1,2.000000000000001,0.25,4.0,0.4166666666666663,2.500000000000001,True,False
3,5,5,1,2.000000000000001,0.5,4.0,0.4621979960771905,2.7044686705894767,True,False
3,5,5,1,2.000000000000001,0.75,4.0,0.4999999999999998,2.916666666666667,True,False
3,5,5,1,2.000000000000001,1.0,4.0,0.5316250540155574,3.1350416126511096,True,False
3,5,5,1,2.100000000000001,0.0,4.0,0.3413015878095399,2.325365078857127,True,False
3,5,5,1,2.100000000000001,0.25,4.0,0.3931232042753996,2.5235434623912676,True,False
3,5,5,1,2.100000000000001,0.5,4.0,0.4359588286626679,2.7307078380039993,True,False
3,5,5,1,2.100000000000001,0.75,4.0,0.4715981600286807,2.9450685066379862,True,False
3,5,5,1,2.100000000000001,1.0,4.0,0.5014889265764764,3.165177740090191,True,False
3,5,5,1,2.200000000000001,0.0,4.0,0.32328282954551746,2.3433838371211495,True,False
3,5,5,1,2.200000000000001,0.25,4.0,0.3721628061409339,2.544503860525733,True,False
3,5,5,1,2.200000000000001,0.5,4.0,0.4126152596363357,2.7540514070303312,True,False
3,5,5,1,2.200000000000001,0.75,4.0,0.4463328570972098,2.970333809569457,True,False
3,5,5,1,2.200000000000001,1.0,4.0,0.47467237637622817,3.191994290290439,True,False
3,5,5,1,2.300000000000001,0.0,4.0,0.3071071903130156,2.3595594763536516,True,False
3,5,5,1,2.300000000000001,0.25,4.0,0.35337224367368547,2.5632944229929815,True,False
3,5,5,1,2.300000000000001,0.5,4.0,0.391700872083089,2.774965794583578,True,False
3,5,5,1,2.300000000000001,0.75,4.0,0.42369842965494087,2.992968237011726,True,False
3,5,5,1,2.300000000000001,1.0,4.0,0.4506418461272135,3.2160248205394533,True,False
3,5,5,1,2.4000000000000012,0.0,4.0,0.2925003336002667,2.3741663330664,True,False
3,5,5,1,2.4000000000000012,0.25,4.0,0.3364239985136448,2.580242668153022,True,False
3,5,5,1,2.4000000000000012,0.5,4.0,0.37284674613883717,2.79381992052783,True,False
3,5,5,1,2.4000000000000012,0.75,4.0,0.4032950197195144,3.0133716469471525,True,False
3,5,5,1,2.4000000000000012,1.0,4.0,0.42897503780393986,3.237691628862727,True,False
3,5,5,1,2.5000000000000013,0.0,4.0,0.2792407799438734,2.3874258867227933,True,False
3,5,5,1,2.5000000000000013,0.25,4.0,0.3210546613369847,2.5956120053296825,True,False
3,5,5,1,2.5000000000000013,0.5,4.0,0.3557566781119801,2.8109099885546867,True,False
3,5,5,1,2.5000000000000013,0.75,4.0,0.38480165214428386,3.031865014522383,True,False
3,5,5,1,2.5000000000000013,1.0,4.0,0.4093327091137444,3.2573339575529223,True,False
3,5,5,1,2.6000000000000014,0.0,4.0,0.26714754429272847,2.3995191223739383,True,False
3,5,5,1,2.6000000000000014,0.25,4.0,0.3070496759191146,2.6096169907475524,True,False
3,5,5,1,2.6000000000000014,0.5,4.0,0.34018974431958493,2.826476922347082,True,False
3,5,5,1,2.6000000000000014,0.75,4.0,0.36795730177244845,3.0487093648942185,True,False
3,5,5,1,2.6000000000000014,1.0,4.0,0.3914388056164724,3.275227861050195,True,False
3,5,5,1,2.700000000000002,0.0,4.0,0.2560711427963711,2.410595523870296,True,False
3,5,5,1,2.700000000000002,0.25,4.0,0.29423231845554065,2.6224343482111263,True,False
3,5,5,1,2.700000000000002,0.5,4.0,0.3259477446937469,2.84071892197292,True,False
3,5,5,1,2.700000000000002,0.75,4.0,0.35254726459035823,3.064119402076309,True,False
3,5,5,1,2.700000000000002,1.0,4.0,0.37506613906592334,3.2916005276007434,True,False
3,5,5,1,2.8000000000000016,0.0,4.0,0.24588692888864405,2.420779737778023,True,False
3,5,5,1,2.8000000000000016,0.25,4.0,0.2824555794560468,2.63421108721062,True,False
3,5,5,1,2.8000000000000016,0.5,4.0,0.3128659777561418,2.853800688910525,True,False
3,5,5,1,2.8000000000000016,0.75,4.0,0.3383931481022,3.078273518564467,True,False
3,5,5,1,2.8000000000000016,1.0,4.0,0.36002585672333476,3.306640809943332,True,False
3,5,5,1,2.9000000000000017,0.0,4.0,0.2364900746588694,2.430176592007798,True,False
3,5,5,1,2.9000000000000017,0.25,4.0,0.2715960808155695,2.6450705858510974,True,False
3,5,5,1,2.9000000000000017,0.5,4.0,0.30080634378215687,2.86586032288451,True,False
3,5,5,1,2.9000000000000017,0.75,4.0,0.3253453900232708,3.091321276643396,True,False
3,5,5,1,2.9000000000000017,1.0,4.0,0.34615956280253557,3.3205071038641316,True,False
3,5,5,1,3.0000000000000018,0.0,4.0,0.22779173654820006,2.438874930118467,True,False
3,5,5,1,3.0000000000000018,0.25,4.0,0.26154944863791063,2.6551172180287566,True,False
3,5,5,1,3.0000000000000018,0.5,4.0,0.2896521086449977,2.8770145580216693,True,False
3,5,5,1,3.0000000000000018,0.75,4.0,0.31327757976806603,3.103389086898601,True,False
3,5,5,1,3.0000000000000018,1.0,4.0,0.33333333333333326,3.333333333333334,True,False
3,5,5,2,1.1,0.0,4.0,1.6417251802855892,3.6916081530477447,True,False
3,5,5,2,1.1,0.25,4.0,1.8041339028578087,3.779199430475525,True,False
3,5,5,2,1.1,0.5,4.0,1.9516864240259837,3.8816469093073502,True,False
3,5,5,2,1.1,0.75,4.0,2.083333333333332,4.000000000000002,True,True
3,5,5,2,1.1,1.0,4.0,2.198746893716093,4.134586439617241,True,True
3,5,5,2,1.2000000000000002,0.0,4.0,1.4194475377420193,3.9138857955913147,True,False
3,5,5,2,1.2000000000000002,0.25,4.0,1.549329040343702,4.034004292989632,True,True
3,5,5,2,1.2000000000000002,0.5,4.0,1.6666666666666663,4.166666666666668,True,True
3,5,5,2,1.2000000000000002,0.75,4.0,1.7716874454893188,4.311645887844016,True,True
3,5,5,2,1.2000000000000002,1.0,4.0,1.8649583873488897,4.468374945984444,True,True
3,5,5,2,1.3000000000000003,0.0,4.0,1.2585097212568217,4.0748236120765124,True,True
3,5,5,2,1.3000000000000003,0.25,4.0,1.3689326758774498,4.214400657455884,True,True
3,5,5,2,1.3000000000000003,0.5,4.0,1.468672179733779,4.364661153599555,True,True
3,5,5,2,1.3000000000000003,0.75,4.0,1.558273913607295,4.525059419726039,True,True
3,5,5,2,1.3000000000000003,1.0,4.0,1.6384421787493681,4.694891154583965,True,True
3,5,5,2,1.4000000000000004,0.0,4.0,1.1339545771970396,4.199378756136294,True,True
3,5,5,2,1.4000000000000004,0.25,4.0,1.2308143608302298,4.352518972503104,True,True
3,5,5,2,1.4000000000000004,0.5,4.0,1.3183664783217197,4.514966855011615,True,True
3,5,5,2,1.4000000000000004,0.75,4.0,1.3972466888349497,4.686086644498384,True,True
3,5,5,2,1.4000000000000004,1.0,4.0,1.4681612545703033,4.865172078763031,True,True
3,5,5,2,1.5000000000000007,0.0,4.0,1.033673504811214,4.29965982852212,True,True
3,5,5,2,1.5000000000000007,0.25,4.0,1.1203190733223676,4.463014260010967,True,True
3,5,5,2,1.5000000000000007,0.5,4.0,1.198705989325974,4.6346273440073595,True,True
3,5,5,2,1.5000000000000007,0.75,4.0,1.269485806821938,4.813847526511396,True,True
3,5,5,2,1.5000000000000007,1.0,4.0,1.3333333333333324,5.000000000000002,True,True
3,5,5,2,1.6000000000000005,0.0,4.0,0.9507283098354995,4.382605023497835,True,True
3,5,5,2,1.6000000000000005,0.25,4.0,1.029309501453616,4.554023831879718,True,True
3,5,5,2,1.6000000000000005,0.5,4.0,1.1004587735247184,4.732874559808615,True,True
3,5,5,2,1.6000000000000005,0.75,4.0,1.1648157284074645,4.918517604925869,True,True
3,5,5,2,1.6000000000000005,1.0,4.0,1.2230160350515658,5.110317298281768,True,True
3,5,5,2,1.7000000000000006,0.0,4.0,0.8807376412963603,4.452595692036974,True,True
3,5,5,2,1.7000000000000006,0.25,4.0,0.9527435927194645,4.630589740613869,True,True
3,5,5,2,1.7000000000000006,0.5,4.0,1.017987215013302,4.815346118320032,True,True
3,5,5,2,1.7000000000000006,0.75,4.0,1.077085477617455,5.006247855715879,True,True
3,5,5,2,1.7000000000000006,1.0,4.0,1.1306350272756402,5.202698306057694,True,True
3,5,5,2,1.8000000000000005,0.0,4.0,0.8207502526848718,4.512583080648462,True,True
3,5,5,2,1.8000000000000005,0.25,4.0,0.8872675196622597,4.6960658136710745,True,True
3,5,5,2,1.8000000000000005,0.5,4.0,0.9475768223947458,4.885756510938588,True,True
3,5,5,2,1.8000000000000005,0.75,4.0,1.0022688343351422,5.081064498998192,True,True
3,5,5,2,1.8000000000000005,1.0,4.0,1.0519037432584124,5.2814295900749215,True,True
3,5,5,2,1.9000000000000008,0.0,4.0,0.7686837422738912,4.5646495910594425,True,True
3,5,5,2,1.9000000000000008,0.25,4.0,0.8305357794678678,4.7527975538654665,True,True
3,5,5,2,1.9000000000000008,0.5,4.0,0.8866470775582895,4.946686255775044,True,True
3,5,5,2,1.9000000000000008,0.75,4.0,0.9375814241913667,5.145751909141968,True,True
3,5,5,2,1.9000000000000008,1.0,4.0,0.9838657405533988,5.349467592779935,True,True
3,5,5,2,2.000000000000001,0.0,4.0,0.7230160350515662,4.6103172982817675,True,True
3,5,5,2,2.000000000000001,0.25,4.0,0.7808452479977239,4.80248808533561,True,True
3,5,5,2,2.000000000000001,0.5,4.0,0.8333333333333326,5.000000000000002,True,True
3,5,5,2,2.000000000000001,0.75,4.0,0.8810179729226375,5.202315360410696,True,True
3,5,5,2,2.000000000000001,1.0,4.0,0.924395992154381,5.408937341178953,True,True
3,5,5,2,2.100000000000001,0.0,4.0,0.6826031756190798,4.650730157714254,True,True
3,5,5,2,2.100000000000001,0.25,4.0,0.7369223501276947,4.846410983205639,True,True
3,5,5,2,2.100000000000001,0.5,4.0,0.7862464085507992,5.047086924782535,True,True
3,5,5,2,2.100000000000001,0.75,4.0,0.8310882930205867,5.252245040312747,True,True
3,5,5,2,2.100000000000001,1.0,4.0,0.8719176573253358,5.461415676007999,True,True
3,5,5,2,2.200000000000001,0.0,4.0,0.6465656590910349,4.686767674242299,True,True
3,5,5,2,2.200000000000001,0.25,4.0,0.6977918211501368,4.885541512183197,True,True
3,5,5,2,2.200000000000001,0.5,4.0,0.7443256122818678,5.089007721051466,True,True
3,5,5,2,2.200000000000001,0.75,4.0,0.7866568120441984,5.296676521289136,True,True
3,5,5,2,2.200000000000001,1.0,4.0,0.8252305192726714,5.5081028140606625,True,True
3,5,5,2,2.300000000000001,0.0,4.0,0.6142143806260312,4.719118952707303,True,True
3,5,5,2,2.300000000000001,0.25,4.0,0.6626919809175882,4.920641352415746,True,True
3,5,5,2,2.300000000000001,0.5,4.0,0.7067444873473709,5.126588845985963,True,True
3,5,5,2,2.300000000000001,0.75,4.0,0.746840123170557,5.336493210162777,True,True
3,5,5,2,2.300000000000001,1.0,4.0,0.783401744166178,5.549931589167156,True,True
3,5,5,2,2.4000000000000012,0.0,4.0,0.5850006672005335,4.7483326661328,True,True
3,5,5,2,2.4000000000000012,0.25,4.0,0.6310179729226375,4.952315360410696,True,True
3,5,5,2,2.4000000000000012,0.5,4.0,0.6728479970272896,5.160485336306044,True,True
3,5,5,2,2.4000000000000012,0.75,4.0,0.7109389548421667,5.372394378491167,True,True
3,5,5,2,2.4000000000000012,1.0,4.0,0.7456934922776743,5.58763984105566,True,True
3,5,5,2,2.5000000000000013,0.0,4.0,0.5584815598877468,4.774851773445587,True,True
3,5,5,2,2.5000000000000013,0.25,4.0,0.6022825574300574,4.9810507759032765,True,True
3,5,5,2,2.5000000000000013,0.5,4.0,0.6421093226739694,5.191224010659365,True,True
3,5,5,2,2.5000000000000013,0.75,4.0,0.6783915145854609,5.404941818747873,True,True
3,5,5,2,2.5000000000000013,1.0,4.0,0.7115133562239602,5.621819977109373,True,True
3,5,5,2,2.6000000000000014,0.0,4.0,0.5342950885854569,4.7990382447478765,True,True
3,5,5,2,2.6000000000000014,0.25,4.0,0.5760883238490639,5.00724500948427,True,True
3,5,5,2,2.6000000000000014,0.5,4.0,0.6140993518382292,5.219233981495105,True,True
3,5,5,2,2.6000000000000014,0.75,4.0,0.6487406156842952,5.434592717649039,True,True
3,5,5,2,2.6000000000000014,1.0,4.0,0.6803794886391699,5.652953844694164,True,True
3,5,5,2,2.700000000000002,0.0,4.0,0.5121422855927422,4.821191047740592,True,True
3,5,5,2,2.700000000000002,0.25,4.0,0.5521075582705515,5.031225775062783,True,True
3,5,5,2,2.700000000000002,0.5,4.0,0.5884646369110813,5.244868696422253,True,True
3,5,5,2,2.700000000000002,0.75,4.0,0.621609976686853,5.4617233566464805,True,True
3,5,5,2,2.700000000000002,1.0,4.0,0.6518954893874938,5.68143784394584,True,True
3,5,5,2,2.8000000000000016,0.0,4.0,0.4917738577772881,4.841559475556046,True,True
3,5,5,2,2.8000000000000016,0.25,4.0,0.5300673765168065,5.053265956816528,True,True
3,5,5,2,2.8000000000000016,0.5,4.0,0.5649111589120936,5.26842217442124,True,True
3,5,5,2,2.8000000000000016,0.75,4.0,0.5966867920456935,5.486646541287641,True,True
3,5,5,2,2.8000000000000016,1.0,4.0,0.6257319555122836,5.70760137782105,True,True
3,5,5,2,2.9000000000000017,0.0,4.0,0.4729801493177388,4.860353184015596,True,True
3,5,5,2,2.9000000000000017,0.25,4.0,0.5097385606067815,5.073594772726553,True,True
3,5,5,2,2.9000000000000017,0.5,4.0,0.543192161631139,5.290141171702195,True,True
3,5,5,2,2.9000000000000017,0.75,4.0,0.5737086907519173,5.509624642581416,True,True
3,5,5,2,2.9000000000000017,1.0,4.0,0.6016126875643137,5.73172064576902,True,True
3,5,5,2,3.0000000000000018,0.0,4.0,0.4555834730964001,4.877749860236934,True,True
3,5,5,2,3.0000000000000018,0.25,4.0,0.4909270512869126,5.092406282046421,True,True
3,5,5,2,3.0000000000000018,0.5,4.0,0.5230988972758213,5.310234436057513,True,True
3,5,5,2,3.0000000000000018,0.75,4.0,0.5524538281260254,5.5308795052073085,True,True
3,5,5,2,3.0000000000000018,1.0,4.0,0.5793042172899954,5.7540291160433386,True,True
3,5,5,3,1.1,0.0,4.0,2.4625877704283847,5.537412229571615,True,True
3,5,5,3,1.1,0.25,4.0,2.627369295429368,5.622630704570632,True,True
3,5,5,3,1.1,0.5,4.0,2.7825501402401875,5.717449859759812,True,True
3,5,5,3,1.1,0.75,4.0,2.927529636038977,5.822470363961023,True,True
3,5,5,3,1.1,1.0,4.0,3.0618825436766928,5.938117456323307,True,True
3,5,5,3,1.2000000000000002,0.0,4.0,2.1291713066130287,5.870828693386971,True,True
3,5,5,3,1.2000000000000002,0.25,4.0,2.261144229471246,5.988855770528755,True,True
3,5,5,3,1.2000000000000002,0.5,4.0,2.384747559533384,6.115252440466616,True,True
3,5,5,3,1.2000000000000002,0.75,4.0,2.4999999999999996,6.25,True,True
3,5,5,3,1.2000000000000002,1.0,4.0,2.607030551399908,6.392969448600092,True,True
3,5,5,3,1.3000000000000003,0.0,4.0,1.887764581885233,6.112235418114767,True,True
3,5,5,3,1.3000000000000003,0.25,4.0,1.9999999999999996,6.25,True,True
3,5,5,3,1.3000000000000003,0.5,4.0,2.105014792950417,6.394985207049583,True,True
3,5,5,3,1.3000000000000003,0.75,4.0,2.203008269600669,6.546991730399331,True,True
3,5,5,3,1.3000000000000003,1.0,4.0,2.2942383140092812,6.705761685990719,True,True
3,5,5,3,1.4000000000000004,0.0,4.0,1.7009318657955599,6.29906813420444,True,True
3,5,5,3,1.4000000000000004,0.25,4.0,1.799385641844903,6.4506143581550965,True,True
3,5,5,3,1.4000000000000004,0.5,4.0,1.8915047169858492,6.60849528301415,True,True
3,5,5,3,1.4000000000000004,0.75,4.0,1.9775497174825798,6.77245028251742,True,True
3,5,5,3,1.4000000000000004,1.0,4.0,2.057811286103034,6.942188713896966,True,True
3,5,5,3,1.5000000000000007,0.0,4.0,1.5505102572168212,6.449489742783179,True,True
3,5,5,3,1.5000000000000007,0.25,4.0,1.6385785420273837,6.611421457972616,True,True
3,5,5,3,1.5000000000000007,0.5,4.0,1.7210015157510794,6.778998484248921,True,True
3,5,5,3,1.5000000000000007,0.75,4.0,1.7980589839889616,6.951941016011038,True,True
3,5,5,3,1.5000000000000007,1.0,4.0,1.8700443603234156,7.129955639676584,True,True
3,5,5,3,1.6000000000000005,0.0,4.0,1.4260924647532494,6.57390753524675,True,True
3,5,5,3,1.6000000000000005,0.25,4.0,1.505959145030379,6.7440408549696205,True,True
3,5,5,3,1.6000000000000005,0.5,4.0,1.5807304369921718,6.919269563007829,True,True
3,5,5,3,1.6000000000000005,0.75,4.0,1.6506881602870784,7.099311839712922,True,True
3,5,5,3,1.6000000000000005,1.0,4.0,1.7161178185849884,7.283882181415011,True,True
3,5,5,3,1.7000000000000006,0.0,4.0,1.3211064619445407,6.678893538055459,True,True
3,5,5,3,1.7000000000000006,0.25,4.0,1.3942855384371953,6.855714461562805,True,True
3,5,5,3,1.7000000000000006,0.5,4.0,1.4628182059755805,7.03718179402442,True,True
3,5,5,3,1.7000000000000006,0.75,4.0,1.5269808225199535,7.2230191774800465,True,True
3,5,5,3,1.7000000000000006,1.0,4.0,1.5870471823857044,7.412952817614295,True,True
3,5,5,3,1.8000000000000005,0.0,4.0,1.2311253790273078,6.768874620972692,True,True
3,5,5,3,1.8000000000000005,0.25,4.0,1.2987220196480629,6.951277980351938,True,True
3,5,5,3,1.8000000000000005,0.5,4.0,1.3620460914727563,7.137953908527244,True,True
3,5,5,3,1.8000000000000005,0.75,4.0,1.4213652335921192,7.32863476640788,True,True
3,5,5,3,1.8000000000000005,1.0,4.0,1.4769404754638238,7.523059524536176,True,True
3,5,5,3,1.9000000000000008,0.0,4.0,1.1530256134108372,6.846974386589163,True,True
3,5,5,3,1.9000000000000008,0.25,4.0,1.215877551382095,7.0341224486179055,True,True
3,5,5,3,1.9000000000000008,0.5,4.0,1.274773339019272,7.225226660980728,True,True
3,5,5,3,1.9000000000000008,0.75,4.0,1.3299706163374343,7.420029383662566,True,True
3,5,5,3,1.9000000000000008,1.0,4.0,1.3817177468153528,7.618282253184647,True,True
3,5,5,3,2.000000000000001,0.0,4.0,1.0845240525773492,6.915475947422651,True,True
3,5,5,3,2.000000000000001,0.25,4.0,1.1432848895308587,7.106715110469141,True,True
3,5,5,3,2.000000000000001,0.5,4.0,1.1983610960665736,7.301638903933426,True,True
3,5,5,3,2.000000000000001,0.75,4.0,1.2499999999999996,7.5,True,True
3,5,5,3,2.000000000000001,1.0,4.0,1.2984378812835753,7.701562118716424,True,True
3,5,5,3,2.100000000000001,0.0,4.0,1.0239047634286198,6.97609523657138,True,True
3,5,5,3,2.100000000000001,0.25,4.0,1.0790962323302522,7.170903767669747,True,True
3,5,5,3,2.100000000000001,0.5,4.0,1.130838787964516,7.369161212035484,True,True
3,5,5,3,2.100000000000001,0.75,4.0,1.1793696128261995,7.5706303871738,True,True
3,5,5,3,2.100000000000001,1.0,4.0,1.2249136688950504,7.77508633110495,True,True
3,5,5,3,2.200000000000001,0.0,4.0,0.9698484886365524,7.030151511363448,True,True
3,5,5,3,2.200000000000001,0.25,4.0,1.0218948835664032,7.228105116433596,True,True
3,5,5,3,2.200000000000001,0.5,4.0,1.0706990476750158,7.429300952324985,True,True
3,5,5,3,2.200000000000001,0.75,4.0,1.116488418422802,7.6335115815771974,True,True
3,5,5,3,2.200000000000001,1.0,4.0,1.1594774496957942,7.840522550304206,True,True
3,5,5,3,2.300000000000001,0.0,4.0,0.9213215709390465,7.078678429060954,True,True
3,5,5,3,2.300000000000001,0.25,4.0,0.9705733312223508,7.279426668777649,True,True
3,5,5,3,2.300000000000001,0.5,4.0,1.01676565219499,7.48323434780501,True,True
3,5,5,3,2.300000000000001,0.75,4.0,1.0601167310210569,7.689883268978943,True,True
3,5,5,3,2.300000000000001,1.0,4.0,1.1008313036733584,7.899168696326642,True,True
3,5,5,3,2.4000000000000012,0.0,4.0,0.8775010008008004,7.1224989991992,True,True
3,5,5,3,2.4000000000000012,0.25,4.0,0.9242513896485605,7.3257486103514395,True,True
3,5,5,3,2.4000000000000012,0.5,4.0,0.9681052220807964,7.531894777919204,True,True
3,5,5,3,2.4000000000000012,0.75,4.0,1.0092719955409346,7.740728004459065,True,True
3,5,5,3,2.4000000000000012,1.0,4.0,1.0479474704653362,7.952052529534663,True,True
3,5,5,3,2.5000000000000013,0.0,4.0,0.83772233983162,7.16227766016838,True,True
3,5,5,3,2.5000000000000013,0.25,4.0,0.8822195572317875,7.367780442768213,True,True
3,5,5,3,2.5000000000000013,0.5,4.0,0.923966326087482,7.576033673912518,True,True
3,5,5,3,2.5000000000000013,0.75,4.0,0.9631639840109543,7.786836015989046,True,True
3,5,5,3,2.5000000000000013,1.0,4.0,0.9999999999999991,8.0,True,True
3,5,5,3,2.6000000000000014,0.0,4.0,0.8014426328781856,7.198557367121815,True,True
3,5,5,3,2.6000000000000014,0.25,4.0,0.8438988128983276,7.406101187101672,True,True
3,5,5,3,2.6000000000000014,0.5,4.0,0.8837363785302297,7.61626362146977,True,True
3,5,5,3,2.6000000000000014,0.75,4.0,0.9211490277573433,7.828850972242657,True,True
3,5,5,3,2.6000000000000014,1.0,4.0,0.9563165621500116,8.043683437849989,True,True
3,5,5,3,2.700000000000002,0.0,4.0,0.7682134283891133,7.231786571610886,True,True
3,5,5,3,2.700000000000002,0.25,4.0,0.8088114526641457,7.441188547335854,True,True
3,5,5,3,2.700000000000002,0.5,4.0,0.8469104451221794,7.653089554877821,True,True
3,5,5,3,2.700000000000002,0.75,4.0,0.882696955366622,7.867303044633378,True,True
3,5,5,3,2.700000000000002,1.0,4.0,0.9163436838066352,8.083656316193364,True,True
3,5,5,3,2.8000000000000016,0.0,4.0,0.7376607866659319,7.262339213334068,True,True
3,5,5,3,2.8000000000000016,0.25,4.0,0.7765595314492191,7.4734404685507805,True,True
3,5,5,3,2.8000000000000016,0.5,4.0,0.8130682287831195,7.68693177121688,True,True
3,5,5,3,2.8000000000000016,0.75,4.0,0.8473667383681405,7.902633261631859,True,True
3,5,5,3,2.8000000000000016,1.0,4.0,0.8796211721502321,8.120378827849768,True,True
3,5,5,3,2.9000000000000017,0.0,4.0,0.709470223976608,7.2905297760233925,True,True
3,5,5,3,2.9000000000000017,0.25,4.0,0.7468086608159781,7.503191339184022,True,True
3,5,5,3,2.9000000000000017,0.5,4.0,0.7818568020655041,7.718143197934496,True,True
3,5,5,3,2.9000000000000017,0.75,4.0,0.814788242446709,7.935211757553291,True,True
3,5,5,3,2.9000000000000017,1.0,4.0,0.8457629693926432,8.154237030607357,True,True
3,5,5,3,3.0000000000000018,0.0,4.0,0.6833752096445997,7.3166247903554,True,True
3,5,5,3,3.0000000000000018,0.25,4.0,0.7192756521800923,7.530724347819907,True,True
3,5,5,3,3.0000000000000018,0.5,4.0,0.7529774569404517,7.747022543059549,True,True
3,5,5,3,3.0000000000000018,0.75,4.0,0.7846483459137317,7.965351654086268,True,True
3,5,5,3,3.0000000000000018,1.0,4.0,0.8144426020840028,8.185557397915996,True,True
3,5,6,1,1.1,0.0,3.0,0.8208625901427946,1.8458040765238724,True,False
3,5,6,1,1.1,0.25,3.0,0.9758432120129918,1.9408234546536751,True,False
3,5,6,1,1.1,0.5,3.0,1.0993734468580465,2.0672932198086205,True,False
3,5,6,1,1.1,0.75,3.0,1.1917216549300793,2.2249450117365877,True,False
3,5,6,1,1.1,1.0,3.0,1.2581741546635659,2.408492512003101,True,False
3,5,6,1,1.2000000000000002,0.0,3.0,0.7097237688710096,1.9569428977956573,True,False
3,5,6,1,1.2000000000000002,0.25,3.0,0.8333333333333331,2.083333333333334,True,False
3,5,6,1,1.2000000000000002,0.5,3.0,0.9324791936744449,2.234187472992222,True,False
3,5,6,1,1.2000000000000002,0.75,3.0,1.0098727244066577,2.406793942260009,True,False
3,5,6,1,1.2000000000000002,1.0,3.0,1.0695707175073599,2.597095949159307,True,False
3,5,6,1,1.3000000000000003,0.0,3.0,0.6292548606284109,2.0374118060382562,True,False
3,5,6,1,1.3000000000000003,0.25,3.0,0.7343360898668895,2.1823305767997776,True,False
3,5,6,1,1.3000000000000003,0.5,3.0,0.8192210893746841,2.3474455772919827,True,False
3,5,6,1,1.3000000000000003,0.75,3.0,0.8868632887254763,2.5298033779411906,True,False
3,5,6,1,1.3000000000000003,1.0,3.0,0.9405799816126311,2.7260866850540357,True,False
3,5,6,1,1.4000000000000004,0.0,3.0,0.5669772885985198,2.099689378068147,True,False
3,5,6,1,1.4000000000000004,0.25,3.0,0.6591832391608599,2.2574834275058073,True,False
3,5,6,1,1.4000000000000004,0.5,3.0,0.7340806272851517,2.4325860393815155,True,False
3,5,6,1,1.4000000000000004,0.75,3.0,0.7945119916891121,2.622154674977555,True,False
3,5,6,1,1.4000000000000004,1.0,3.0,0.8433036720813432,2.823362994585324,True,False
3,5,6,1,1.5000000000000007,0.0,3.0,0.516836752405607,2.14982991426106,True,False
3,5,6,1,1.5000000000000007,0.25,3.0,0.599352994662987,2.3173136720036798,True,False
3,5,6,1,1.5000000000000007,0.5,3.0,0.6666666666666662,2.500000000000001,True,False
3,5,6,1,1.5000000000000007,0.75,3.0,0.7214400598060821,2.695226606860585,True,False
3,5,6,1,1.5000000000000007,1.0,3.0,0.7661459604278582,2.900520706238809,True,False
3,5,6,1,1.6000000000000005,0.0,3.0,0.47536415491774975,2.1913025117489173,True,False
3,5,6,1,1.6000000000000005,0.25,3.0,0.5502293867623592,2.3664372799043076,True,False
3,5,6,1,1.6000000000000005,0.5,3.0,0.6115080175257829,2.555158649140884,True,False
3,5,6,1,1.6000000000000005,0.75,3.0,0.6616786094099605,2.7549880572567065,True,False
3,5,6,1,1.6000000000000005,1.0,3.0,0.7029450028124549,2.963721663854212,True,False
3,5,6,1,1.7000000000000006,0.0,3.0,0.44036882064818017,2.226297846018487,True,False
3,5,6,1,1.7000000000000006,0.25,3.0,0.508993607506651,2.407673059160016,True,False
3,5,6,1,1.7000000000000006,0.5,3.0,0.5653175136378201,2.601349153028847,True,False
3,5,6,1,1.7000000000000006,0.75,3.0,0.6116490108102226,2.805017655856444,True,False
3,5,6,1,1.7000000000000006,1.0,3.0,0.6499792876709114,3.016687378995756,True,True
3,5,6,1,1.8000000000000005,0.0,3.0,0.4103751263424359,2.256291540324231,True,False
3,5,6,1,1.8000000000000005,0.25,3.0,0.4737884111973729,2.442878255469294,True,False
3,5,6,1,1.8000000000000005,0.5,3.0,0.5259518716292062,2.6407147950374608,True,False
3,5,6,1,1.8000000000000005,0.75,3.0,0.5690210813991201,2.847645585267547,True,False
3,5,6,1,1.8000000000000005,1.0,3.0,0.6048142006946675,3.0618524659719997,True,True
3,5,6,1,1.9000000000000008,0.0,3.0,0.3843418711369456,2.2823247955297212,True,False
3,5,6,1,1.9000000000000008,0.25,3.0,0.44332353877914477,2.473343127887522,True,False
3,5,6,1,1.9000000000000008,0.5,3.0,0.4919328702766994,2.6747337963899676,True,False
3,5,6,1,1.9000000000000008,0.75,3.0,0.5321891846510671,2.8844774820156,True,False
3,5,6,1,1.9000000000000008,1.0,3.0,0.5657667093648606,3.1008999573018063,True,True
3,5,6,1,2.000000000000001,0.0,3.0,0.3615080175257831,2.3051586491408838,True,False
3,5,6,1,2.000000000000001,0.25,3.0,0.4166666666666663,2.500000000000001,True,False
3,5,6,1,2.000000000000001,0.5,3.0,0.4621979960771905,2.7044686705894767,True,False
3,5,6,1,2.000000000000001,0.75,3.0,0.4999999999999998,2.916666666666667,True,False
3,5,6,1,2.000000000000001,1.0,3.0,0.5316250540155574,3.1350416126511096,True,True
3,5,6,1,2.100000000000001,0.0,3.0,0.3413015878095399,2.325365078857127,True,False
3,5,6,1,2.100000000000001,0.25,3.0,0.3931232042753996,2.5235434623912676,True,False
3,5,6,1,2.100000000000001,0.5,3.0,0.4359588286626679,2.7307078380039993,True,False
3,5,6,1,2.100000000000001,0.75,3.0,0.4715981600286807,2.9450685066379862,True,False
3,5,6,1,2.100000000000001,1.0,3.0,0.5014889265764764,3.165177740090191,True,True
3,5,6,1,2.200000000000001,0.0,3.0,0.32328282954551746,2.3433838371211495,True,False
3,5,6,1,2.200000000000001,0.25,3.0,0.3721628061409339,2.544503860525733,True,False
3,5,6,1,2.200000000000001,0.5,3.0,0.4126152596363357,2.7540514070303312,True,False
3,5,6,1,2.200000000000001,0.75,3.0,0.4463328570972098,2.970333809569457,True,False
3,5,6,1,2.200000000000001,1.0,3.0,0.47467237637622817,3.191994290290439,True,True
3,5,6,1,2.300000000000001,0.0,3.0,0.3071071903130156,2.3595594763536516,True,False
3,5,6,1,2.300000000000001,0.25,3.0,0.35337224367368547,2.5632944229929815,True,False
3,5,6,1,2.300000000000001,0.5,3.0,0.391700872083089,2.774965794583578,True,False
3,5,6,1,2.300000000000001,0.75,3.0,0.42369842965494087,2.992968237011726,True,False
3,5,6,1,2.300000000000001,1.0,3.0,0.4506418461272135,3.2160248205394533,True,True
3,5,6,1,2.4000000000000012,0.0,3.0,0.2925003336002667,2.3741663330664,True,False
3,5,6,1,2.4000000000000012,0.25,3.0,0.3364239985136448,2.580242668153022,True,False
3,5,6,1,2.4000000000000012,0.5,3.0,0.37284674613883717,2.79381992052783,True,False
3,5,6,1,2.4000000000000012,0.75,3.0,0.4032950197195144,3.0133716469471525,True,True
3,5,6,1,2.4000000000000012,1.0,3.0,0.42897503780393986,3.237691628862727,True,True
3,5,6,1,2.5000000000000013,0.0,3.0,0.2792407799438734,2.3874258867227933,True,False
3,5,6,1,2.5000000000000013,0.25,3.0,0.3210546613369847,2.5956120053296825,True,False
3,5,6,1,2.5000000000000013,0.5,3.0,0.3557566781119801,2.8109099885546867,True,False
3,5,6,1,2.5000000000000013,0.75,3.0,0.38480165214428386,3.031865014522383,True,True
3,5,6,1,2.5000000000000013,1.0,3.0,0.4093327091137444,3.2573339575529223,True,True
3,5,6,1,2.6000000000000014,0.0,3.0,0.26714754429272847,2.3995191223739383,True,False
3,5,6,1,2.6000000000000014,0.25,3.0,0.3070496759191146,2.6096169907475524,True,False
3,5,6,1,2.6000000000000014,0.5,3.0,0.34018974431958493,2.826476922347082,True,False
3,5,6,1,2.6000000000000014,0.75,3.0,0.36795730177244845,3.0487093648942185,True,True
3,5,6,1,2.6000000000000014,1.0,3.0,0.3914388056164724,3.275227861050195,True,True
3,5,6,1,2.700000000000002,0.0,3.0,0.2560711427963711,2.410595523870296,True,False
3,5,6,1,2.700000000000002,0.25,3.0,0.29423231845554065,2.6224343482111263,True,False
3,5,6,1,2.700000000000002,0.5,3.0,0.3259477446937469,2.84071892197292,True,False
3,5,6,1,2.700000000000002,0.75,3.0,0.35254726459035823,3.064119402076309,True,True
3,5,6,1,2.700000000000002,1.0,3.0,0.37506613906592334,3.2916005276007434,True,True
3,5,6,1,2.8000000000000016,0.0,3.0,0.24588692888864405,2.420779737778023,True,False
3,5,6,1,2.8000000000000016,0.25,3.0,0.2824555794560468,2.63421108721062,True,False
3,5,6,1,2.8000000000000016,0.5,3.0,0.3128659777561418,2.853800688910525,True,False
3,5,6,1,2.8000000000000016,0.75,3.0,0.3383931481022,3.078273518564467,True,True
3,5,6,1,2.8000000000000016,1.0,3.0,0.36002585672333476,3.306640809943332,True,True
3,5,6,1,2.9000000000000017,0.0,3.0,0.2364900746588694,2.430176592007798,True,False
3,5,6,1,2.9000000000000017,0.25,3.0,0.2715960808155695,2.6450705858510974,True,False
3,5,6,1,2.9000000000000017,0.5,3.0,0.30080634378215687,2.86586032288451,True,False
3,5,6,1,2.9000000000000017,0.75,3.0,0.3253453900232708,3.091321276643396,True,True
3,5,6,1,2.9000000000000017,1.0,3.0,0.34615956280253557,3.3205071038641316,True,True
3,5,6,1,3.0000000000000018,0.0,3.0,0.22779173654820006,2.438874930118467,True,False
3,5,6,1,3.0000000000000018,0.25,3.0,0.26154944863791063,2.6551172180287566,True,False
3,5,6,1,3.0000000000000018,0.5,3.0,0.2896521086449977,2.8770145580216693,True,False
3,5,6,1,3.0000000000000018,0.75,3.0,0.31327757976806603,3.103389086898601,True,True
3,5,6,1,3.0000000000000018,1.0,3.0,0.33333333333333326,3.333333333333334,True,True
3,5,6,2,1.1,0.0,3.0,1.6417251802855892,3.6916081530477447,True,True
3,5,6,2,1.1,0.25,3.0,1.8041339028578087,3.779199430475525,True,True
3,5,6,2,1.1,0.5,3.0,1.9516864240259837,3.8816469093073502,True,True
3,5,6,2,1.1,0.75,3.0,2.083333333333332,4.000000000000002,True,True
3,5,6,2,1.1,1.0,3.0,2.198746893716093,4.134586439617241,True,True
3,5,6,2,1.2000000000000002,0.0,3.0,1.4194475377420193,3.9138857955913147,True,True
3,5,6,2,1.2000000000000002,0.25,3.0,1.549329040343702,4.034004292989632,True,True
3,5,6,2,1.2000000000000002,0.5,3.0,1.6666666666666663,4.166666666666668,True,True
3,5,6,2,1.2000000000000002,0.75,3.0,1.7716874454893188,4.311645887844016,True,True
3,5,6,2,1.2000000000000002,1.0,3.0,1.8649583873488897,4.468374945984444,True,True
3,5,6,2,1.3000000000000003,0.0,3.0,1.2585097212568217,4.0748236120765124,True,True
3,5,6,2,1.3000000000000003,0.25,3.0,1.3689326758774498,4.214400657455884,True,True
3,5,6,2,1.3000000000000003,0.5,3.0,1.468672179733779,4.364661153599555,True,True
3,5,6,2,1.3000000000000003,0.75,3.0,1.558273913607295,4.525059419726039,True,True
3,5,6,2,1.3000000000000003,1.0,3.0,1.6384421787493681,4.694891154583965,True,True
3,5,6,2,1.4000000000000004,0.0,3.0,1.1339545771970396,4.199378756136294,True,True
3,5,6,2,1.4000000000000004,0.25,3.0,1.2308143608302298,4.352518972503104,True,True
3,5,6,2,1.4000000000000004,0.5,3.0,1.3183664783217197,4.514966855011615,True,True
3,5,6,2,1.4000000000000004,0.75,3.0,1.3972466888349497,4.686086644498384,True,True
3,5,6,2,1.4000000000000004,1.0,3.0,1.4681612545703033,4.865172078763031,True,True
3,5,6,2,1.5000000000000007,0.0,3.0,1.033673504811214,4.29965982852212,True,True
3,5,6,2,1.5000000000000007,0.25,3.0,1.1203190733223676,4.463014260010967,True,True
3,5,6,2,1.5000000000000007,0.5,3.0,1.198705989325974,4.6346273440073595,True,True
3,5,6,2,1.5000000000000007,0.75,3.0,1.269485806821938,4.813847526511396,True,True
3,5,6,2,1.5000000000000007,1.0,3.0,1.3333333333333324,5.000000000000002,True,True
3,5,6,2,1.6000000000000005,0.0,3.0,0.9507283098354995,4.382605023497835,True,True
3,5,6,2,1.6000000000000005,0.25,3.0,1.029309501453616,4.554023831879718,True,True
3,5,6,2,1.6000000000000005,0.5,3.0,1.1004587735247184,4.732874559808615,True,True
3,5,6,2,1.6000000000000005,0.75,3.0,1.1648157284074645,4.918517604925869,True,True
3,5,6,2,1.6000000000000005,1.0,3.0,1.2230160350515658,5.110317298281768,True,True
3,5,6,2,1.7000000000000006,0.0,3.0,0.8807376412963603,4.452595692036974,True,True
3,5,6,2,1.7000000000000006,0.25,3.0,0.9527435927194645,4.630589740613869,True,True
3,5,6,2,1.7000000000000006,0.5,3.0,1.017987215013302,4.815346118320032,True,True
3,5,6,2,1.7000000000000006,0.75,3.0,1.077085477617455,5.006247855715879,True,True
3,5,6,2,1.7000000000000006,1.0,3.0,1.1306350272756402,5.202698306057694,True,True
3,5,6,2,1.8000000000000005,0.0,3.0,0.8207502526848718,4.512583080648462,True,True
3,5,6,2,1.8000000000000005,0.25,3.0,0.8872675196622597,4.6960658136710745,True,True
3,5,6,2,1.8000000000000005,0.5,3.0,0.9475768223947458,4.885756510938588,True,True
3,5,6,2,1.8000000000000005,0.75,3.0,1.0022688343351422,5.081064498998192,True,True
3,5,6,2,1.8000000000000005,1.0,3.0,1.0519037432584124,5.2814295900749215,True,True
3,5,6,2,1.9000000000000008,0.0,3.0,0.7686837422738912,4.5646495910594425,True,True
3,5,6,2,1.9000000000000008,0.25,3.0,0.8305357794678678,4.7527975538654665,True,True
3,5,6,2,1.9000000000000008,0.5,3.0,0.8866470775582895,4.946686255775044,True,True
3,5,6,2,1.9000000000000008,0.75,3.0,0.9375814241913667,5.145751909141968,True,True
3,5,6,2,1.9000000000000008,1.0,3.0,0.9838657405533988,5.349467592779935,True,True
3,5,6,2,2.000000000000001,0.0,3.0,0.7230160350515662,4.6103172982817675,True,True
3,5,6,2,2.000000000000001,0.25,3.0,0.7808452479977239,4.80248808533561,True,True
3,5,6,2,2.000000000000001,0.5,3.0,0.8333333333333326,5.000000000000002,True,True
3,5,6,2,2.000000000000001,0.75,3.0,0.8810179729226375,5.202315360410696,True,True
3,5,6,2,2.000000000000001,1.0,3.0,0.924395992154381,5.408937341178953,True,True
3,5,6,2,2.100000000000001,0.0,3.0,0.6826031756190798,4.650730157714254,True,True
3,5,6,2,2.100000000000001,0.25,3.0,0.7369223501276947,4.846410983205639,True,True
3,5,6,2,2.100000000000001,0.5,3.0,0.7862464085507992,5.047086924782535,True,True
3,5,6,2,2.100000000000001,0.75,3.0,0.8310882930205867,5.252245040312747,True,True
3,5,6,2,2.100000000000001,1.0,3.0,0.8719176573253358,5.461415676007999,True,True
3,5,6,2,2.200000000000001,0.0,3.0,0.6465656590910349,4.686767674242299,True,True
3,5,6,2,2.200000000000001,0.25,3.0,0.6977918211501368,4.885541512183197,True,True
3,5,6,2,2.200000000000001,0.5,3.0,0.7443256122818678,5.089007721051466,True,True
3,5,6,2,2.200000000000001,0.75,3.0,0.7866568120441984,5.296676521289136,True,True
3,5,6,2,2.200000000000001,1.0,3.0,0.8252305192726714,5.5081028140606625,True,True
3,5,6,2,2.300000000000001,0.0,3.0,0.6142143806260312,4.719118952707303,True,True
3,5,6,2,2.300000000000001,0.25,3.0,0.6626919809175882,4.920641352415746,True,True
3,5,6,2,2.300000000000001,0.5,3.0,0.7067444873473709,5.126588845985963,True,True
3,5,6,2,2.300000000000001,0.75,3.0,0.746840123170557,5.336493210162777,True,True
3,5,6,2,2.300000000000001,1.0,3.0,0.783401744166178,5.549931589167156,True,True
3,5,6,2,2.4000000000000012,0.0,3.0,0.5850006672005335,4.7483326661328,True,True
3,5,6,2,2.4000000000000012,0.25,3.0,0.6310179729226375,4.952315360410696,True,True
3,5,6,2,2.4000000000000012,0.5,3.0,0.6728479970272896,5.160485336306044,True,True
3,5,6,2,2.4000000000000012,0.75,3.0,0.7109389548421667,5.372394378491167,True,True
3,5,6,2,2.4000000000000012,1.0,3.0,0.7456934922776743,5.58763984105566,True,True
3,5,6,2,2.5000000000000013,0.0,3.0,0.5584815598877468,4.774851773445587,True,True
3,5,6,2,2.5000000000000013,0.25,3.0,0.6022825574300574,4.9810507759032765,True,True
3,5,6,2,2.5000000000000013,0.5,3.0,0.6421093226739694,5.191224010659365,True,True
3,5,6,2,2.5000000000000013,0.75,3.0,0.6783915145854609,5.404941818747873,True,True
3,5,6,2,2.5000000000000013,1.0,3.0,0.7115133562239602,5.621819977109373,True,True
3,5,6,2,2.6000000000000014,0.0,3.0,0.5342950885854569,4.7990382447478765,True,True
3,5,6,2,2.6000000000000014,0.25,3.0,0.5760883238490639,5.00724500948427,True,True
3,5,6,2,2.6000000000000014,0.5,3.0,0.6140993518382292,5.219233981495105,True,True
3,5,6,2,2.6000000000000014,0.75,3.0,0.6487406156842952,5.434592717649039,True,True
3,5,6,2,2.6000000000000014,1.0,3.0,0.6803794886391699,5.652953844694164,True,True
3,5,6,2,2.700000000000002,0.0,3.0,0.5121422855927422,4.821191047740592,True,True
3,5,6,2,2.700000000000002,0.25,3.0,0.5521075582705515,5.031225775062783,True,True
3,5,6,2,2.700000000000002,0.5,3.0,0.5884646369110813,5.244868696422253,True,True
3,5,6,2,2.700000000000002,0.75,3.0,0.621609976686853,5.4617233566464805,True,True
3,5,6,2,2.700000000000002,1.0,3.0,0.6518954893874938,5.68143784394584,True,True
3,5,6,2,2.8000000000000016,0.0,3.0,0.4917738577772881,4.841559475556046,True,True
3,5,6,2,2.8000000000000016,0.25,3.0,0.5300673765168065,5.053265956816528,True,True
3,5,6,2,2.8000000000000016,0.5,3.0,0.5649111589120936,5.26842217442124,True,True
3,5,6,2,2.8000000000000016,0.75,3.0,0.5966867920456935,5.486646541287641,True,True
3,5,6,2,2.8000000000000016,1.0,3.0,0.6257319555122836,5.70760137782105,True,True
3,5,6,2,2.9000000000000017,0.0,3.0,0.4729801493177388,4.860353184015596,True,True
3,5,6,2,2.9000000000000017,0.25,3.0,0.5097385606067815,5.073594772726553,True,True
3,5,6,2,2.9000000000000017,0.5,3.0,0.543192161631139,5.290141171702195,True,True
3,5,6,2,2.9000000000000017,0.75,3.0,0.5737086907519173,5.509624642581416,True,True
3,5,6,2,2.9000000000000017,1.0,3.0,0.6016126875643137,5.73172064576902,True,True
3,5,6,2,3.0000000000000018,0.0,3.0,0.4555834730964001,4.877749860236934,True,True
3,5,6,2,3.0000000000000018,0.25,3.0,0.4909270512869126,5.092406282046421,True,True
3,5,6,2,3.0000000000000018,0.5,3.0,0.5230988972758213,5.310234436057513,True,True
3,5,6,2,3.0000000000000018,0.75,3.0,0.5524538281260254,5.5308795052073085,True,True
3,5,6,2,3.0000000000000018,1.0,3.0,0.5793042172899954,5.7540291160433386,True,True
3,5,6,3,1.1,0.0,3.0,2.4625877704283847,5.537412229571615,True,True
3,5,6,3,1.1,0.25,3.0,2.627369295429368,5.622630704570632,True,True
3,5,6,3,1.1,0.5,3.0,2.7825501402401875,5.717449859759812,True,True
3,5,6,3,1.1,0.75,3.0,2.927529636038977,5.822470363961023,True,True
3,5,6,3,1.1,1.0,3.0,3.0618825436766928,5.938117456323307,True,True
3,5,6,3,1.2000000000000002,0.0,3.0,2.1291713066130287,5.870828693386971,True,True
3,5,6,3,1.2000000000000002,0.25,3.0,2.261144229471246,5.988855770528755,True,True
3,5,6,3,1.2000000000000002,0.5,3.0,2.384747559533384,6.115252440466616,True,True
3,5,6,3,1.2000000000000002,0.75,3.0,2.4999999999999996,6.25,True,True
3,5,6,3,1.2000000000000002,1.0,3.0,2.607030551399908,6.392969448600092,True,True
3,5,6,3,1.3000000000000003,0.0,3.0,1.887764581885233,6.112235418114767,True,True
3,5,6,3,1.3000000000000003,0.25,3.0,1.9999999999999996,6.25,True,True
3,5,6,3,1.3000000000000003,0.5,3.0,2.105014792950417,6.394985207049583,True,True
3,5,6,3,1.3000000000000003,0.75,3.0,2.203008269600669,6.546991730399331,True,True
3,5,6,3,1.3000000000000003,1.0,3.0,2.2942383140092812,6.705761685990719,True,True
3,5,6,3,1.4000000000000004,0.0,3.0,1.7009318657955599,6.29906813420444,True,True
3,5,6,3,1.4000000000000004,0.25,3.0,1.799385641844903,6.4506143581550965,True,True
3,5,6,3,1.4000000000000004,0.5,3.0,1.8915047169858492,6.60849528301415,True,True
3,5,6,3,1.4000000000000004,0.75,3.0,1.9775497174825798,6.77245028251742,True,True
3,5,6,3,1.4000000000000004,1.0,3.0,2.057811286103034,6.942188713896966,True,True
3,5,6,3,1.5000000000000007,0.0,3.0,1.5505102572168212,6.449489742783179,True,True
3,5,6,3,1.5000000000000007,0.25,3.0,1.6385785420273837,6.611421457972616,True,True
3,5,6,3,1.5000000000000007,0.5,3.0,1.7210015157510794,6.778998484248921,True,True
3,5,6,3,1.5000000000000007,0.75,3.0,1.7980589839889616,6.951941016011038,True,True
3,5,6,3,1.5000000000000007,1.0,3.0,1.8700443603234156,7.129955639676584,True,True
3,5,6,3,1.6000000000000005,0.0,3.0,1.4260924647532494,6.57390753524675,True,True
3,5,6,3,1.6000000000000005,0.25,3.0,1.505959145030379,6.7440408549696205,True,True
3,5,6,3,1.6000000000000005,0.5,3.0,1.5807304369921718,6.919269563007829,True,True
3,5,6,3,1.6000000000000005,0.75,3.0,1.6506881602870784,7.099311839712922,True,True
3,5,6,3,1.6000000000000005,1.0,3.0,1.7161178185849884,7.283882181415011,True,True
3,5,6,3,1.7000000000000006,0.0,3.0,1.3211064619445407,6.678893538055459,True,True
3,5,6,3,1.7000000000000006,0.25,3.0,1.3942855384371953,6.855714461562805,True,True
3,5,6,3,1.7000000000000006,0.5,3.0,1.4628182059755805,7.03718179402442,True,True
3,5,6,3,1.7000000000000006,0.75,3.0,1.5269808225199535,7.2230191774800465,True,True
3,5,6,3,1.7000000000000006,1.0,3.0,1.5870471823857044,7.412952817614295,True,True
3,5,6,3,1.8000000000000005,0.0,3.0,1.2311253790273078,6.768874620972692,True,True
3,5,6,3,1.8000000000000005,0.25,3.0,1.2987220196480629,6.951277980351938,True,True
3,5,6,3,1.8000000000000005,0.5,3.0,1.3620460914727563,7.137953908527244,True,True
3,5,6,3,1.8000000000000005,0.75,3.0,1.4213652335921192,7.32863476640788,True,True
3,5,6,3,1.8000000000000005,1.0,3.0,1.4769404754638238,7.523059524536176,True,True
3,5,6,3,1.9000000000000008,0.0,3.0,1.1530256134108372,6.846974386589163,True,True
3,5,6,3,1.9000000000000008,0.25,3.0,1.215877551382095,7.0341224486179055,True,True
3,5,6,3,1.9000000000000008,0.5,3.0,1.274773339019272,7.225226660980728,True,True
3,5,6,3,1.9000000000000008,0.75,3.0,1.3299706163374343,7.420029383662566,True,True
3,5,6,3,1.9000000000000008,1.0,3.0,1.3817177468153528,7.618282253184647,True,True
3,5,6,3,2.000000000000001,0.0,3.0,1.0845240525773492,6.915475947422651,True,True
3,5,6,3,2.000000000000001,0.25,3.0,1.1432848895308587,7.106715110469141,True,True
3,5,6,3,2.000000000000001,0.5,3.0,1.1983610960665736,7.301638903933426,True,True
3,5,6,3,2.000000000000001,0.75,3.0,1.2499999999999996,7.5,True,True
3,5,6,3,2.000000000000001,1.0,3.0,1.2984378812835753,7.701562118716424,True,True
3,5,6,3,2.100000000000001,0.0,3.0,1.0239047634286198,6.97609523657138,True,True
3,5,6,3,2.100000000000001,0.25,3.0,1.0790962323302522,7.170903767669747,True,True
3,5,6,3,2.100000000000001,0.5,3.0,1.130838787964516,7.369161212035484,True,True
3,5,6,3,2.100000000000001,0.75,3.0,1.1793696128261995,7.5706303871738,True,True
3,5,6,3,2.100000000000001,1.0,3.0,1.2249136688950504,7.77508633110495,True,True
3,5,6,3,2.200000000000001,0.0,3.0,0.9698484886365524,7.030151511363448,True,True
3,5,6,3,2.200000000000001,0.25,3.0,1.0218948835664032,7.228105116433596,True,True
3,5,6,3,2.200000000000001,0.5,3.0,1.0706990476750158,7.429300952324985,True,True
3,5,6,3,2.200000000000001,0.75,3.0,1.116488418422802,7.6335115815771974,True,True
3,5,6,3,2.200000000000001,1.0,3.0,1.1594774496957942,7.840522550304206,True,True
3,5,6,3,2.300000000000001,0.0,3.0,0.9213215709390465,7.078678429060954,True,True
3,5,6,3,2.300000000000001,0.25,3.0,0.9705733312223508,7.279426668777649,True,True
3,5,6,3,2.300000000000001,0.5,3.0,1.01676565219499,7.48323434780501,True,True
3,5,6,3,2.300000000000001,0.75,3.0,1.0601167310210569,7.689883268978943,True,True
3,5,6,3,2.300000000000001,1.0,3.0,1.1008313036733584,7.899168696326642,True,True
3,5,6,3,2.4000000000000012,0.0,3.0,0.8775010008008004,7.1224989991992,True,True
3,5,6,3,2.4000000000000012,0.25,3.0,0.9242513896485605,7.3257486103514395,True,True
3,5,6,3,2.4000000000000012,0.5,3.0,0.9681052220807964,7.531894777919204,True,True
3,5,6,3,2.4000000000000012,0.75,3.0,1.0092719955409346,7.740728004459065,True,True
3,5,6,3,2.4000000000000012,1.0,3.0,1.0479474704653362,7.952052529534663,True,True
3,5,6,3,2.5000000000000013,0.0,3.0,0.83772233983162,7.16227766016838,True,True
3,5,6,3,2.5000000000000013,0.25,3.0,0.8822195572317875,7.367780442768213,True,True
3,5,6,3,2.5000000000000013,0.5,3.0,0.923966326087482,7.576033673912518,True,True
3,5,6,3,2.5000000000000013,0.75,3.0,0.9631639840109543,7.786836015989046,True,True
3,5,6,3,2.5000000000000013,1.0,3.0,0.9999999999999991,8.0,True,True
3,5,6,3,2.6000000000000014,0.0,3.0,0.8014426328781856,7.198557367121815,True,True
3,5,6,3,2.6000000000000014,0.25,3.0,0.8438988128983276,7.406101187101672,True,True
3,5,6,3,2.6000000000000014,0.5,3.0,0.8837363785302297,7.61626362146977,True,True
3,5,6,3,2.6000000000000014,0.75,3.0,0.9211490277573433,7.828850972242657,True,True
3,5,6,3,2.6000000000000014,1.0,3.0,0.9563165621500116,8.043683437849989,True,True
3,5,6,3,2.700000000000002,0.0,3.0,0.7682134283891133,7.231786571610886,True,True
3,5,6,3,2.700000000000002,0.25,3.0,0.8088114526641457,7.441188547335854,True,True
3,5,6,3,2.700000000000002,0.5,3.0,0.8469104451221794,7.653089554877821,True,True
3,5,6,3,2.700000000000002,0.75,3.0,0.882696955366622,7.867303044633378,True,True
3,5,6,3,2.700000000000002,1.0,3.0,0.9163436838066352,8.083656316193364,True,True
3,5,6,3,2.8000000000000016,0.0,3.0,0.7376607866659319,7.262339213334068,True,True
3,5,6,3,2.8000000000000016,0.25,3.0,0.7765595314492191,7.4734404685507805,True,True
3,5,6,3,2.8000000000000016,0.5,3.0,0.8130682287831195,7.68693177121688,True,True
3,5,6,3,2.8000000000000016,0.75,3.0,0.8473667383681405,7.902633261631859,True,True
3,5,6,3,2.8000000000000016,1.0,3.0,0.8796211721502321,8.120378827849768,True,True
3,5,6,3,2.9000000000000017,0.0,3.0,0.709470223976608,7.2905297760233925,True,True
3,5,6,3,2.9000000000000017,0.25,3.0,0.7468086608159781,7.503191339184022,True,True
3,5,6,3,2.9000000000000017,0.5,3.0,0.7818568020655041,7.718143197934496,True,True
3,5,6,3,2.9000000000000017,0.75,3.0,0.814788242446709,7.935211757553291,True,True
3,5,6,3,2.9000000000000017,1.0,3.0,0.8457629693926432,8.154237030607357,True,True
3,5,6,3,3.0000000000000018,0.0,3.0,0.6833752096445997,7.3166247903554,True,True
3,5,6,3,3.0000000000000018,0.25,3.0,0.7192756521800923,7.530724347819907,True,True
3,5,6,3,3.0000000000000018,0.5,3.0,0.7529774569404517,7.747022543059549,True,True
3,5,6,3,3.0000000000000018,0.75,3.0,0.7846483459137317,7.965351654086268,True,True
3,5,6,3,3.0000000000000018,1.0,3.0,0.8144426020840028,8.185557397915996,True,True
3,5,7,1,1.1,0.0,2.0,0.8208625901427946,1.8458040765238724,True,False
3,5,7,1,1.1,0.25,2.0,0.9758432120129918,1.9408234546536751,True,False
3,5,7,1,1.1,0.5,2.0,1.0993734468580465,2.0672932198086205,True,True
3,5,7,1,1.1,0.75,2.0,1.1917216549300793,2.2249450117365877,True,True
3,5,7,1,1.1,1.0,2.0,1.2581741546635659,2.408492512003101,True,True
3,5,7,1,1.2000000000000002,0.0,2.0,0.7097237688710096,1.9569428977956573,True,False
3,5,7,1,1.2000000000000002,0.25,2.0,0.8333333333333331,2.083333333333334,True,True
3,5,7,1,1.2000000000000002,0.5,2.0,0.9324791936744449,2.234187472992222,True,True
3,5,7,1,1.2000000000000002,0.75,2.0,1.0098727244066577,2.406793942260009,True,True
3,5,7,1,1.2000000000000002,1.0,2.0,1.0695707175073599,2.597095949159307,True,True
3,5,7,1,1.3000000000000003,0.0,2.0,0.6292548606284109,2.0374118060382562,True,True
3,5,7,1,1.3000000000000003,0.25,2.0,0.7343360898668895,2.1823305767997776,True,True
3,5,7,1,1.3000000000000003,0.5,2.0,0.8192210893746841,2.3474455772919827,True,True
3,5,7,1,1.3000000000000003,0.75,2.0,0.8868632887254763,2.5298033779411906,True,True
3,5,7,1,1.3000000000000003,1.0,2.0,0.9405799816126311,2.7260866850540357,True,True
3,5,7,1,1.4000000000000004,0.0,2.0,0.5669772885985198,2.099689378068147,True,True
3,5,7,1,1.4000000000000004,0.25,2.0,0.6591832391608599,2.2574834275058073,True,True
3,5,7,1,1.4000000000000004,0.5,2.0,0.7340806272851517,2.4325860393815155,True,True
3,5,7,1,1.4000000000000004,0.75,2.0,0.7945119916891121,2.622154674977555,True,True
3,5,7,1,1.4000000000000004,1.0,2.0,0.8433036720813432,2.823362994585324,True,True
3,5,7,1,1.5000000000000007,0.0,2.0,0.516836752405607,2.14982991426106,True,True
3,5,7,1,1.5000000000000007,0.25,2.0,0.599352994662987,2.3173136720036798,True,True
3,5,7,1,1.5000000000000007,0.5,2.0,0.6666666666666662,2.500000000000001,True,True
3,5,7,1,1.5000000000000007,0.75,2.0,0.7214400598060821,2.695226606860585,True,True
3,5,7,1,1.5000000000000007,1.0,2.0,0.7661459604278582,2.900520706238809,True,True
3,5,7,1,1.6000000000000005,0.0,2.0,0.47536415491774975,2.1913025117489173,True,True
3,5,7,1,1.6000000000000005,0.25,2.0,0.5502293867623592,2.3664372799043076,True,True
3,5,7,1,1.6000000000000005,0.5,2.0,0.6115080175257829,2.555158649140884,True,True
3,5,7,1,1.6000000000000005,0.75,2.0,0.6616786094099605,2.7549880572567065,True,True
3,5,7,1,1.6000000000000005,1.0,2.0,0.7029450028124549,2.963721663854212,True,True
3,5,7,1,1.7000000000000006,0.0,2.0,0.44036882064818017,2.226297846018487,True,True
3,5,7,1,1.7000000000000006,0.25,2.0,0.508993607506651,2.407673059160016,True,True
3,5,7,1,1.7000000000000006,0.5,2.0,0.5653175136378201,2.601349153028847,True,True
3,5,7,1,1.7000000000000006,0.75,2.0,0.6116490108102226,2.805017655856444,True,True
3,5,7,1,1.7000000000000006,1.0,2.0,0.6499792876709114,3.016687378995756,True,True
3,5,7,1,1.8000000000000005,0.0,2.0,0.4103751263424359,2.256291540324231,True,True
3,5,7,1,1.8000000000000005,0.25,2.0,0.4737884111973729,2.442878255469294,True,True
3,5,7,1,1.8000000000000005,0.5,2.0,0.5259518716292062,2.6407147950374608,True,True
3,5,7,1,1.8000000000000005,0.75,2.0,0.5690210813991201,2.847645585267547,True,True
3,5,7,1,1.8000000000000005,1.0,2.0,0.6048142006946675,3.0618524659719997,True,True
3,5,7,1,1.9000000000000008,0.0,2.0,0.3843418711369456,2.2823247955297212,True,True
3,5,7,1,1.9000000000000008,0.25,2.0,0.44332353877914477,2.473343127887522,True,True
3,5,7,1,1.9000000000000008,0.5,2.0,0.4919328702766994,2.6747337963899676,True,True
3,5,7,1,1.9000000000000008,0.75,2.0,0.5321891846510671,2.8844774820156,True,True
3,5,7,1,1.9000000000000008,1.0,2.0,0.5657667093648606,3.1008999573018063,True,True
3,5,7,1,2.000000000000001,0.0,2.0,0.3615080175257831,2.3051586491408838,True,True
3,5,7,1,2.000000000000001,0.25,2.0,0.4166666666666663,2.500000000000001,True,True
3,5,7,1,2.000000000000001,0.5,2.0,0.4621979960771905,2.7044686705894767,True,True
3,5,7,1,2.000000000000001,0.75,2.0,0.4999999999999998,2.916666666666667,True,True
3,5,7,1,2.000000000000001,1.0,2.0,0.5316250540155574,3.1350416126511096,True,True
3,5,7,1,2.100000000000001,0.0,2.0,0.3413015878095399,2.325365078857127,True,True
3,5,7,1,2.100000000000001,0.25,2.0,0.3931232042753996,2.5235434623912676,True,True
3,5,7,1,2.100000000000001,0.5,2.0,0.4359588286626679,2.7307078380039993,True,True
3,5,7,1,2.100000000000001,0.75,2.0,0.4715981600286807,2.9450685066379862,True,True
3,5,7,1,2.100000000000001,1.0,2.0,0.5014889265764764,3.165177740090191,True,True
3,5,7,1,2.200000000000001,0.0,2.0,0.32328282954551746,2.3433838371211495,True,True
3,5,7,1,2.200000000000001,0.25,2.0,0.3721628061409339,2.544503860525733,True,True
3,5,7,1,2.200000000000001,0.5,2.0,0.4126152596363357,2.7540514070303312,True,True
3,5,7,1,2.200000000000001,0.75,2.0,0.4463328570972098,2.970333809569457,True,True
3,5,7,1,2.200000000000001,1.0,2.0,0.47467237637622817,3.191994290290439,True,True
3,5,7,1,2.300000000000001,0.0,2.0,0.3071071903130156,2.3595594763536516,True,True
3,5,7,1,2.300000000000001,0.25,2.0,0.35337224367368547,2.5632944229929815,True,True
3,5,7,1,2.300000000000001,0.5,2.0,0.391700872083089,2.774965794583578,True,True
3,5,7,1,2.300000000000001,0.75,2.0,0.42369842965494087,2.992968237011726,True,True
3,5,7,1,2.300000000000001,1.0,2.0,0.4506418461272135,3.2160248205394533,True,True
3,5,7,1,2.4000000000000012,0.0,2.0,0.2925003336002667,2.3741663330664,True,True
3,5,7,1,2.4000000000000012,0.25,2.0,0.3364239985136448,2.580242668153022,True,True
3,5,7,1,2.4000000000000012,0.5,2.0,0.37284674613883717,2.79381992052783,True,True
3,5,7,1,2.4000000000000012,0.75,2.0,0.4032950197195144,3.0133716469471525,True,True
3,5,7,1,2.4000000000000012,1.0,2.0,0.42897503780393986,3.237691628862727,True,True
3,5,7,1,2.5000000000000013,0.0,2.0,0.2792407799438734,2.3874258867227933,True,True
3,5,7,1,2.5000000000000013,0.25,2.0,0.3210546613369847,2.5956120053296825,True,True
3,5,7,1,2.5000000000000013,0.5,2.0,0.3557566781119801,2.8109099885546867,True,True
3,5,7,1,2.5000000000000013,0.75,2.0,0.38480165214428386,3.031865014522383,True,True
3,5,7,1,2.5000000000000013,1.0,2.0,0.4093327091137444,3.2573339575529223,True,True
3,5,7,1,2.6000000000000014,0.0,2.0,0.26714754429272847,2.3995191223739383,True,True
3,5,7,1,2.6000000000000014,0.25,2.0,0.3070496759191146,2.6096169907475524,True,True
3,5,7,1,2.6000000000000014,0.5,2.0,0.34018974431958493,2.826476922347082,True,True
3,5,7,1,2.6000000000000014,0.75,2.0,0.36795730177244845,3.0487093648942185,True,True
3,5,7,1,2.6000000000000014,1.0,2.0,0.3914388056164724,3.275227861050195,True,True
3,5,7,1,2.700000000000002,0.0,2.0,0.2560711427963711,2.410595523870296,True,True
3,5,7,1,2.700000000000002,0.25,2.0,0.29423231845554065,2.6224343482111263,True,True
3,5,7,1,2.700000000000002,0.5,2.0,0.3259477446937469,2.84071892197292,True,True
3,5,7,1,2.700000000000002,0.75,2.0,0.35254726459035823,3.064119402076309,True,True
3,5,7,1,2.700000000000002,1.0,2.0,0.37506613906592334,3.2916005276007434,True,True
3,5,7,1,2.8000000000000016,0.0,2.0,0.24588692888864405,2.420779737778023,True,True
3,5,7,1,2.8000000000000016,0.25,2.0,0.2824555794560468,2.63421108721062,True,True
3,5,7,1,2.8000000000000016,0.5,2.0,0.3128659777561418,2.853800688910525,True,True
3,5,7,1,2.8000000000000016,0.75,2.0,0.3383931481022,3.078273518564467,True,True
3,5,7,1,2.8000000000000016,1.0,2.0,0.36002585672333476,3.306640809943332,True,True
3,5,7,1,2.9000000000000017,0.0,2.0,0.2364900746588694,2.430176592007798,True,True
3,5,7,1,2.9000000000000017,0.25,2.0,0.2715960808155695,2.6450705858510974,True,True
3,5,7,1,2.9000000000000017,0.5,2.0,0.30080634378215687,2.86586032288451,True,True
3,5,7,1,2.9000000000000017,0.75,2.0,0.3253453900232708,3.091321276643396,True,True
3,5,7,1,2.9000000000000017,1.0,2.0,0.34615956280253557,3.3205071038641316,True,True
3,5,7,1,3.0000000000000018,0.0,2.0,0.22779173654820006,2.438874930118467,True,True
3,5,7,1,3.0000000000000018,0.25,2.0,0.26154944863791063,2.6551172180287566,True,True
3,5,7,1,3.0000000000000018,0.5,2.0,0.2896521086449977,2.8770145580216693,True,True
3,5,7,1,3.0000000000000018,0.75,2.0,0.31327757976806603,3.103389086898601,True,True
3,5,7,1,3.0000000000000018,1.0,2.0,0.33333333333333326,3.333333333333334,True,True
3,5,7,2,1.1,0.0,2.0,1.6417251802855892,3.6916081530477447,True,True
3,5,7,2,1.1,0.25,2.0,1.8041339028578087,3.779199430475525,True,True
3,5,7,2,1.1,0.5,2.0,1.9516864240259837,3.8816469093073502,True,True
3,5,7,2,1.1,0.75,2.0,2.083333333333332,4.000000000000002,True,True
3,5,7,2,1.1,1.0,2.0,2.198746893716093,4.134586439617241,True,True
3,5,7,2,1.2000000000000002,0.0,2.0,1.4194475377420193,3.9138857955913147,True,True
3,5,7,2,1.2000000000000002,0.25,2.0,1.549329040343702,4.034004292989632,True,True
3,5,7,2,1.2000000000000002,0.5,2.0,1.6666666666666663,4.166666666666668,True,True
3,5,7,2,1.2000000000000002,0.75,2.0,1.7716874454893188,4.311645887844016,True,True
3,5,7,2,1.2000000000000002,1.0,2.0,1.8649583873488897,4.468374945984444,True,True
3,5,7,2,1.3000000000000003,0.0,2.0,1.2585097212568217,4.0748236120765124,True,True
3,5,7,2,1.3000000000000003,0.25,2.0,1.3689326758774498,4.214400657455884,True,True
3,5,7,2,1.3000000000000003,0.5,2.0,1.468672179733779,4.364661153599555,True,True
3,5,7,2,1.3000000000000003,0.75,2.0,1.558273913607295,4.525059419726039,True,True
3,5,7,2,1.3000000000000003,1.0,2.0,1.6384421787493681,4.694891154583965,True,True
3,5,7,2,1.4000000000000004,0.0,2.0,1.1339545771970396,4.199378756136294,True,True
3,5,7,2,1.4000000000000004,0.25,2.0,1.2308143608302298,4.352518972503104,True,True
3,5,7,2,1.4000000000000004,0.5,2.0,1.3183664783217197,4.514966855011615,True,True
3,5,7,2,1.4000000000000004,0.75,2.0,1.3972466888349497,4.686086644498384,True,True
3,5,7,2,1.4000000000000004,1.0,2.0,1.4681612545703033,4.865172078763031,True,True
3,5,7,2,1.5000000000000007,0.0,2.0,1.033673504811214,4.29965982852212,True,True
3,5,7,2,1.5000000000000007,0.25,2.0,1.1203190733223676,4.463014260010967,True,True
3,5,7,2,1.5000000000000007,0.5,2.0,1.198705989325974,4.6346273440073595,True,True
3,5,7,2,1.5000000000000007,0.75,2.0,1.269485806821938,4.813847526511396,True,True
3,5,7,2,1.5000000000000007,1.0,2.0,1.3333333333333324,5.000000000000002,True,True
3,5,7,2,1.6000000000000005,0.0,2.0,0.9507283098354995,4.382605023497835,True,True
3,5,7,2,1.6000000000000005,0.25,2.0,1.029309501453616,4.554023831879718,True,True
3,5,7,2,1.6000000000000005,0.5,2.0,1.1004587735247184,4.732874559808615,True,True
3,5,7,2,1.6000000000000005,0.75,2.0,1.1648157284074645,4.918517604925869,True,True
3,5,7,2,1.6000000000000005,1.0,2.0,1.2230160350515658,5.110317298281768,True,True
3,5,7,2,1.7000000000000006,0.0,2.0,0.8807376412963603,4.452595692036974,True,True
3,5,7,2,1.7000000000000006,0.25,2.0,0.9527435927194645,4.630589740613869,True,True
3,5,7,2,1.7000000000000006,0.5,2.0,1.017987215013302,4.815346118320032,True,True
3,5,7,2,1.7000000000000006,0.75,2.0,1.077085477617455,5.006247855715879,True,True
3,5,7,2,1.7000000000000006,1.0,2.0,1.1306350272756402,5.202698306057694,True,True
3,5,7,2,1.8000000000000005,0.0,2.0,0.8207502526848718,4.512583080648462,True,True
3,5,7,2,1.8000000000000005,0.25,2.0,0.8872675196622597,4.6960658136710745,True,True
3,5,7,2,1.8000000000000005,0.5,2.0,0.9475768223947458,4.885756510938588,True,True
3,5,7,2,1.8000000000000005,0.75,2.0,1.0022688343351422,5.081064498998192,True,True
3,5,7,2,1.8000000000000005,1.0,2.0,1.0519037432584124,5.2814295900749215,True,True
3,5,7,2,1.9000000000000008,0.0,2.0,0.7686837422738912,4.5646495910594425,True,True
3,5,7,2,1.9000000000000008,0.25,2.0,0.8305357794678678,4.7527975538654665,True,True
3,5,7,2,1.9000000000000008,0.5,2.0,0.8866470775582895,4.946686255775044,True,True
3,5,7,2,1.9000000000000008,0.75,2.0,0.9375814241913667,5.145751909141968,True,True
3,5,7,2,1.9000000000000008,1.0,2.0,0.9838657405533988,5.349467592779935,True,True
3,5,7,2,2.000000000000001,0.0,2.0,0.7230160350515662,4.6103172982817675,True,True
3,5,7,2,2.000000000000001,0.25,2.0,0.7808452479977239,4.80248808533561,True,True
3,5,7,2,2.000000000000001,0.5,2.0,0.8333333333333326,5.000000000000002,True,True
3,5,7,2,2.000000000000001,0.75,2.0,0.8810179729226375,5.202315360410696,True,True
3,5,7,2,2.000000000000001,1.0,2.0,0.924395992154381,5.408937341178953,True,True
3,5,7,2,2.100000000000001,0.0,2.0,0.6826031756190798,4.650730157714254,True,True
3,5,7,2,2.100000000000001,0.25,2.0,0.7369223501276947,4.846410983205639,True,True
3,5,7,2,2.100000000000001,0.5,2.0,0.7862464085507992,5.047086924782535,True,True
3,5,7,2,2.100000000000001,0.75,2.0,0.8310882930205867,5.252245040312747,True,True
3,5,7,2,2.100000000000001,1.0,2.0,0.8719176573253358,5.461415676007999,True,True
3,5,7,2,2.200000000000001,0.0,2.0,0.6465656590910349,4.686767674242299,True,True
3,5,7,2,2.200000000000001,0.25,2.0,0.6977918211501368,4.885541512183197,True,True
3,5,7,2,2.200000000000001,0.5,2.0,0.7443256122818678,5.089007721051466,True,True
3,5,7,2,2.200000000000001,0.75,2.0,0.7866568120441984,5.296676521289136,True,True
3,5,7,2,2.200000000000001,1.0,2.0,0.8252305192726714,5.5081028140606625,True,True
3,5,7,2,2.300000000000001,0.0,2.0,0.6142143806260312,4.719118952707303,True,True
3,5,7,2,2.300000000000001,0.25,2.0,0.6626919809175882,4.920641352415746,True,True
3,5,7,2,2.300000000000001,0.5,2.0,0.7067444873473709,5.126588845985963,True,True
3,5,7,2,2.300000000000001,0.75,2.0,0.746840123170557,5.336493210162777,True,True
3,5,7,2,2.300000000000001,1.0,2.0,0.783401744166178,5.549931589167156,True,True
3,5,7,2,2.4000000000000012,0.0,2.0,0.5850006672005335,4.7483326661328,True,True
3,5,7,2,2.4000000000000012,0.25,2.0,0.6310179729226375,4.952315360410696,True,True
3,5,7,2,2.4000000000000012,0.5,2.0,0.6728479970272896,5.160485336306044,True,True
3,5,7,2,2.4000000000000012,0.75,2.0,0.7109389548421667,5.372394378491167,True,True
3,5,7,2,2.4000000000000012,1.0,2.0,0.7456934922776743,5.58763984105566,True,True
3,5,7,2,2.5000000000000013,0.0,2.0,0.5584815598877468,4.774851773445587,True,True
3,5,7,2,2.5000000000000013,0.25,2.0,0.6022825574300574,4.9810507759032765,True,True
3,5,7,2,2.5000000000000013,0.5,2.0,0.6421093226739694,5.191224010659365,True,True
3,5,7,2,2.5000000000000013,0.75,2.0,0.6783915145854609,5.404941818747873,True,True
3,5,7,2,2.5000000000000013,1.0,2.0,0.7115133562239602,5.621819977109373,True,True
3,5,7,2,2.6000000000000014,0.0,2.0,0.5342950885854569,4.7990382447478765,True,True
3,5,7,2,2.6000000000000014,0.25,2.0,0.5760883238490639,5.00724500948427,True,True
3,5,7,2,2.6000000000000014,0.5,2.0,0.6140993518382292,5.219233981495105,True,True
3,5,7,2,2.6000000000000014,0.75,2.0,0.6487406156842952,5.434592717649039,True,True
3,5,7,2,2.6000000000000014,1.0,2.0,0.6803794886391699,5.652953844694164,True,True
3,5,7,2,2.700000000000002,0.0,2.0,0.5121422855927422,4.821191047740592,True,True
3,5,7,2,2.700000000000002,0.25,2.0,0.5521075582705515,5.031225775062783,True,True
3,5,7,2,2.700000000000002,0.5,2.0,0.5884646369110813,5.244868696422253,True,True
3,5,7,2,2.700000000000002,0.75,2.0,0.621609976686853,5.4617233566464805,True,True
3,5,7,2,2.700000000000002,1.0,2.0,0.6518954893874938,5.68143784394584,True,True
3,5,7,2,2.8000000000000016,0.0,2.0,0.4917738577772881,4.841559475556046,True,True
3,5,7,2,2.8000000000000016,0.25,2.0,0.5300673765168065,5.053265956816528,True,True
3,5,7,2,2.8000000000000016,0.5,2.0,0.5649111589120936,5.26842217442124,True,True
3,5,7,2,2.8000000000000016,0.75,2.0,0.5966867920456935,5.486646541287641,True,True
3,5,7,2,2.8000000000000016,1.0,2.0,0.6257319555122836,5.70760137782105,True,True
3,5,7,2,2.9000000000000017,0.0,2.0,0.4729801493177388,4.860353184015596,True,True
3,5,7,2,2.9000000000000017,0.25,2.0,0.5097385606067815,5.073594772726553,True,True
3,5,7,2,2.9000000000000017,0.5,2.0,0.543192161631139,5.290141171702195,True,True
3,5,7,2,2.9000000000000017,0.75,2.0,0.5737086907519173,5.509624642581416,True,True
3,5,7,2,2.9000000000000017,1.0,2.0,0.6016126875643137,5.73172064576902,True,True
3,5,7,2,3.0000000000000018,0.0,2.0,0.4555834730964001,4.877749860236934,True,True
3,5,7,2,3.0000000000000018,0.25,2.0,0.4909270512869126,5.092406282046421,True,True
3,5,7,2,3.0000000000000018,0.5,2.0,0.5230988972758213,5.310234436057513,True,True
3,5,7,2,3.0000000000000018,0.75,2.0,0.5524538281260254,5.5308795052073085,True,True
3,5,7,2,3.0000000000000018,1.0,2.0,0.5793042172899954,5.7540291160433386,True,True
3,5,7,3,1.1,0.0,2.0,2.4625877704283847,5.537412229571615,True,True
3,5,7,3,1.1,0.25,2.0,2.627369295429368,5.622630704570632,True,True
3,5,7,3,1.1,0.5,2.0,2.7825501402401875,5.717449859759812,True,True
3,5,7,3,1.1,0.75,2.0,2.927529636038977,5.822470363961023,True,True
3,5,7,3,1.1,1.0,2.0,3.0618825436766928,5.938117456323307,True,True
3,5,7,3,1.2000000000000002,0.0,2.0,2.1291713066130287,5.870828693386971,True,True
3,5,7,3,1.2000000000000002,0.25,2.0,2.261144229471246,5.988855770528755,True,True
3,5,7,3,1.2000000000000002,0.5,2.0,2.384747559533384,6.115252440466616,True,True
3,5,7,3,1.2000000000000002,0.75,2.0,2.4999999999999996,6.25,True,True
3,5,7,3,1.2000000000000002,1.0,2.0,2.607030551399908,6.392969448600092,True,True
3,5,7,3,1.3000000000000003,0.0,2.0,1.887764581885233,6.112235418114767,True,True
3,5,7,3,1.3000000000000003,0.25,2.0,1.9999999999999996,6.25,True,True
3,5,7,3,1.3000000000000003,0.5,2.0,2.105014792950417,6.394985207049583,True,True
3,5,7,3,1.3000000000000003,0.75,2.0,2.203008269600669,6.546991730399331,True,True
3,5,7,3,1.3000000000000003,1.0,2.0,2.2942383140092812,6.705761685990719,True,True
3,5,7,3,1.4000000000000004,0.0,2.0,1.7009318657955599,6.29906813420444,True,True
3,5,7,3,1.4000000000000004,0.25,2.0,1.799385641844903,6.4506143581550965,True,True
3,5,7,3,1.4000000000000004,0.5,2.0,1.8915047169858492,6.60849528301415,True,True
3,5,7,3,1.4000000000000004,0.75,2.0,1.9775497174825798,6.77245028251742,True,True
3,5,7,3,1.4000000000000004,1.0,2.0,2.057811286103034,6.942188713896966,True,True
3,5,7,3,1.5000000000000007,0.0,2.0,1.5505102572168212,6.449489742783179,True,True
3,5,7,3,1.5000000000000007,0.25,2.0,1.6385785420273837,6.611421457972616,True,True
3,5,7,3,1.5000000000000007,0.5,2.0,1.7210015157510794,6.778998484248921,True,True
3,5,7,3,1.5000000000000007,0.75,2.0,1.7980589839889616,6.951941016011038,True,True
3,5,7,3,1.5000000000000007,1.0,2.0,1.8700443603234156,7.129955639676584,True,True
3,5,7,3,1.6000000000000005,0.0,2.0,1.4260924647532494,6.57390753524675,True,True
3,5,7,3,1.6000000000000005,0.25,2.0,1.505959145030379,6.7440408549696205,True,True
3,5,7,3,1.6000000000000005,0.5,2.0,1.5807304369921718,6.919269563007829,True,True
3,5,7,3,1.6000000000000005,0.75,2.0,1.6506881602870784,7.099311839712922,True,True
3,5,7,3,1.6000000000000005,1.0,2.0,1.7161178185849884,7.283882181415011,True,True
3,5,7,3,1.7000000000000006,0.0,2.0,1.3211064619445407,6.678893538055459,True,True
3,5,7,3,1.7000000000000006,0.25,2.0,1.3942855384371953,6.855714461562805,True,True
3,5,7,3,1.7000000000000006,0.5,2.0,1.4628182059755805,7.03718179402442,True,True
3,5,7,3,1.7000000000000006,0.75,2.0,1.5269808225199535,7.2230191774800465,True,True
3,5,7,3,1.7000000000000006,1.0,2.0,1.5870471823857044,7.412952817614295,True,True
3,5,7,3,1.8000000000000005,0.0,2.0,1.2311253790273078,6.768874620972692,True,True
3,5,7,3,1.8000000000000005,0.25,2.0,1.2987220196480629,6.951277980351938,True,True
3,5,7,3,1.8000000000000005,0.5,2.0,1.3620460914727563,7.137953908527244,True,True
3,5,7,3,1.8000000000000005,0.75,2.0,1.4213652335921192,7.32863476640788,True,True
3,5,7,3,1.8000000000000005,1.0,2.0,1.4769404754638238,7.523059524536176,True,True
3,5,7,3,1.9000000000000008,0.0,2.0,1.1530256134108372,6.846974386589163,True,True
3,5,7,3,1.9000000000000008,0.25,2.0,1.215877551382095,7.0341224486179055,True,True
3,5,7,3,1.9000000000000008,0.5,2.0,1.274773339019272,7.225226660980728,True,True
3,5,7,3,1.9000000000000008,0.75,2.0,1.3299706163374343,7.420029383662566,True,True
3,5,7,3,1.9000000000000008,1.0,2.0,1.3817177468153528,7.618282253184647,True,True
3,5,7,3,2.000000000000001,0.0,2.0,1.0845240525773492,6.915475947422651,True,True
3,5,7,3,2.000000000000001,0.25,2.0,1.1432848895308587,7.106715110469141,True,True
3,5,7,3,2.000000000000001,0.5,2.0,1.1983610960665736,7.301638903933426,True,True
3,5,7,3,2.000000000000001,0.75,2.0,1.2499999999999996,7.5,True,True
3,5,7,3,2.000000000000001,1.0,2.0,1.2984378812835753,7.701562118716424,True,True
3,5,7,3,2.100000000000001,0.0,2.0,1.0239047634286198,6.97609523657138,True,True
3,5,7,3,2.100000000000001,0.25,2.0,1.0790962323302522,7.170903767669747,True,True
3,5,7,3,2.100000000000001,0.5,2.0,1.130838787964516,7.369161212035484,True,True
3,5,7,3,2.100000000000001,0.75,2.0,1.1793696128261995,7.5706303871738,True,True
3,5,7,3,2.100000000000001,1.0,2.0,1.2249136688950504,7.77508633110495,True,True
3,5,7,3,2.200000000000001,0.0,2.0,0.9698484886365524,7.030151511363448,True,True
3,5,7,3,2.200000000000001,0.25,2.0,1.0218948835664032,7.228105116433596,True,True
3,5,7,3,2.200000000000001,0.5,2.0,1.0706990476750158,7.429300952324985,True,True
3,5,7,3,2.200000000000001,0.75,2.0,1.116488418422802,7.6335115815771974,True,True
3,5,7,3,2.200000000000001,1.0,2.0,1.1594774496957942,7.840522550304206,True,True
3,5,7,3,2.300000000000001,0.0,2.0,0.9213215709390465,7.078678429060954,True,True
3,5,7,3,2.300000000000001,0.25,2.0,0.9705733312223508,7.279426668777649,True,True
3,5,7,3,2.300000000000001,0.5,2.0,1.01676565219499,7.48323434780501,True,True
3,5,7,3,2.300000000000001,0.75,2.0,1.0601167310210569,7.689883268978943,True,True
3,5,7,3,2.300000000000001,1.0,2.0,1.1008313036733584,7.899168696326642,True,True
3,5,7,3,2.4000000000000012,0.0,2.0,0.8775010008008004,7.1224989991992,True,True
3,5,7,3,2.4000000000000012,0.25,2.0,0.9242513896485605,7.3257486103514395,True,True
3,5,7,3,2.4000000000000012,0.5,2.0,0.9681052220807964,7.531894777919204,True,True
3,5,7,3,2.4000000000000012,0.75,2.0,1.0092719955409346,7.740728004459065,True,True
3,5,7,3,2.4000000000000012,1.0,2.0,1.0479474704653362,7.952052529534663,True,True
3,5,7,3,2.5000000000000013,0.0,2.0,0.83772233983162,7.16227766016838,True,True
3,5,7,3,2.5000000000000013,0.25,2.0,0.8822195572317875,7.367780442768213,True,True
3,5,7,3,2.5000000000000013,0.5,2.0,0.923966326087482,7.576033673912518,True,True
3,5,7,3,2.5000000000000013,0.75,2.0,0.9631639840109543,7.786836015989046,True,True
3,5,7,3,2.5000000000000013,1.0,2.0,0.9999999999999991,8.0,True,True
3,5,7,3,2.6000000000000014,0.0,2.0,0.8014426328781856,7.198557367121815,True,True
3,5,7,3,2.6000000000000014,0.25,2.0,0.8438988128983276,7.406101187101672,True,True
3,5,7,3,2.6000000000000014,0.5,2.0,0.8837363785302297,7.61626362146977,True,True
3,5,7,3,2.6000000000000014,0.75,2.0,0.9211490277573433,7.828850972242657,True,True
3,5,7,3,2.6000000000000014,1.0,2.0,0.9563165621500116,8.043683437849989,True,True
3,5,7,3,2.700000000000002,0.0,2.0,0.7682134283891133,7.231786571610886,True,True
3,5,7,3,2.700000000000002,0.25,2.0,0.8088114526641457,7.441188547335854,True,True
3,5,7,3,2.700000000000002,0.5,2.0,0.8469104451221794,7.653089554877821,True,True
3,5,7,3,2.700000000000002,0.75,2.0,0.882696955366622,7.867303044633378,True,True
3,5,7,3,2.700000000000002,1.0,2.0,0.9163436838066352,8.083656316193364,True,True
3,5,7,3,2.8000000000000016,0.0,2.0,0.7376607866659319,7.262339213334068,True,True
3,5,7,3,2.8000000000000016,0.25,2.0,0.7765595314492191,7.4734404685507805,True,True
3,5,7,3,2.8000000000000016,0.5,2.0,0.8130682287831195,7.68693177121688,True,True
3,5,7,3,2.8000000000000016,0.75,2.0,0.8473667383681405,7.902633261631859,True,True
3,5,7,3,2.8000000000000016,1.0,2.0,0.8796211721502321,8.120378827849768,True,True
3,5,7,3,2.9000000000000017,0.0,2.0,0.709470223976608,7.2905297760233925,True,True
3,5,7,3,2.9000000000000017,0.25,2.0,0.7468086608159781,7.503191339184022,True,True
3,5,7,3,2.9000000000000017,0.5,2.0,0.7818568020655041,7.718143197934496,True,True
3,5,7,3,2.9000000000000017,0.75,2.0,0.814788242446709,7.935211757553291,True,True
3,5,7,3,2.9000000000000017,1.0,2.0,0.8457629693926432,8.154237030607357,True,True
3,5,7,3,3.0000000000000018,0.0,2.0,0.6833752096445997,7.3166247903554,True,True
3,5,7,3,3.0000000000000018,0.25,2.0,0.7192756521800923,7.530724347819907,True,True
3,5,7,3,3.0000000000000018,0.5,2.0,0.7529774569404517,7.747022543059549,True,True
3,5,7,3,3.0000000000000018,0.75,2.0,0.7846483459137317,7.965351654086268,True,True
3,5,7,3,3.0000000000000018,1.0,2.0,0.8144426020840028,8.185557397915996,True,True
3,8,4,1,1.1,0.0,5.0,0.8654135603827613,2.8012531062839052,True,False
3,8,4,1,1.1,0.25,5.0,1.0612455928411255,2.855421073825541,True,False
3,8,4,1,1.1,0.5,5.0,1.2443374207007738,2.9223292459658925,True,False
3,8,4,1,1.1,0.75,5.0,1.411896349833152,3.004770316833514,True,False
3,8,4,1,1.1,1.0,5.0,1.5613491392207883,3.1053175274458775,True,False
3,8,4,1,1.2000000000000002,0.0,5.0,0.7661459604278584,2.900520706238808,True,False
3,8,4,1,1.2000000000000002,0.25,5.0,0.9300864433955776,2.9865802232710887,True,False
3,8,4,1,1.2000000000000002,0.5,5.0,1.0798671184339754,3.0867995482326904,True,False
3,8,4,1,1.2000000000000002,0.75,5.0,1.2144282965102864,3.2022383701563797,True,False
3,8,4,1,1.2000000000000002,1.0,5.0,1.3333333333333335,3.3333333333333326,True,False
3,8,4,1,1.3000000000000003,0.0,5.0,0.6888556971040096,2.9778109695626567,True,False
3,8,4,1,1.3000000000000003,0.25,5.0,0.8309616642100219,3.0857050024566446,True,False
3,8,4,1,1.3000000000000003,0.5,5.0,0.9593428080820297,3.2073238585846364,True,False
3,8,4,1,1.3000000000000003,0.75,5.0,1.073876405386079,3.3427902612805873,True,False
3,8,4,1,1.3000000000000003,1.0,5.0,1.1749377437870236,3.491728922879642,True,False
3,8,4,1,1.4000000000000004,0.0,5.0,0.6265403907167442,3.0401262759499224,True,False
3,8,4,1,1.4000000000000004,0.25,5.0,0.7524655696494111,3.1642010970172554,True,False
3,8,4,1,1.4000000000000004,0.5,5.0,0.8654930644002845,3.3011736022663816,True,False
3,8,4,1,1.4000000000000004,0.75,5.0,0.9659957070103689,3.450670959656297,True,False
3,8,4,1,1.4000000000000004,1.0,5.0,1.054693182657376,3.6119734840092903,True,False
3,8,4,1,1.5000000000000007,0.0,5.0,0.5750275941215415,3.0916390725451253,True,False
3,8,4,1,1.5000000000000007,0.25,5.0,0.6883541121559855,3.2283125545106808,True,False
3,8,4,1,1.5000000000000007,0.5,5.0,0.7896521086449977,3.3770145580216684,True,False
3,8,4,1,1.5000000000000007,0.75,5.0,0.8795651067415018,3.5371015599251643,True,False
3,8,4,1,1.5000000000000007,1.0,5.0,0.9589647914607795,3.7077018752058866,True,False
3,8,4,1,1.6000000000000005,0.0,5.0,0.5316250540155574,3.135041612651109,True,False
3,8,4,1,1.6000000000000005,0.25,5.0,0.6348016521442839,3.2818650145223827,True,False
3,8,4,1,1.6000000000000005,0.5,5.0,0.7267649503250242,3.439901716341642,True,False
3,8,4,1,1.6000000000000005,0.75,5.0,0.8083085319657128,3.6083581347009535,True,False
3,8,4,1,1.6000000000000005,1.0,5.0,0.8803670188197754,3.7862996478468904,True,False
3,8,4,1,1.7000000000000006,0.0,5.0,0.494496651683656,3.1721700149830108,True,False
3,8,4,1,1.7000000000000006,0.25,5.0,0.589287997809723,3.3273786688569436,True,False
3,8,4,1,1.7000000000000006,0.5,5.0,0.6736040680816004,3.4930625985850656,True,False
3,8,4,1,1.7000000000000006,0.75,5.0,0.7483202950712,3.668346371595466,True,False
3,8,4,1,1.7000000000000006,1.0,5.0,0.8143897720106419,3.852276894656024,True,False
3,8,4,1,1.8000000000000005,0.0,5.0,0.46233748008299247,3.2043291865836743,True,False
3,8,4,1,1.8000000000000005,0.25,5.0,0.5500657477543025,3.366600918912364,True,False
3,8,4,1,1.8000000000000005,0.5,5.0,0.627979233618918,3.5386874330477482,True,False
3,8,4,1,1.8000000000000005,0.75,5.0,0.6969950129965137,3.7196716536701526,True,False
3,8,4,1,1.8000000000000005,1.0,5.0,0.7580614579157972,3.9086052087508687,True,False
3,8,4,1,1.9000000000000008,0.0,5.0,0.4341899028083256,3.232476763858341,True,False
3,8,4,1,1.9000000000000008,0.25,5.0,0.5158758887159316,3.4007907779507347,True,False
3,8,4,1,1.9000000000000008,0.5,5.0,0.588336804948387,3.578329861718279,True,False
3,8,4,1,1.9000000000000008,0.75,5.0,0.6525069419149594,3.764159724751707,True,False
3,8,4,1,1.9000000000000008,1.0,5.0,0.7093176620466317,3.9573490046200344,True,False
3,8,4,1,2.000000000000001,0.0,5.0,0.40933270911374464,3.257333957552922,True,False
3,8,4,1,2.000000000000001,0.25,5.0,0.485783579410642,3.4308830872560243,True,False
3,8,4,1,2.000000000000001,0.5,5.0,0.5535366874428482,3.613129979223818,True,False
3,8,4,1,2.000000000000001,0.75,5.0,0.6135283992496132,3.8031382674170526,True,False
3,8,4,1,2.000000000000001,1.0,5.0,0.6666666666666663,4.0,True,False
3,8,4,1,2.100000000000001,0.0,5.0,0.38721098675616994,3.2794556799104964,True,False
3,8,4,1,2.100000000000001,0.25,5.0,0.4590775655795929,3.4575891010870734,True,False
3,8,4,1,2.100000000000001,0.5,5.0,0.5227193922781237,3.6439472743885424,True,False
3,8,4,1,2.100000000000001,0.75,5.0,0.5790654336652372,3.837601233001429,True,False
3,8,4,1,2.100000000000001,1.0,5.0,0.6289971268406398,4.037669539826027,True,False
3,8,4,1,2.200000000000001,0.0,5.0,0.36738998552281865,3.299276681143848,True,False
3,8,4,1,2.200000000000001,0.25,5.0,0.43520565342828665,3.4814610132383796,True,False
3,8,4,1,2.200000000000001,0.5,5.0,0.4952225186872141,3.671444147979452,True,False
3,8,4,1,2.200000000000001,0.75,5.0,0.5483562280999537,3.8683104385667124,True,False
3,8,4,1,2.200000000000001,1.0,5.0,0.5954604898254947,4.071206176841171,True,False
3,8,4,1,2.300000000000001,0.0,5.0,0.34952376965744203,3.3171428970092247,True,False
3,8,4,1,2.300000000000001,0.25,5.0,0.4137317400007341,3.502934926665932,True,False
3,8,4,1,2.300000000000001,0.5,5.0,0.4705260469549606,3.6961406197117057,True,False
3,8,4,1,2.300000000000001,0.75,5.0,0.5208053768642456,3.8958612898024203,True,False
3,8,4,1,2.300000000000001,1.0,5.0,0.5653955898778971,4.101271076788769,True,False
3,8,4,1,2.4000000000000012,0.0,5.0,0.33333333333333326,3.333333333333333,True,False
3,8,4,1,2.4000000000000012,0.25,5.0,0.3943063017397115,3.5223603649269553,True,False
3,8,4,1,2.4000000000000012,0.5,5.0,0.4482152608042844,3.718451405862382,True,False
3,8,4,1,2.4000000000000012,0.75,5.0,0.4959397843304567,3.9207268823362096,True,False
3,8,4,1,2.4000000000000012,1.0,5.0,0.5382783976218317,4.128388269044835,True,False
3,8,4,1,2.5000000000000013,0.0,5.0,0.31859096433309797,3.3480757023335688,True,False
3,8,4,1,2.5000000000000013,0.25,5.0,0.3766455919914742,3.5400210746751926,True,False
3,8,4,1,2.5000000000000013,0.5,5.0,0.427954893888812,3.738711772777854,True,False
3,8,4,1,2.5000000000000013,0.75,5.0,0.4733781626028486,3.9432885040638173,True,False
3,8,4,1,2.5000000000000013,1.0,5.0,0.5136874581391757,4.152979208527491,True,False
3,8,4,1,2.6000000000000014,0.0,5.0,0.305108845416036,3.3615578212506305,True,False
3,8,4,1,2.6000000000000014,0.25,5.0,0.36051664722908483,3.556150019437582,True,False
3,8,4,1,2.6000000000000014,0.5,5.0,0.4094706629459923,3.757196003720674,True,False
3,8,4,1,2.6000000000000014,0.75,5.0,0.4528093898226453,3.9638572768440206,True,False
3,8,4,1,2.6000000000000014,1.0,5.0,0.4912794814705834,4.175387185196083,True,False
3,8,4,1,2.700000000000002,0.0,5.0,0.29273059734866114,3.373936069318005,True,False
3,8,4,1,2.700000000000002,0.25,5.0,0.3457262692256886,3.570940397440978,True,False
3,8,4,1,2.700000000000002,0.5,5.0,0.3925358007185329,3.774130865948133,True,False
3,8,4,1,2.700000000000002,0.75,5.0,0.4339768163439439,3.982689850322722,True,False
3,8,4,1,2.700000000000002,1.0,5.0,0.47077170952886527,4.195894957137801,True,False
3,8,4,1,2.8000000000000016,0.0,5.0,0.2813249059302605,3.385341760736406,True,False
3,8,4,1,2.8000000000000016,0.25,5.0,0.33211279048920406,3.5845538761774627,True,False
3,8,4,1,2.8000000000000016,0.5,5.0,0.3769610558960943,3.7897056107705716,True,False
3,8,4,1,2.8000000000000016,0.75,5.0,0.4166666666666665,3.9999999999999996,True,False
3,8,4,1,2.8000000000000016,1.0,5.0,0.4519289271296749,4.214737739536991,True,False
3,8,4,1,2.9000000000000017,0.0,5.0,0.27078065222909165,3.3958860144375747,True,False
3,8,4,1,2.9000000000000017,0.25,5.0,0.3195398267901437,3.597126839876523,True,False
3,8,4,1,2.9000000000000017,0.5,5.0,0.3625871484036116,3.8040795182630545,True,False
3,8,4,1,2.9000000000000017,0.75,5.0,0.40069932479834747,4.015967341868318,True,False
3,8,4,1,2.9000000000000017,1.0,5.0,0.43455372930491154,4.232112937361754,True,False
3,8,4,1,3.0000000000000018,0.0,5.0,0.2610031446572325,3.405663522009434,True,False
3,8,4,1,3.0000000000000018,0.25,5.0,0.30789147330513655,3.60877519336153,True,False
3,8,4,1,3.0000000000000018,0.5,5.0,0.3492789961095988,3.8173876705570673,True,False
3,8,4,1,3.0000000000000018,0.75,5.0,0.38592268928091333,4.030743977385753,True,False
3,8,4,1,3.0000000000000018,1.0,5.0,0.41847911782065705,4.248187548846009,True,False
3,8,4,2,1.1,0.0,5.0,1.7308271207655226,5.6025062125678105,True,True
3,8,4,2,1.1,0.25,5.0,1.9295052338096212,5.653828099523712,True,True
3,8,4,2,1.1,0.5,5.0,2.122491185682251,5.710842147651082,True,True
3,8,4,2,1.1,0.75,5.0,2.3091147594756847,5.774218573857647,True,True
3,8,4,2,1.1,1.0,5.0,2.4886748414015476,5.844658491931785,True,True
3,8,4,2,1.2000000000000002,0.0,5.0,1.5322919208557169,5.801041412477616,True,True
3,8,4,2,1.2000000000000002,0.25,5.0,1.699601631561134,5.883731701772199,True,True
3,8,4,2,1.2000000000000002,0.5,5.0,1.8601728867911551,5.9731604465421775,True,True
3,8,4,2,1.2000000000000002,0.75,5.0,2.0136510793936737,6.069682253939659,True,True
3,8,4,2,1.2000000000000002,1.0,5.0,2.159734236867951,6.173599096465381,True,True
3,8,4,2,1.3000000000000003,0.0,5.0,1.3777113942080192,5.955621939125313,True,True
3,8,4,2,1.3000000000000003,0.25,5.0,1.5231942995566143,6.060139033776719,True,True
3,8,4,2,1.3000000000000003,0.5,5.0,1.6619233284200439,6.171410004913289,True,True
3,8,4,2,1.3000000000000003,0.75,5.0,1.7937747292299129,6.289558604103419,True,True
3,8,4,2,1.3000000000000003,1.0,5.0,1.9186856161640593,6.414647717169273,True,True
3,8,4,2,1.4000000000000004,0.0,5.0,1.2530807814334883,6.080252551899845,True,True
3,8,4,2,1.4000000000000004,0.25,5.0,1.382246084932846,6.201087248400487,True,True
3,8,4,2,1.4000000000000004,0.5,5.0,1.5049311392988223,6.328402194034511,True,True
3,8,4,2,1.4000000000000004,0.75,5.0,1.6211545373324698,6.462178796000862,True,True
3,8,4,2,1.4000000000000004,1.0,5.0,1.730986128800569,6.602347204532763,True,True
3,8,4,2,1.5000000000000007,0.0,5.0,1.150055188243083,6.1832781450902505,True,True
3,8,4,2,1.5000000000000007,0.25,5.0,1.2664466542497061,6.316886679083627,True,True
3,8,4,2,1.5000000000000007,0.5,5.0,1.376708224311971,6.4566251090213616,True,True
3,8,4,2,1.5000000000000007,0.75,5.0,1.4809457395317573,6.602387593801575,True,True
3,8,4,2,1.5000000000000007,1.0,5.0,1.5793042172899954,6.754029116043337,True,True
3,8,4,2,1.6000000000000005,0.0,5.0,1.0632501080311147,6.270083225302218,True,True
3,8,4,2,1.6000000000000005,0.25,5.0,1.1693135037400721,6.414019829593261,True,True
3,8,4,2,1.6000000000000005,0.5,5.0,1.2696033042885677,6.563730029044765,True,True
3,8,4,2,1.6000000000000005,0.75,5.0,1.3642793622637757,6.719053971069556,True,True
3,8,4,2,1.6000000000000005,1.0,5.0,1.4535299006500484,6.879803432683284,True,True
3,8,4,2,1.7000000000000006,0.0,5.0,0.988993303367312,6.3443400299660215,True,True
3,8,4,2,1.7000000000000006,0.25,5.0,1.086502608481036,6.4968307248522965,True,True
3,8,4,2,1.7000000000000006,0.5,5.0,1.178575995619446,6.654757337713887,True,True
3,8,4,2,1.7000000000000006,0.75,5.0,1.2654068690158256,6.817926464317507,True,True
3,8,4,2,1.7000000000000006,1.0,5.0,1.347208136163201,6.986125197170131,True,True
3,8,4,2,1.8000000000000005,0.0,5.0,0.9246749601659849,6.4086583731673485,True,True
3,8,4,2,1.8000000000000005,0.25,5.0,1.0149654864089768,6.568367846924357,True,True
3,8,4,2,1.8000000000000005,0.5,5.0,1.100131495508605,6.733201837824728,True,True
3,8,4,2,1.8000000000000005,0.75,5.0,1.1803870060434174,6.902946327289914,True,True
3,8,4,2,1.8000000000000005,1.0,5.0,1.255958467237836,7.0773748660954965,True,True
3,8,4,2,1.9000000000000008,0.0,5.0,0.8683798056166512,6.464953527716682,True,True
3,8,4,2,1.9000000000000008,0.25,5.0,0.9524860388398801,6.630847294493453,True,True
3,8,4,2,1.9000000000000008,0.5,5.0,1.0317517774318632,6.801581555901469,True,True
3,8,4,2,1.9000000000000008,0.75,5.0,1.106403271529799,6.976930061803533,True,True
3,8,4,2,1.9000000000000008,1.0,5.0,1.176673609896774,7.156659723436558,True,True
3,8,4,2,2.000000000000001,0.0,5.0,0.8186654182274893,6.514667915105844,True,True
3,8,4,2,2.000000000000001,0.25,5.0,0.8974075021979568,6.685925831135377,True,True
3,8,4,2,2.000000000000001,0.5,5.0,0.971567158821284,6.861766174512049,True,True
3,8,4,2,2.000000000000001,0.75,5.0,1.0413773287675507,7.041956004565781,True,True
3,8,4,2,2.000000000000001,1.0,5.0,1.1070733748856965,7.226259958447636,True,True
3,8,4,2,2.100000000000001,0.0,5.0,0.7744219735123399,6.558911359820993,True,True
3,8,4,2,2.100000000000001,0.25,5.0,0.8484625628326494,6.734870770500684,True,True
3,8,4,2,2.100000000000001,0.5,5.0,0.9181551311591858,6.915178202174147,True,True
3,8,4,2,2.100000000000001,0.75,5.0,0.983735591524936,7.099597741808396,True,True
3,8,4,2,2.100000000000001,1.0,5.0,1.0454387845562474,7.287894548777085,True,True
3,8,4,2,2.200000000000001,0.0,5.0,0.7347799710456373,6.598553362287696,True,True
3,8,4,2,2.200000000000001,0.25,5.0,0.8046630415323315,6.778670291801001,True,True
3,8,4,2,2.200000000000001,0.5,5.0,0.8704113068565733,6.962922026476759,True,True
3,8,4,2,2.200000000000001,0.75,5.0,0.9322611321990606,7.151072201134271,True,True
3,8,4,2,2.200000000000001,1.0,5.0,0.9904450373744282,7.342888295958904,True,True
3,8,4,2,2.300000000000001,0.0,5.0,0.6990475393148841,6.634285794018449,True,True
3,8,4,2,2.300000000000001,0.25,5.0,0.7652257194874084,6.818107613845925,True,True
3,8,4,2,2.300000000000001,0.5,5.0,0.8274634800014682,7.005869853331864,True,True
3,8,4,2,2.300000000000001,0.75,5.0,0.8859959217628912,7.197337411570441,True,True
3,8,4,2,2.300000000000001,1.0,5.0,0.9410520939099212,7.392281239423411,True,True
3,8,4,2,2.4000000000000012,0.0,5.0,0.6666666666666665,6.666666666666666,True,True
3,8,4,2,2.4000000000000012,0.25,5.0,0.7295209955544784,6.853812337778855,True,True
3,8,4,2,2.4000000000000012,0.5,5.0,0.788612603479423,7.0447207298539105,True,True
3,8,4,2,2.4000000000000012,0.75,5.0,0.844174159508388,7.239159173824945,True,True
3,8,4,2,2.4000000000000012,1.0,5.0,0.8964305216085688,7.436902811724764,True,True
3,8,4,2,2.5000000000000013,0.0,5.0,0.6371819286661959,6.6961514046671375,True,True
3,8,4,2,2.5000000000000013,0.25,5.0,0.6970364607921238,6.886296872541209,True,True
3,8,4,2,2.5000000000000013,0.5,5.0,0.7532911839829484,7.080042149350385,True,True
3,8,4,2,2.5000000000000013,0.75,5.0,0.8061755481843766,7.2771577851489555,True,True
3,8,4,2,2.5000000000000013,1.0,5.0,0.855909787777624,7.477423545555708,True,True
3,8,4,2,2.6000000000000014,0.0,5.0,0.610217690832072,6.723115642501261,True,True
3,8,4,2,2.6000000000000014,0.25,5.0,0.6673505021713866,6.915982831161946,True,True
3,8,4,2,2.6000000000000014,0.5,5.0,0.7210332944581697,7.112300038875164,True,True
3,8,4,2,2.6000000000000014,0.75,5.0,0.771491777854326,7.311841555479006,True,True
3,8,4,2,2.6000000000000014,1.0,5.0,0.8189413258919847,7.514392007441348,True,True
3,8,4,2,2.700000000000002,0.0,5.0,0.5854611946973223,6.74787213863601,True,True
3,8,4,2,2.700000000000002,0.25,5.0,0.6401128171082191,6.943220516225114,True,True
3,8,4,2,2.700000000000002,0.5,5.0,0.6914525384513772,7.141880794881956,True,True
3,8,4,2,2.700000000000002,0.75,5.0,0.7397019971082006,7.3436313362251315,True,True
3,8,4,2,2.700000000000002,1.0,5.0,0.7850716014370658,7.548261731896266,True,True
3,8,4,2,2.8000000000000016,0.0,5.0,0.562649811860521,6.770683521472812,True,True
3,8,4,2,2.8000000000000016,0.25,5.0,0.6150297932741746,6.968303540059159,True,True
3,8,4,2,2.8000000000000016,0.5,5.0,0.6642255809784081,7.169107752354925,True,True
3,8,4,2,2.8000000000000016,0.75,5.0,0.7104545439778085,7.372878789355523,True,True
3,8,4,2,2.8000000000000016,1.0,5.0,0.7539221117921886,7.579411221541143,True,True
3,8,4,2,2.9000000000000017,0.0,5.0,0.5415613044581833,6.791772028875149,True,True
3,8,4,2,2.9000000000000017,0.25,5.0,0.5918533788905882,6.991479954442745,True,True
3,8,4,2,2.9000000000000017,0.5,5.0,0.6390796535802874,7.194253679753046,True,True
3,8,4,2,2.9000000000000017,0.75,5.0,0.6834531266908912,7.399880206642441,True,True
3,8,4,2,2.9000000000000017,1.0,5.0,0.7251742968072232,7.608159036526109,True,True
3,8,4,2,3.0000000000000018,0.0,5.0,0.522006289314465,6.811327044018868,True,True
3,8,4,2,3.0000000000000018,0.25,5.0,0.5703724995482533,7.01296083378508,True,True
3,8,4,2,3.0000000000000018,0.5,5.0,0.6157829466102731,7.21755038672306,True,True
3,8,4,2,3.0000000000000018,0.75,5.0,0.6584462252003473,7.424887108132985,True,True
3,8,4,2,3.0000000000000018,1.0,5.0,0.6985579922191976,7.634775341114135,True,True
3,8,4,3,1.1,0.0,5.0,2.596240681148283,8.403759318851717,True,True
3,8,4,3,1.1,0.25,5.0,2.7958196657624725,8.454180334237527,True,True
3,8,4,3,1.1,0.5,5.0,2.991747918435563,8.508252081564438,True,True
3,8,4,3,1.1,0.75,5.0,3.183736778523377,8.566263221476623,True,True
3,8,4,3,1.1,1.0,5.0,3.3714850373089154,8.628514962691085,True,True
3,8,4,3,1.2000000000000002,0.0,5.0,2.2984378812835757,8.701562118716424,True,True
3,8,4,3,1.2000000000000002,0.25,5.0,2.4668425730604664,8.783157426939534,True,True
3,8,4,3,1.2000000000000002,0.5,5.0,2.630838787964516,8.869161212035484,True,True
3,8,4,3,1.2000000000000002,0.75,5.0,2.790259330186733,8.959740669813268,True,True
3,8,4,3,1.2000000000000002,1.0,5.0,2.9449495366961065,9.055050463303893,True,True
3,8,4,3,1.3000000000000003,0.0,5.0,2.0665670913120286,8.933432908687971,True,True
3,8,4,3,1.3000000000000003,0.25,5.0,2.2131639840109543,9.036836015989046,True,True
3,8,4,3,1.3000000000000003,0.5,5.0,2.355292580863784,9.144707419136216,True,True
3,8,4,3,1.3000000000000003,0.75,5.0,2.4928849926300662,9.257115007369933,True,True
3,8,4,3,1.3000000000000003,1.0,5.0,2.6258904308521056,9.374109569147894,True,True
3,8,4,3,1.4000000000000004,0.0,5.0,1.879621172150232,9.120378827849768,True,True
3,8,4,3,1.4000000000000004,0.25,5.0,2.0098656416985783,9.240134358301422,True,True
3,8,4,3,1.4000000000000004,0.5,5.0,2.1357919262997593,9.36420807370024,True,True
3,8,4,3,1.4000000000000004,0.75,5.0,2.2573967089482334,9.492603291051767,True,True
3,8,4,3,1.4000000000000004,1.0,5.0,2.3746921313001366,9.625307868699863,True,True
3,8,4,3,1.5000000000000007,0.0,5.0,1.7250827823646242,9.274917217635377,True,True
3,8,4,3,1.5000000000000007,0.25,5.0,1.8425019277378771,9.407498072262122,True,True
3,8,4,3,1.5000000000000007,0.5,5.0,1.955815854055929,9.54418414594407,True,True
3,8,4,3,1.5000000000000007,0.75,5.0,2.0650623364679563,9.684937663532043,True,True
3,8,4,3,1.5000000000000007,1.0,5.0,2.1702915689746463,9.829708431025354,True,True
3,8,4,3,1.6000000000000005,0.0,5.0,1.5948751620466721,9.405124837953327,True,True
3,8,4,3,1.6000000000000005,0.25,5.0,1.7019112933811953,9.548088706618804,True,True
3,8,4,3,1.6000000000000005,0.5,5.0,1.8050665404851243,9.694933459514875,True,True
3,8,4,3,1.6000000000000005,0.75,5.0,1.9044049564328511,9.84559504356715,True,True
3,8,4,3,1.6000000000000005,1.0,5.0,1.9999999999999991,10.0,True,True
3,8,4,3,1.7000000000000006,0.0,5.0,1.4834899550509677,9.516510044949033,True,True
3,8,4,3,1.7000000000000006,0.25,5.0,1.581918581954949,9.668081418045052,True,True
3,8,4,3,1.7000000000000006,0.5,5.0,1.676682953082846,9.823317046917154,True,True
3,8,4,3,1.7000000000000006,0.75,5.0,1.7678639934291684,9.982136006570832,True,True
3,8,4,3,1.7000000000000006,1.0,5.0,1.8555494226332847,10.144450577366715,True,True
3,8,4,3,1.8000000000000005,0.0,5.0,1.3870124402489772,9.612987559751023,True,True
3,8,4,3,1.8000000000000005,0.25,5.0,1.4781722298176456,9.771827770182355,True,True
3,8,4,3,1.8000000000000005,0.5,5.0,1.565869929788935,9.934130070211065,True,True
3,8,4,3,1.8000000000000005,0.75,5.0,1.650197243262907,10.099802756737093,True,True
3,8,4,3,1.8000000000000005,1.0,5.0,1.7312505083780998,10.2687494916219,True,True
3,8,4,3,1.9000000000000008,0.0,5.0,1.3025697084249765,9.697430291575024,True,True
3,8,4,3,1.9000000000000008,0.25,5.0,1.387499029653891,9.862500970346108,True,True
3,8,4,3,1.9000000000000008,0.5,5.0,1.4691521990688745,10.030847800931125,True,True
3,8,4,3,1.9000000000000008,0.75,5.0,1.547627666147795,10.202372333852205,True,True
3,8,4,3,1.9000000000000008,1.0,5.0,1.6230267607806743,10.376973239219325,True,True
3,8,4,3,2.000000000000001,0.0,5.0,1.227998127341234,9.772001872658766,True,True
3,8,4,3,2.000000000000001,0.25,5.0,1.3075209902073635,9.942479009792637,True,True
3,8,4,3,2.000000000000001,0.5,5.0,1.3839377008567544,10.116062299143245,True,True
3,8,4,3,2.000000000000001,0.75,5.0,1.4573507382319262,10.292649261768073,True,True
3,8,4,3,2.000000000000001,1.0,5.0,1.5278640450004195,10.47213595499958,True,True
3,8,4,3,2.100000000000001,0.0,5.0,1.1616329602685092,9.83836703973149,True,True
3,8,4,3,2.100000000000001,0.25,5.0,1.236415647495468,10.013584352504532,True,True
3,8,4,3,2.100000000000001,0.5,5.0,1.3082473429211898,10.19175265707881,True,True
3,8,4,3,2.100000000000001,0.75,5.0,1.377232696738778,10.372767303261222,True,True
3,8,4,3,2.100000000000001,1.0,5.0,1.4434766804168806,10.55652331958312,True,True
3,8,4,3,2.200000000000001,0.0,5.0,1.1021699565684555,9.897830043431544,True,True
3,8,4,3,2.200000000000001,0.25,5.0,1.1727597569517672,10.077240243048234,True,True
3,8,4,3,2.200000000000001,0.5,5.0,1.2405402460242225,10.259459753975777,True,True
3,8,4,3,2.200000000000001,0.75,5.0,1.3056169602848602,10.44438303971514,True,True
3,8,4,3,2.200000000000001,1.0,5.0,1.3680948353247278,10.631905164675272,True,True
3,8,4,3,2.300000000000001,0.0,5.0,1.0485713089723259,9.951428691027674,True,True
3,8,4,3,2.300000000000001,0.25,5.0,1.1154238365548084,10.134576163445193,True,True
3,8,4,3,2.300000000000001,0.5,5.0,1.1795966308736219,10.320403369126378,True,True
3,8,4,3,2.300000000000001,0.75,5.0,1.2411952200022016,10.5088047799978,True,True
3,8,4,3,2.300000000000001,1.0,5.0,1.3003237854359435,10.699676214564057,True,True
3,8,4,3,2.4000000000000012,0.0,5.0,0.9999999999999991,10.0,True,True
3,8,4,3,2.4000000000000012,0.25,5.0,1.0634989678104123,10.186501032189588,True,True
3,8,4,3,2.4000000000000012,0.5,5.0,1.12443697120736,10.37556302879264,True,True
3,8,4,3,2.4000000000000012,0.75,5.0,1.1829189052191342,10.567081094780866,True,True
3,8,4,3,2.4000000000000012,1.0,5.0,1.2390477143047658,10.760952285695234,True,True
3,8,4,3,2.5000000000000013,0.0,5.0,0.9557728929992937,10.044227107000706,True,True
3,8,4,3,2.5000000000000013,0.25,5.0,1.0162447450531715,10.233755254946828,True,True
3,8,4,3,2.5000000000000013,0.5,5.0,1.0742647636975846,10.425735236302415,True,True
3,8,4,3,2.5000000000000013,0.75,5.0,1.1299367759744223,10.620063224025579,True,True
3,8,4,3,2.5000000000000013,1.0,5.0,1.1833621684830806,10.81663783151692,True,True
3,8,4,3,2.6000000000000014,0.0,5.0,0.9153265362481076,10.084673463751892,True,True
3,8,4,3,2.6000000000000014,0.25,5.0,0.9730514835179003,10.2769485164821,True,True
3,8,4,3,2.6000000000000014,0.5,5.0,1.0284251323558111,10.47157486764419,True,True
3,8,4,3,2.6000000000000014,0.75,5.0,1.0815499416872543,10.668450058312747,True,True
3,8,4,3,2.6000000000000014,1.0,5.0,1.1325255324441912,10.867474467555809,True,True
3,8,4,3,2.700000000000002,0.0,5.0,0.8781917920459836,10.121808207954016,True,True
3,8,4,3,2.700000000000002,0.25,5.0,0.9334122761723425,10.316587723827658,True,True
3,8,4,3,2.700000000000002,0.5,5.0,0.9863743189006087,10.513625681099391,True,True
3,8,4,3,2.700000000000002,0.75,5.0,1.0371788076770656,10.712821192322934,True,True
3,8,4,3,2.700000000000002,1.0,5.0,1.085923469445337,10.914076530554663,True,True
3,8,4,3,2.8000000000000016,0.0,5.0,0.8439747177907817,10.156025282209217,True,True
3,8,4,3,2.8000000000000016,0.25,5.0,0.8969019982358954,10.353098001764105,True,True
3,8,4,3,2.8000000000000016,0.5,5.0,0.9476568219253627,10.552343178074636,True,True
3,8,4,3,2.8000000000000016,0.75,5.0,0.996338371467612,10.753661628532388,True,True
3,8,4,3,2.8000000000000016,1.0,5.0,1.0430424077435791,10.95695759225642,True,True
3,8,4,3,2.9000000000000017,0.0,5.0,0.8123419566872752,10.187658043312725,True,True
3,8,4,3,2.9000000000000017,0.25,5.0,0.8631613048507516,10.386838695149248,True,True
3,8,4,3,2.9000000000000017,0.5,5.0,0.9118880142965988,10.588111985703401,True,True
3,8,4,3,2.9000000000000017,0.75,5.0,0.9586194803704311,10.79138051962957,True,True
3,8,4,3,2.9000000000000017,1.0,5.0,1.0034494657434596,10.99655053425654,True,True
3,8,4,3,3.0000000000000018,0.0,5.0,0.7830094339716975,10.216990566028302,True,True
3,8,4,3,3.0000000000000018,0.25,5.0,0.8318842770768269,10.418115722923172,True,True
3,8,4,3,3.0000000000000018,0.5,5.0,0.8787407514415051,10.621259248558495,True,True
3,8,4,3,3.0000000000000018,0.75,5.0,0.9236744199154092,10.82632558008459,True,True
3,8,4,3,3.0000000000000018,1.0,5.0,0.9667770431528329,11.033222956847167,True,True
3,8,5,1,1.1,0.0,4.0,0.8654135603827613,2.8012531062839052,True,False
3,8,5,1,1.1,0.25,4.0,1.0612455928411255,2.855421073825541,True,False
3,8,5,1,1.1,0.5,4.0,1.2443374207007738,2.9223292459658925,True,False
3,8,5,1,1.1,0.75,4.0,1.411896349833152,3.004770316833514,True,False
3,8,5,1,1.1,1.0,4.0,1.5613491392207883,3.1053175274458775,True,False
3,8,5,1,1.2000000000000002,0.0,4.0,0.7661459604278584,2.900520706238808,True,False
3,8,5,1,1.2000000000000002,0.25,4.0,0.9300864433955776,2.9865802232710887,True,False
3,8,5,1,1.2000000000000002,0.5,4.0,1.0798671184339754,3.0867995482326904,True,False
3,8,5,1,1.2000000000000002,0.75,4.0,1.2144282965102864,3.2022383701563797,True,False
3,8,5,1,1.2000000000000002,1.0,4.0,1.3333333333333335,3.3333333333333326,True,False
3,8,5,1,1.3000000000000003,0.0,4.0,0.6888556971040096,2.9778109695626567,True,False
3,8,5,1,1.3000000000000003,0.25,4.0,0.8309616642100219,3.0857050024566446,True,False
3,8,5,1,1.3000000000000003,0.5,4.0,0.9593428080820297,3.2073238585846364,True,False
3,8,5,1,1.3000000000000003,0.75,4.0,1.073876405386079,3.3427902612805873,True,False
3,8,5,1,1.3000000000000003,1.0,4.0,1.1749377437870236,3.491728922879642,True,False
3,8,5,1,1.4000000000000004,0.0,4.0,0.6265403907167442,3.0401262759499224,True,False
3,8,5,1,1.4000000000000004,0.25,4.0,0.7524655696494111,3.1642010970172554,True,False
3,8,5,1,1.4000000000000004,0.5,4.0,0.8654930644002845,3.3011736022663816,True,False
3,8,5,1,1.4000000000000004,0.75,4.0,0.9659957070103689,3.450670959656297,True,False
3,8,5,1,1.4000000000000004,1.0,4.0,1.054693182657376,3.6119734840092903,True,False
3,8,5,1,1.5000000000000007,0.0,4.0,0.5750275941215415,3.0916390725451253,True,False
3,8,5,1,1.5000000000000007,0.25,4.0,0.6883541121559855,3.2283125545106808,True,False
3,8,5,1,1.5000000000000007,0.5,4.0,0.7896521086449977,3.3770145580216684,True,False
3,8,5,1,1.5000000000000007,0.75,4.0,0.8795651067415018,3.5371015599251643,True,False
3,8,5,1,1.5000000000000007,1.0,4.0,0.9589647914607795,3.7077018752058866,True,False
3,8,5,1,1.6000000000000005,0.0,4.0,0.5316250540155574,3.135041612651109,True,False
3,8,5,1,1.6000000000000005,0.25,4.0,0.6348016521442839,3.2818650145223827,True,False
3,8,5,1,1.6000000000000005,0.5,4.0,0.7267649503250242,3.439901716341642,True,False
3,8,5,1,1.6000000000000005,0.75,4.0,0.8083085319657128,3.6083581347009535,True,False
3,8,5,1,1.6000000000000005,1.0,4.0,0.8803670188197754,3.7862996478468904,True,False
3,8,5,1,1.7000000000000006,0.0,4.0,0.494496651683656,3.1721700149830108,True,False
3,8,5,1,1.7000000000000006,0.25,4.0,0.589287997809723,3.3273786688569436,True,False
3,8,5,1,1.7000000000000006,0.5,4.0,0.6736040680816004,3.4930625985850656,True,False
3,8,5,1,1.7000000000000006,0.75,4.0,0.7483202950712,3.668346371595466,True,False
3,8,5,1,1.7000000000000006,1.0,4.0,0.8143897720106419,3.852276894656024,True,False
3,8,5,1,1.8000000000000005,0.0,4.0,0.46233748008299247,3.2043291865836743,True,False
3,8,5,1,1.8000000000000005,0.25,4.0,0.5500657477543025,3.366600918912364,True,False
3,8,5,1,1.8000000000000005,0.5,4.0,0.627979233618918,3.5386874330477482,True,False
3,8,5,1,1.8000000000000005,0.75,4.0,0.6969950129965137,3.7196716536701526,True,False
3,8,5,1,1.8000000000000005,1.0,4.0,0.7580614579157972,3.9086052087508687,True,False
3,8,5,1,1.9000000000000008,0.0,4.0,0.4341899028083256,3.232476763858341,True,False
3,8,5,1,1.9000000000000008,0.25,4.0,0.5158758887159316,3.4007907779507347,True,False
3,8,5,1,1.9000000000000008,0.5,4.0,0.588336804948387,3.578329861718279,True,False
3,8,5,1,1.9000000000000008,0.75,4.0,0.6525069419149594,3.764159724751707,True,False
3,8,5,1,1.9000000000000008,1.0,4.0,0.7093176620466317,3.9573490046200344,True,False
3,8,5,1,2.000000000000001,0.0,4.0,0.40933270911374464,3.257333957552922,True,False
3,8,5,1,2.000000000000001,0.25,4.0,0.485783579410642,3.4308830872560243,True,False
3,8,5,1,2.000000000000001,0.5,4.0,0.5535366874428482,3.613129979223818,True,False
3,8,5,1,2.000000000000001,0.75,4.0,0.6135283992496132,3.8031382674170526,True,False
3,8,5,1,2.000000000000001,1.0,4.0,0.6666666666666663,4.0,True,False
3,8,5,1,2.100000000000001,0.0,4.0,0.38721098675616994,3.2794556799104964,True,False
3,8,5,1,2.100000000000001,0.25,4.0,0.4590775655795929,3.4575891010870734,True,False
3,8,5,1,2.100000000000001,0.5,4.0,0.5227193922781237,3.6439472743885424,True,False
3,8,5,1,2.100000000000001,0.75,4.0,0.5790654336652372,3.837601233001429,True,False
3,8,5,1,2.100000000000001,1.0,4.0,0.6289971268406398,4.037669539826027,True,True
3,8,5,1,2.200000000000001,0.0,4.0,0.36738998552281865,3.299276681143848,True,False
3,8,5,1,2.200000000000001,0.25,4.0,0.43520565342828665,3.4814610132383796,True,False
3,8,5,1,2.200000000000001,0.5,4.0,0.4952225186872141,3.671444147979452,True,False
3,8,5,1,2.200000000000001,0.75,4.0,0.5483562280999537,3.8683104385667124,True,False
3,8,5,1,2.200000000000001,1.0,4.0,0.5954604898254947,4.071206176841171,True,True
3,8,5,1,2.300000000000001,0.0,4.0,0.34952376965744203,3.3171428970092247,True,False
3,8,5,1,2.300000000000001,0.25,4.0,0.4137317400007341,3.502934926665932,True,False
3,8,5,1,2.300000000000001,0.5,4.0,0.4705260469549606,3.6961406197117057,True,False
3,8,5,1,2.300000000000001,0.75,4.0,0.5208053768642456,3.8958612898024203,True,False
3,8,5,1,2.300000000000001,1.0,4.0,0.5653955898778971,4.101271076788769,True,True
3,8,5,1,2.4000000000000012,0.0,4.0,0.33333333333333326,3.333333333333333,True,False
3,8,5,1,2.4000000000000012,0.25,4.0,0.3943063017397115,3.5223603649269553,True,False
3,8,5,1,2.4000000000000012,0.5,4.0,0.4482152608042844,3.718451405862382,True,False
3,8,5,1,2.4000000000000012,0.75,4.0,0.4959397843304567,3.9207268823362096,True,False
3,8,5,1,2.4000000000000012,1.0,4.0,0.5382783976218317,4.128388269044835,True,True
3,8,5,1,2.5000000000000013,0.0,4.0,0.31859096433309797,3.3480757023335688,True,False
3,8,5,1,2.5000000000000013,0.25,4.0,0.3766455919914742,3.5400210746751926,True,False
3,8,5,1,2.5000000000000013,0.5,4.0,0.427954893888812,3.738711772777854,True,False
3,8,5,1,2.5000000000000013,0.75,4.0,0.4733781626028486,3.9432885040638173,True,False
3,8,5,1,2.5000000000000013,1.0,4.0,0.5136874581391757,4.152979208527491,True,True
3,8,5,1,2.6000000000000014,0.0,4.0,0.305108845416036,3.3615578212506305,True,False
3,8,5,1,2.6000000000000014,0.25,4.0,0.36051664722908483,3.556150019437582,True,False
3,8,5,1,2.6000000000000014,0.5,4.0,0.4094706629459923,3.757196003720674,True,False
3,8,5,1,2.6000000000000014,0.75,4.0,0.4528093898226453,3.9638572768440206,True,False
3,8,5,1,2.6000000000000014,1.0,4.0,0.4912794814705834,4.175387185196083,True,True
3,8,5,1,2.700000000000002,0.0,4.0,0.29273059734866114,3.373936069318005,True,False
3,8,5,1,2.700000000000002,0.25,4.0,0.3457262692256886,3.570940397440978,True,False
3,8,5,1,2.700000000000002,0.5,4.0,0.3925358007185329,3.774130865948133,True,False
3,8,5,1,2.700000000000002,0.75,4.0,0.4339768163439439,3.982689850322722,True,False
3,8,5,1,2.700000000000002,1.0,4.0,0.47077170952886527,4.195894957137801,True,True
3,8,5,1,2.8000000000000016,0.0,4.0,0.2813249059302605,3.385341760736406,True,False
3,8,5,1,2.8000000000000016,0.25,4.0,0.33211279048920406,3.5845538761774627,True,False
3,8,5,1,2.8000000000000016,0.5,4.0,0.3769610558960943,3.7897056107705716,True,False
3,8,5,1,2.8000000000000016,0.75,4.0,0.4166666666666665,3.9999999999999996,True,False
3,8,5,1,2.8000000000000016,1.0,4.0,0.4519289271296749,4.214737739536991,True,True
3,8,5,1,2.9000000000000017,0.0,4.0,0.27078065222909165,3.3958860144375747,True,False
3,8,5,1,2.9000000000000017,0.25,4.0,0.3195398267901437,3.597126839876523,True,False
3,8,5,1,2.9000000000000017,0.5,4.0,0.3625871484036116,3.8040795182630545,True,False
3,8,5,1,2.9000000000000017,0.75,4.0,0.40069932479834747,4.015967341868318,True,True
3,8,5,1,2.9000000000000017,1.0,4.0,0.43455372930491154,4.232112937361754,True,True
3,8,5,1,3.0000000000000018,0.0,4.0,0.2610031446572325,3.405663522009434,True,False
3,8,5,1,3.0000000000000018,0.25,4.0,0.30789147330513655,3.60877519336153,True,False
3,8,5,1,3.0000000000000018,0.5,4.0,0.3492789961095988,3.8173876705570673,True,False
3,8,5,1,3.0000000000000018,0.75,4.0,0.38592268928091333,4.030743977385753,True,True
3,8,5,1,3.0000000000000018,1.0,4.0,0.41847911782065705,4.248187548846009,True,True
3,8,5,2,1.1,0.0,4.0,1.7308271207655226,5.6025062125678105,True,True
3,8,5,2,1.1,0.25,4.0,1.9295052338096212,5.653828099523712,True,True
3,8,5,2,1.1,0.5,4.0,2.122491185682251,5.710842147651082,True,True
3,8,5,2,1.1,0.75,4.0,2.3091147594756847,5.774218573857647,True,True
3,8,5,2,1.1,1.0,4.0,2.4886748414015476,5.844658491931785,True,True
3,8,5,2,1.2000000000000002,0.0,4.0,1.5322919208557169,5.801041412477616,True,True
3,8,5,2,1.2000000000000002,0.25,4.0,1.699601631561134,5.883731701772199,True,True
3,8,5,2,1.2000000000000002,0.5,4.0,1.8601728867911551,5.9731604465421775,True,True
3,8,5,2,1.2000000000000002,0.75,4.0,2.0136510793936737,6.069682253939659,True,True
3,8,5,2,1.2000000000000002,1.0,4.0,2.159734236867951,6.173599096465381,True,True
3,8,5,2,1.3000000000000003,0.0,4.0,1.3777113942080192,5.955621939125313,True,True
3,8,5,2,1.3000000000000003,0.25,4.0,1.5231942995566143,6.060139033776719,True,True
3,8,5,2,1.3000000000000003,0.5,4.0,1.6619233284200439,6.171410004913289,True,True
3,8,5,2,1.3000000000000003,0.75,4.0,1.7937747292299129,6.289558604103419,True,True
3,8,5,2,1.3000000000000003,1.0,4.0,1.9186856161640593,6.414647717169273,True,True
3,8,5,2,1.4000000000000004,0.0,4.0,1.2530807814334883,6.080252551899845,True,True
3,8,5,2,1.4000000000000004,0.25,4.0,1.382246084932846,6.201087248400487,True,True
3,8,5,2,1.4000000000000004,0.5,4.0,1.5049311392988223,6.328402194034511,True,True
3,8,5,2,1.4000000000000004,0.75,4.0,1.6211545373324698,6.462178796000862,True,True
3,8,5,2,1.4000000000000004,1.0,4.0,1.730986128800569,6.602347204532763,True,True
3,8,5,2,1.5000000000000007,0.0,4.0,1.150055188243083,6.1832781450902505,True,True
3,8,5,2,1.5000000000000007,0.25,4.0,1.2664466542497061,6.316886679083627,True,True
3,8,5,2,1.5000000000000007,0.5,4.0,1.376708224311971,6.4566251090213616,True,True
3,8,5,2,1.5000000000000007,0.75,4.0,1.4809457395317573,6.602387593801575,True,True
3,8,5,2,1.5000000000000007,1.0,4.0,1.5793042172899954,6.754029116043337,True,True
3,8,5,2,1.6000000000000005,0.0,4.0,1.0632501080311147,6.270083225302218,True,True
3,8,5,2,1.6000000000000005,0.25,4.0,1.1693135037400721,6.414019829593261,True,True
3,8,5,2,1.6000000000000005,0.5,4.0,1.2696033042885677,6.563730029044765,True,True
3,8,5,2,1.6000000000000005,0.75,4.0,1.3642793622637757,6.719053971069556,True,True
3,8,5,2,1.6000000000000005,1.0,4.0,1.4535299006500484,6.879803432683284,True,True
3,8,5,2,1.7000000000000006,0.0,4.0,0.988993303367312,6.3443400299660215,True,True
3,8,5,2,1.7000000000000006,0.25,4.0,1.086502608481036,6.4968307248522965,True,True
3,8,5,2,1.7000000000000006,0.5,4.0,1.178575995619446,6.654757337713887,True,True
3,8,5,2,1.7000000000000006,0.75,4.0,1.2654068690158256,6.817926464317507,True,True
3,8,5,2,1.7000000000000006,1.0,4.0,1.347208136163201,6.986125197170131,True,True
3,8,5,2,1.8000000000000005,0.0,4.0,0.9246749601659849,6.4086583731673485,True,True
3,8,5,2,1.8000000000000005,0.25,4.0,1.0149654864089768,6.568367846924357,True,True
3,8,5,2,1.8000000000000005,0.5,4.0,1.100131495508605,6.733201837824728,True,True
3,8,5,2,1.8000000000000005,0.75,4.0,1.1803870060434174,6.902946327289914,True,True
3,8,5,2,1.8000000000000005,1.0,4.0,1.255958467237836,7.0773748660954965,True,True
3,8,5,2,1.9000000000000008,0.0,4.0,0.8683798056166512,6.464953527716682,True,True
3,8,5,2,1.9000000000000008,0.25,4.0,0.9524860388398801,6.630847294493453,True,True
3,8,5,2,1.9000000000000008,0.5,4.0,1.0317517774318632,6.801581555901469,True,True
3,8,5,2,1.9000000000000008,0.75,4.0,1.106403271529799,6.976930061803533,True,True
3,8,5,2,1.9000000000000008,1.0,4.0,1.176673609896774,7.156659723436558,True,True
3,8,5,2,2.000000000000001,0.0,4.0,0.8186654182274893,6.514667915105844,True,True
3,8,5,2,2.000000000000001,0.25,4.0,0.8974075021979568,6.685925831135377,True,True
3,8,5,2,2.000000000000001,0.5,4.0,0.971567158821284,6.861766174512049,True,True
3,8,5,2,2.000000000000001,0.75,4.0,1.0413773287675507,7.041956004565781,True,True
3,8,5,2,2.000000000000001,1.0,4.0,1.1070733748856965,7.226259958447636,True,True
3,8,5,2,2.100000000000001,0.0,4.0,0.7744219735123399,6.558911359820993,True,True
3,8,5,2,2.100000000000001,0.25,4.0,0.8484625628326494,6.734870770500684,True,True
3,8,5,2,2.100000000000001,0.5,4.0,0.9181551311591858,6.915178202174147,True,True
3,8,5,2,2.100000000000001,0.75,4.0,0.983735591524936,7.099597741808396,True,True
3,8,5,2,2.100000000000001,1.0,4.0,1.0454387845562474,7.287894548777085,True,True
3,8,5,2,2.200000000000001,0.0,4.0,0.7347799710456373,6.598553362287696,True,True
3,8,5,2,2.200000000000001,0.25,4.0,0.8046630415323315,6.778670291801001,True,True
3,8,5,2,2.200000000000001,0.5,4.0,0.8704113068565733,6.962922026476759,True,True
3,8,5,2,2.200000000000001,0.75,4.0,0.9322611321990606,7.151072201134271,True,True
3,8,5,2,2.200000000000001,1.0,4.0,0.9904450373744282,7.342888295958904,True,True
3,8,5,2,2.300000000000001,0.0,4.0,0.6990475393148841,6.634285794018449,True,True
3,8,5,2,2.300000000000001,0.25,4.0,0.7652257194874084,6.818107613845925,True,True
3,8,5,2,2.300000000000001,0.5,4.0,0.8274634800014682,7.005869853331864,True,True
3,8,5,2,2.300000000000001,0.75,4.0,0.8859959217628912,7.197337411570441,True,True
3,8,5,2,2.300000000000001,1.0,4.0,0.9410520939099212,7.392281239423411,True,True
3,8,5,2,2.4000000000000012,0.0,4.0,0.6666666666666665,6.666666666666666,True,True
3,8,5,2,2.4000000000000012,0.25,4.0,0.7295209955544784,6.853812337778855,True,True
3,8,5,2,2.4000000000000012,0.5,4.0,0.788612603479423,7.0447207298539105,True,True
3,8,5,2,2.4000000000000012,0.75,4.0,0.844174159508388,7.239159173824945,True,True
3,8,5,2,2.4000000000000012,1.0,4.0,0.8964305216085688,7.436902811724764,True,True
3,8,5,2,2.5000000000000013,0.0,4.0,0.6371819286661959,6.6961514046671375,True,True
3,8,5,2,2.5000000000000013,0.25,4.0,0.6970364607921238,6.886296872541209,True,True
3,8,5,2,2.5000000000000013,0.5,4.0,0.7532911839829484,7.080042149350385,True,True
3,8,5,2,2.5000000000000013,0.75,4.0,0.8061755481843766,7.2771577851489555,True,True
3,8,5,2,2.5000000000000013,1.0,4.0,0.855909787777624,7.477423545555708,True,True
3,8,5,2,2.6000000000000014,0.0,4.0,0.610217690832072,6.723115642501261,True,True
3,8,5,2,2.6000000000000014,0.25,4.0,0.6673505021713866,6.915982831161946,True,True
3,8,5,2,2.6000000000000014,0.5,4.0,0.7210332944581697,7.112300038875164,True,True
3,8,5,2,2.6000000000000014,0.75,4.0,0.771491777854326,7.311841555479006,True,True
3,8,5,2,2.6000000000000014,1.0,4.0,0.8189413258919847,7.514392007441348,True,True
3,8,5,2,2.700000000000002,0.0,4.0,0.5854611946973223,6.74787213863601,True,True
3,8,5,2,2.700000000000002,0.25,4.0,0.6401128171082191,6.943220516225114,True,True
3,8,5,2,2.700000000000002,0.5,4.0,0.6914525384513772,7.141880794881956,True,True
3,8,5,2,2.700000000000002,0.75,4.0,0.7397019971082006,7.3436313362251315,True,True
3,8,5,2,2.700000000000002,1.0,4.0,0.7850716014370658,7.548261731896266,True,True
3,8,5,2,2.8000000000000016,0.0,4.0,0.562649811860521,6.770683521472812,True,True
3,8,5,2,2.8000000000000016,0.25,4.0,0.6150297932741746,6.968303540059159,True,True
3,8,5,2,2.8000000000000016,0.5,4.0,0.6642255809784081,7.169107752354925,True,True
3,8,5,2,2.8000000000000016,0.75,4.0,0.7104545439778085,7.372878789355523,True,True
3,8,5,2,2.8000000000000016,1.0,4.0,0.7539221117921886,7.579411221541143,True,True
3,8,5,2,2.9000000000000017,0.0,4.0,0.5415613044581833,6.791772028875149,True,True
3,8,5,2,2.9000000000000017,0.25,4.0,0.5918533788905882,6.991479954442745,True,True
3,8,5,2,2.9000000000000017,0.5,4.0,0.6390796535802874,7.194253679753046,True,True
3,8,5,2,2.9000000000000017,0.75,4.0,0.6834531266908912,7.399880206642441,True,True
3,8,5,2,2.9000000000000017,1.0,4.0,0.7251742968072232,7.608159036526109,True,True
3,8,5,2,3.0000000000000018,0.0,4.0,0.522006289314465,6.811327044018868,True,True
3,8,5,2,3.0000000000000018,0.25,4.0,0.5703724995482533,7.01296083378508,True,True
3,8,5,2,3.0000000000000018,0.5,4.0,0.6157829466102731,7.21755038672306,True,True
3,8,5,2,3.0000000000000018,0.75,4.0,0.6584462252003473,7.424887108132985,True,True
3,8,5,2,3.0000000000000018,1.0,4.0,0.6985579922191976,7.634775341114135,True,True
3,8,5,3,1.1,0.0,4.0,2.596240681148283,8.403759318851717,True,True
3,8,5,3,1.1,0.25,4.0,2.7958196657624725,8.454180334237527,True,True
3,8,5,3,1.1,0.5,4.0,2.991747918435563,8.508252081564438,True,True
3,8,5,3,1.1,0.75,4.0,3.183736778523377,8.566263221476623,True,True
3,8,5,3,1.1,1.0,4.0,3.3714850373089154,8.628514962691085,True,True
3,8,5,3,1.2000000000000002,0.0,4.0,2.2984378812835757,8.701562118716424,True,True
3,8,5,3,1.2000000000000002,0.25,4.0,2.4668425730604664,8.783157426939534,True,True
3,8,5,3,1.2000000000000002,0.5,4.0,2.630838787964516,8.869161212035484,True,True
3,8,5,3,1.2000000000000002,0.75,4.0,2.790259330186733,8.959740669813268,True,True
3,8,5,3,1.2000000000000002,1.0,4.0,2.9449495366961065,9.055050463303893,True,True
3,8,5,3,1.3000000000000003,0.0,4.0,2.0665670913120286,8.933432908687971,True,True
3,8,5,3,1.3000000000000003,0.25,4.0,2.2131639840109543,9.036836015989046,True,True
3,8,5,3,1.3000000000000003,0.5,4.0,2.355292580863784,9.144707419136216,True,True
3,8,5,3,1.3000000000000003,0.75,4.0,2.4928849926300662,9.257115007369933,True,True
3,8,5,3,1.3000000000000003,1.0,4.0,2.6258904308521056,9.374109569147894,True,True
3,8,5,3,1.4000000000000004,0.0,4.0,1.879621172150232,9.120378827849768,True,True
3,8,5,3,1.4000000000000004,0.25,4.0,2.0098656416985783,9.240134358301422,True,True
3,8,5,3,1.4000000000000004,0.5,4.0,2.1357919262997593,9.36420807370024,True,True
3,8,5,3,1.4000000000000004,0.75,4.0,2.2573967089482334,9.492603291051767,True,True
3,8,5,3,1.4000000000000004,1.0,4.0,2.3746921313001366,9.625307868699863,True,True
3,8,5,3,1.5000000000000007,0.0,4.0,1.7250827823646242,9.274917217635377,True,True
3,8,5,3,1.5000000000000007,0.25,4.0,1.8425019277378771,9.407498072262122,True,True
3,8,5,3,1.5000000000000007,0.5,4.0,1.955815854055929,9.54418414594407,True,True
3,8,5,3,1.5000000000000007,0.75,4.0,2.0650623364679563,9.684937663532043,True,True
3,8,5,3,1.5000000000000007,1.0,4.0,2.1702915689746463,9.829708431025354,True,True
3,8,5,3,1.6000000000000005,0.0,4.0,1.5948751620466721,9.405124837953327,True,True
3,8,5,3,1.6000000000000005,0.25,4.0,1.7019112933811953,9.548088706618804,True,True
3,8,5,3,1.6000000000000005,0.5,4.0,1.8050665404851243,9.694933459514875,True,True
3,8,5,3,1.6000000000000005,0.75,4.0,1.9044049564328511,9.84559504356715,True,True
3,8,5,3,1.6000000000000005,1.0,4.0,1.9999999999999991,10.0,True,True
3,8,5,3,1.7000000000000006,0.0,4.0,1.4834899550509677,9.516510044949033,True,True
3,8,5,3,1.7000000000000006,0.25,4.0,1.581918581954949,9.668081418045052,True,True
3,8,5,3,1.7000000000000006,0.5,4.0,1.676682953082846,9.823317046917154,True,True
3,8,5,3,1.7000000000000006,0.75,4.0,1.7678639934291684,9.982136006570832,True,True
3,8,5,3,1.7000000000000006,1.0,4.0,1.8555494226332847,10.144450577366715,True,True
3,8,5,3,1.8000000000000005,0.0,4.0,1.3870124402489772,9.612987559751023,True,True
3,8,5,3,1.8000000000000005,0.25,4.0,1.4781722298176456,9.771827770182355,True,True
3,8,5,3,1.8000000000000005,0.5,4.0,1.565869929788935,9.934130070211065,True,True
3,8,5,3,1.8000000000000005,0.75,4.0,1.650197243262907,10.099802756737093,True,True
3,8,5,3,1.8000000000000005,1.0,4.0,1.7312505083780998,10.2687494916219,True,True
3,8,5,3,1.9000000000000008,0.0,4.0,1.3025697084249765,9.697430291575024,True,True
3,8,5,3,1.9000000000000008,0.25,4.0,1.387499029653891,9.862500970346108,True,True
3,8,5,3,1.9000000000000008,0.5,4.0,1.4691521990688745,10.030847800931125,True,True
3,8,5,3,1.9000000000000008,0.75,4.0,1.547627666147795,10.202372333852205,True,True
3,8,5,3,1.9000000000000008,1.0,4.0,1.6230267607806743,10.376973239219325,True,True
3,8,5,3,2.000000000000001,0.0,4.0,1.227998127341234,9.772001872658766,True,True
3,8,5,3,2.000000000000001,0.25,4.0,1.3075209902073635,9.942479009792637,True,True
3,8,5,3,2.000000000000001,0.5,4.0,1.3839377008567544,10.116062299143245,True,True
3,8,5,3,2.000000000000001,0.75,4.0,1.4573507382319262,10.292649261768073,True,True
3,8,5,3,2.000000000000001,1.0,4.0,1.5278640450004195,10.47213595499958,True,True
3,8,5,3,2.100000000000001,0.0,4.0,1.1616329602685092,9.83836703973149,True,True
3,8,5,3,2.100000000000001,0.25,4.0,1.236415647495468,10.013584352504532,True,True
3,8,5,3,2.100000000000001,0.5,4.0,1.3082473429211898,10.19175265707881,True,True
3,8,5,3,2.100000000000001,0.75,4.0,1.377232696738778,10.372767303261222,True,True
3,8,5,3,2.100000000000001,1.0,4.0,1.4434766804168806,10.55652331958312,True,True
3,8,5,3,2.200000000000001,0.0,4.0,1.1021699565684555,9.897830043431544,True,True
3,8,5,3,2.200000000000001,0.25,4.0,1.1727597569517672,10.077240243048234,True,True
3,8,5,3,2.200000000000001,0.5,4.0,1.2405402460242225,10.259459753975777,True,True
3,8,5,3,2.200000000000001,0.75,4.0,1.3056169602848602,10.44438303971514,True,True
3,8,5,3,2.200000000000001,1.0,4.0,1.3680948353247278,10.631905164675272,True,True
3,8,5,3,2.300000000000001,0.0,4.0,1.0485713089723259,9.951428691027674,True,True
3,8,5,3,2.300000000000001,0.25,4.0,1.1154238365548084,10.134576163445193,True,True
3,8,5,3,2.300000000000001,0.5,4.0,1.1795966308736219,10.320403369126378,True,True
3,8,5,3,2.300000000000001,0.75,4.0,1.2411952200022016,10.5088047799978,True,True
3,8,5,3,2.300000000000001,1.0,4.0,1.3003237854359435,10.699676214564057,True,True
3,8,5,3,2.4000000000000012,0.0,4.0,0.9999999999999991,10.0,True,True
3,8,5,3,2.4000000000000012,0.25,4.0,1.0634989678104123,10.186501032189588,True,True
3,8,5,3,2.4000000000000012,0.5,4.0,1.12443697120736,10.37556302879264,True,True
3,8,5,3,2.4000000000000012,0.75,4.0,1.1829189052191342,10.567081094780866,True,True
3,8,5,3,2.4000000000000012,1.0,4.0,1.2390477143047658,10.760952285695234,True,True
3,8,5,3,2.5000000000000013,0.0,4.0,0.9557728929992937,10.044227107000706,True,True
3,8,5,3,2.5000000000000013,0.25,4.0,1.0162447450531715,10.233755254946828,True,True
3,8,5,3,2.5000000000000013,0.5,4.0,1.0742647636975846,10.425735236302415,True,True
3,8,5,3,2.5000000000000013,0.75,4.0,1.1299367759744223,10.620063224025579,True,True
3,8,5,3,2.5000000000000013,1.0,4.0,1.1833621684830806,10.81663783151692,True,True
3,8,5,3,2.6000000000000014,0.0,4.0,0.9153265362481076,10.084673463751892,True,True
3,8,5,3,2.6000000000000014,0.25,4.0,0.9730514835179003,10.2769485164821,True,True
3,8,5,3,2.6000000000000014,0.5,4.0,1.0284251323558111,10.47157486764419,True,True
3,8,5,3,2.6000000000000014,0.75,4.0,1.0815499416872543,10.668450058312747,True,True
3,8,5,3,2.6000000000000014,1.0,4.0,1.1325255324441912,10.867474467555809,True,True
3,8,5,3,2.700000000000002,0.0,4.0,0.8781917920459836,10.121808207954016,True,True
3,8,5,3,2.700000000000002,0.25,4.0,0.9334122761723425,10.316587723827658,True,True
3,8,5,3,2.700000000000002,0.5,4.0,0.9863743189006087,10.513625681099391,True,True
3,8,5,3,2.700000000000002,0.75,4.0,1.0371788076770656,10.712821192322934,True,True
3,8,5,3,2.700000000000002,1.0,4.0,1.085923469445337,10.914076530554663,True,True
3,8,5,3,2.8000000000000016,0.0,4.0,0.8439747177907817,10.156025282209217,True,True
3,8,5,3,2.8000000000000016,0.25,4.0,0.8969019982358954,10.353098001764105,True,True
3,8,5,3,2.8000000000000016,0.5,4.0,0.9476568219253627,10.552343178074636,True,True
3,8,5,3,2.8000000000000016,0.75,4.0,0.996338371467612,10.753661628532388,True,True
3,8,5,3,2.8000000000000016,1.0,4.0,1.0430424077435791,10.95695759225642,True,True
3,8,5,3,2.9000000000000017,0.0,4.0,0.8123419566872752,10.187658043312725,True,True
3,8,5,3,2.9000000000000017,0.25,4.0,0.8631613048507516,10.386838695149248,True,True
3,8,5,3,2.9000000000000017,0.5,4.0,0.9118880142965988,10.588111985703401,True,True
3,8,5,3,2.9000000000000017,0.75,4.0,0.9586194803704311,10.79138051962957,True,True
3,8,5,3,2.9000000000000017,1.0,4.0,1.0034494657434596,10.99655053425654,True,True
3,8,5,3,3.0000000000000018,0.0,4.0,0.7830094339716975,10.216990566028302,True,True
3,8,5,3,3.0000000000000018,0.25,4.0,0.8318842770768269,10.418115722923172,True,True
3,8,5,3,3.0000000000000018,0.5,4.0,0.8787407514415051,10.621259248558495,True,True
3,8,5,3,3.0000000000000018,0.75,4.0,0.9236744199154092,10.82632558008459,True,True
3,8,5,3,3.0000000000000018,1.0,4.0,0.9667770431528329,11.033222956847167,True,True
3,8,6,1,1.1,0.0,3.0,0.8654135603827613,2.8012531062839052,True,False
3,8,6,1,1.1,0.25,3.0,1.0612455928411255,2.855421073825541,True,False
3,8,6,1,1.1,0.5,3.0,1.2443374207007738,2.9223292459658925,True,False
3,8,6,1,1.1,0.75,3.0,1.411896349833152,3.004770316833514,True,True
3,8,6,1,1.1,1.0,3.0,1.5613491392207883,3.1053175274458775,True,True
3,8,6,1,1.2000000000000002,0.0,3.0,0.7661459604278584,2.900520706238808,True,False
3,8,6,1,1.2000000000000002,0.25,3.0,0.9300864433955776,2.9865802232710887,True,False
3,8,6,1,1.2000000000000002,0.5,3.0,1.0798671184339754,3.0867995482326904,True,True
3,8,6,1,1.2000000000000002,0.75,3.0,1.2144282965102864,3.2022383701563797,True,True
3,8,6,1,1.2000000000000002,1.0,3.0,1.3333333333333335,3.3333333333333326,True,True
3,8,6,1,1.3000000000000003,0.0,3.0,0.6888556971040096,2.9778109695626567,True,False
3,8,6,1,1.3000000000000003,0.25,3.0,0.8309616642100219,3.0857050024566446,True,True
3,8,6,1,1.3000000000000003,0.5,3.0,0.9593428080820297,3.2073238585846364,True,True
3,8,6,1,1.3000000000000003,0.75,3.0,1.073876405386079,3.3427902612805873,True,True
3,8,6,1,1.3000000000000003,1.0,3.0,1.1749377437870236,3.491728922879642,True,True
3,8,6,1,1.4000000000000004,0.0,3.0,0.6265403907167442,3.0401262759499224,True,True
3,8,6,1,1.4000000000000004,0.25,3.0,0.7524655696494111,3.1642010970172554,True,True
3,8,6,1,1.4000000000000004,0.5,3.0,0.8654930644002845,3.3011736022663816,True,True
3,8,6,1,1.4000000000000004,0.75,3.0,0.9659957070103689,3.450670959656297,True,True
3,8,6,1,1.4000000000000004,1.0,3.0,1.054693182657376,3.6119734840092903,True,True
3,8,6,1,1.5000000000000007,0.0,3.0,0.5750275941215415,3.0916390725451253,True,True
3,8,6,1,1.5000000000000007,0.25,3.0,0.6883541121559855,3.2283125545106808,True,True
3,8,6,1,1.5000000000000007,0.5,3.0,0.7896521086449977,3.3770145580216684,True,True
3,8,6,1,1.5000000000000007,0.75,3.0,0.8795651067415018,3.5371015599251643,True,True
3,8,6,1,1.5000000000000007,1.0,3.0,0.9589647914607795,3.7077018752058866,True,True
3,8,6,1,1.6000000000000005,0.0,3.0,0.5316250540155574,3.135041612651109,True,True
3,8,6,1,1.6000000000000005,0.25,3.0,0.6348016521442839,3.2818650145223827,True,True
3,8,6,1,1.6000000000000005,0.5,3.0,0.7267649503250242,3.439901716341642,True,True
3,8,6,1,1.6000000000000005,0.75,3.0,0.8083085319657128,3.6083581347009535,True,True
3,8,6,1,1.6000000000000005,1.0,3.0,0.8803670188197754,3.7862996478468904,True,True
3,8,6,1,1.7000000000000006,0.0,3.0,0.494496651683656,3.1721700149830108,True,True
3,8,6,1,1.7000000000000006,0.25,3.0,0.589287997809723,3.3273786688569436,True,True
3,8,6,1,1.7000000000000006,0.5,3.0,0.6736040680816004,3.4930625985850656,True,True
3,8,6,1,1.7000000000000006,0.75,3.0,0.7483202950712,3.668346371595466,True,True
3,8,6,1,1.7000000000000006,1.0,3.0,0.8143897720106419,3.852276894656024,True,True
3,8,6,1,1.8000000000000005,0.0,3.0,0.46233748008299247,3.2043291865836743,True,True
3,8,6,1,1.8000000000000005,0.25,3.0,0.5500657477543025,3.366600918912364,True,True
3,8,6,1,1.8000000000000005,0.5,3.0,0.627979233618918,3.5386874330477482,True,True
3,8,6,1,1.8000000000000005,0.75,3.0,0.6969950129965137,3.7196716536701526,True,True
3,8,6,1,1.8000000000000005,1.0,3.0,0.7580614579157972,3.9086052087508687,True,True
3,8,6,1,1.9000000000000008,0.0,3.0,0.4341899028083256,3.232476763858341,True,True
3,8,6,1,1.9000000000000008,0.25,3.0,0.5158758887159316,3.4007907779507347,True,True
3,8,6,1,1.9000000000000008,0.5,3.0,0.588336804948387,3.578329861718279,True,True
3,8,6,1,1.9000000000000008,0.75,3.0,0.6525069419149594,3.764159724751707,True,True
3,8,6,1,1.9000000000000008,1.0,3.0,0.7093176620466317,3.9573490046200344,True,True
3,8,6,1,2.000000000000001,0.0,3.0,0.40933270911374464,3.257333957552922,True,True
3,8,6,1,2.000000000000001,0.25,3.0,0.485783579410642,3.4308830872560243,True,True
3,8,6,1,2.000000000000001,0.5,3.0,0.5535366874428482,3.613129979223818,True,True
3,8,6,1,2.000000000000001,0.75,3.0,0.6135283992496132,3.8031382674170526,True,True
3,8,6,1,2.000000000000001,1.0,3.0,0.6666666666666663,4.0,True,True
3,8,6,1,2.100000000000001,0.0,3.0,0.38721098675616994,3.2794556799104964,True,True
3,8,6,1,2.100000000000001,0.25,3.0,0.4590775655795929,3.4575891010870734,True,True
3,8,6,1,2.100000000000001,0.5,3.0,0.5227193922781237,3.6439472743885424,True,True
3,8,6,1,2.100000000000001,0.75,3.0,0.5790654336652372,3.837601233001429,True,True
3,8,6,1,2.100000000000001,1.0,3.0,0.6289971268406398,4.037669539826027,True,True
3,8,6,1,2.200000000000001,0.0,3.0,0.36738998552281865,3.299276681143848,True,True
3,8,6,1,2.200000000000001,0.25,3.0,0.43520565342828665,3.4814610132383796,True,True
3,8,6,1,2.200000000000001,0.5,3.0,0.4952225186872141,3.671444147979452,True,True
3,8,6,1,2.200000000000001,0.75,3.0,0.5483562280999537,3.8683104385667124,True,True
3,8,6,1,2.200000000000001,1.0,3.0,0.5954604898254947,4.071206176841171,True,True
3,8,6,1,2.300000000000001,0.0,3.0,0.34952376965744203,3.3171428970092247,True,True
3,8,6,1,2.300000000000001,0.25,3.0,0.4137317400007341,3.502934926665932,True,True
3,8,6,1,2.300000000000001,0.5,3.0,0.4705260469549606,3.6961406197117057,True,True
3,8,6,1,2.300000000000001,0.75,3.0,0.5208053768642456,3.8958612898024203,True,True
3,8,6,1,2.300000000000001,1.0,3.0,0.5653955898778971,4.101271076788769,True,True
3,8,6,1,2.4000000000000012,0.0,3.0,0.33333333333333326,3.333333333333333,True,True
3,8,6,1,2.4000000000000012,0.25,3.0,0.3943063017397115,3.5223603649269553,True,True
3,8,6,1,2.4000000000000012,0.5,3.0,0.4482152608042844,3.718451405862382,True,True
3,8,6,1,2.4000000000000012,0.75,3.0,0.4959397843304567,3.9207268823362096,True,True
3,8,6,1,2.4000000000000012,1.0,3.0,0.5382783976218317,4.128388269044835,True,True
3,8,6,1,2.5000000000000013,0.0,3.0,0.31859096433309797,3.3480757023335688,True,True
3,8,6,1,2.5000000000000013,0.25,3.0,0.3766455919914742,3.5400210746751926,True,True
3,8,6,1,2.5000000000000013,0.5,3.0,0.427954893888812,3.738711772777854,True,True
3,8,6,1,2.5000000000000013,0.75,3.0,0.4733781626028486,3.9432885040638173,True,True
3,8,6,1,2.5000000000000013,1.0,3.0,0.5136874581391757,4.152979208527491,True,True
3,8,6,1,2.6000000000000014,0.0,3.0,0.305108845416036,3.3615578212506305,True,True
3,8,6,1,2.6000000000000014,0.25,3.0,0.36051664722908483,3.556150019437582,True,True
3,8,6,1,2.6000000000000014,0.5,3.0,0.4094706629459923,3.757196003720674,True,True
3,8,6,1,2.6000000000000014,0.75,3.0,0.4528093898226453,3.9638572768440206,True,True
3,8,6,1,2.6000000000000014,1.0,3.0,0.4912794814705834,4.175387185196083,True,True
3,8,6,1,2.700000000000002,0.0,3.0,0.29273059734866114,3.373936069318005,True,True
3,8,6,1,2.700000000000002,0.25,3.0,0.3457262692256886,3.570940397440978,True,True
3,8,6,1,2.700000000000002,0.5,3.0,0.3925358007185329,3.774130865948133,True,True
3,8,6,1,2.700000000000002,0.75,3.0,0.4339768163439439,3.982689850322722,True,True
3,8,6,1,2.700000000000002,1.0,3.0,0.47077170952886527,4.195894957137801,True,True
3,8,6,1,2.8000000000000016,0.0,3.0,0.2813249059302605,3.385341760736406,True,True
3,8,6,1,2.8000000000000016,0.25,3.0,0.33211279048920406,3.5845538761774627,True,True
3,8,6,1,2.8000000000000016,0.5,3.0,0.3769610558960943,3.7897056107705716,True,True
3,8,6,1,2.8000000000000016,0.75,3.0,0.4166666666666665,3.9999999999999996,True,True
3,8,6,1,2.8000000000000016,1.0,3.0,0.4519289271296749,4.214737739536991,True,True
3,8,6,1,2.9000000000000017,0.0,3.0,0.27078065222909165,3.3958860144375747,True,True
3,8,6,1,2.9000000000000017,0.25,3.0,0.3195398267901437,3.597126839876523,True,True
3,8,6,1,2.9000000000000017,0.5,3.0,0.3625871484036116,3.8040795182630545,True,True
3,8,6,1,2.9000000000000017,0.75,3.0,0.40069932479834747,4.015967341868318,True,True
3,8,6,1,2.9000000000000017,1.0,3.0,0.43455372930491154,4.232112937361754,True,True
3,8,6,1,3.0000000000000018,0.0,3.0,0.2610031446572325,3.405663522009434,True,True
3,8,6,1,3.0000000000000018,0.25,3.0,0.30789147330513655,3.60877519336153,True,True
3,8,6,1,3.0000000000000018,0.5,3.0,0.3492789961095988,3.8173876705570673,True,True
3,8,6,1,3.0000000000000018,0.75,3.0,0.38592268928091333,4.030743977385753,True,True
3,8,6,1,3.0000000000000018,1.0,3.0,0.41847911782065705,4.248187548846009,True,True
3,8,6,2,1.1,0.0,3.0,1.7308271207655226,5.6025062125678105,True,True
3,8,6,2,1.1,0.25,3.0,1.9295052338096212,5.653828099523712,True,True
3,8,6,2,1.1,0.5,3.0,2.122491185682251,5.710842147651082,True,True
3,8,6,2,1.1,0.75,3.0,2.3091147594756847,5.774218573857647,True,True
3,8,6,2,1.1,1.0,3.0,2.4886748414015476,5.844658491931785,True,True
3,8,6,2,1.2000000000000002,0.0,3.0,1.5322919208557169,5.801041412477616,True,True
3,8,6,2,1.2000000000000002,0.25,3.0,1.699601631561134,5.883731701772199,True,True
3,8,6,2,1.2000000000000002,0.5,3.0,1.8601728867911551,5.9731604465421775,True,True
3,8,6,2,1.2000000000000002,0.75,3.0,2.0136510793936737,6.069682253939659,True,True
3,8,6,2,1.2000000000000002,1.0,3.0,2.159734236867951,6.173599096465381,True,True
3,8,6,2,1.3000000000000003,0.0,3.0,1.3777113942080192,5.955621939125313,True,True
3,8,6,2,1.3000000000000003,0.25,3.0,1.5231942995566143,6.060139033776719,True,True
3,8,6,2,1.3000000000000003,0.5,3.0,1.6619233284200439,6.171410004913289,True,True
3,8,6,2,1.3000000000000003,0.75,3.0,1.7937747292299129,6.289558604103419,True,True
3,8,6,2,1.3000000000000003,1.0,3.0,1.9186856161640593,6.414647717169273,True,True
3,8,6,2,1.4000000000000004,0.0,3.0,1.2530807814334883,6.080252551899845,True,True
3,8,6,2,1.4000000000000004,0.25,3.0,1.382246084932846,6.201087248400487,True,True
3,8,6,2,1.4000000000000004,0.5,3.0,1.5049311392988223,6.328402194034511,True,True
3,8,6,2,1.4000000000000004,0.75,3.0,1.6211545373324698,6.462178796000862,True,True
3,8,6,2,1.4000000000000004,1.0,3.0,1.730986128800569,6.602347204532763,True,True
3,8,6,2,1.5000000000000007,0.0,3.0,1.150055188243083,6.1832781450902505,True,True
3,8,6,2,1.5000000000000007,0.25,3.0,1.2664466542497061,6.316886679083627,True,True
3,8,6,2,1.5000000000000007,0.5,3.0,1.376708224311971,6.4566251090213616,True,True
3,8,6,2,1.5000000000000007,0.75,3.0,1.4809457395317573,6.602387593801575,True,True
3,8,6,2,1.5000000000000007,1.0,3.0,1.5793042172899954,6.754029116043337,True,True
3,8,6,2,1.6000000000000005,0.0,3.0,1.0632501080311147,6.270083225302218,True,True
3,8,6,2,1.6000000000000005,0.25,3.0,1.1693135037400721,6.414019829593261,True,True
3,8,6,2,1.6000000000000005,0.5,3.0,1.2696033042885677,6.563730029044765,True,True
3,8,6,2,1.6000000000000005,0.75,3.0,1.3642793622637757,6.719053971069556,True,True
3,8,6,2,1.6000000000000005,1.0,3.0,1.4535299006500484,6.879803432683284,True,True
3,8,6,2,1.7000000000000006,0.0,3.0,0.988993303367312,6.3443400299660215,True,True
3,8,6,2,1.7000000000000006,0.25,3.0,1.086502608481036,6.4968307248522965,True,True
3,8,6,2,1.7000000000000006,0.5,3.0,1.178575995619446,6.654757337713887,True,True
3,8,6,2,1.7000000000000006,0.75,3.0,1.2654068690158256,6.817926464317507,True,True
3,8,6,2,1.7000000000000006,1.0,3.0,1.347208136163201,6.986125197170131,True,True
3,8,6,2,1.8000000000000005,0.0,3.0,0.9246749601659849,6.4086583731673485,True,True
3,8,6,2,1.8000000000000005,0.25,3.0,1.0149654864089768,6.568367846924357,True,True
3,8,6,2,1.8000000000000005,0.5,3.0,1.100131495508605,6.733201837824728,True,True
3,8,6,2,1.8000000000000005,0.75,3.0,1.1803870060434174,6.902946327289914,True,True
3,8,6,2,1.8000000000000005,1.0,3.0,1.255958467237836,7.0773748660954965,True,True
3,8,6,2,1.9000000000000008,0.0,3.0,0.8683798056166512,6.464953527716682,True,True
3,8,6,2,1.9000000000000008,0.25,3.0,0.9524860388398801,6.630847294493453,True,True
3,8,6,2,1.9000000000000008,0.5,3.0,1.0317517774318632,6.801581555901469,True,True
3,8,6,2,1.9000000000000008,0.75,3.0,1.106403271529799,6.976930061803533,True,True
3,8,6,2,1.9000000000000008,1.0,3.0,1.176673609896774,7.156659723436558,True,True
3,8,6,2,2.000000000000001,0.0,3.0,0.8186654182274893,6.514667915105844,True,True
3,8,6,2,2.000000000000001,0.25,3.0,0.8974075021979568,6.685925831135377,True,True
3,8,6,2,2.000000000000001,0.5,3.0,0.971567158821284,6.861766174512049,True,True
3,8,6,2,2.000000000000001,0.75,3.0,1.0413773287675507,7.041956004565781,True,True
3,8,6,2,2.000000000000001,1.0,3.0,1.1070733748856965,7.226259958447636,True,True
3,8,6,2,2.100000000000001,0.0,3.0,0.7744219735123399,6.558911359820993,True,True
3,8,6,2,2.100000000000001,0.25,3.0,0.8484625628326494,6.734870770500684,True,True
3,8,6,2,2.100000000000001,0.5,3.0,0.9181551311591858,6.915178202174147,True,True
3,8,6,2,2.100000000000001,0.75,3.0,0.983735591524936,7.099597741808396,True,True
3,8,6,2,2.100000000000001,1.0,3.0,1.0454387845562474,7.287894548777085,True,True
3,8,6,2,2.200000000000001,0.0,3.0,0.7347799710456373,6.598553362287696,True,True
3,8,6,2,2.200000000000001,0.25,3.0,0.8046630415323315,6.778670291801001,True,True
3,8,6,2,2.200000000000001,0.5,3.0,0.8704113068565733,6.962922026476759,True,True
3,8,6,2,2.200000000000001,0.75,3.0,0.9322611321990606,7.151072201134271,True,True
3,8,6,2,2.200000000000001,1.0,3.0,0.9904450373744282,7.342888295958904,True,True
3,8,6,2,2.300000000000001,0.0,3.0,0.6990475393148841,6.634285794018449,True,True
3,8,6,2,2.300000000000001,0.25,3.0,0.7652257194874084,6.818107613845925,True,True
3,8,6,2,2.300000000000001,0.5,3.0,0.8274634800014682,7.005869853331864,True,True
3,8,6,2,2.300000000000001,0.75,3.0,0.8859959217628912,7.197337411570441,True,True
3,8,6,2,2.300000000000001,1.0,3.0,0.9410520939099212,7.392281239423411,True,True
3,8,6,2,2.4000000000000012,0.0,3.0,0.6666666666666665,6.666666666666666,True,True
3,8,6,2,2.4000000000000012,0.25,3.0,0.7295209955544784,6.853812337778855,True,True
3,8,6,2,2.4000000000000012,0.5,3.0,0.788612603479423,7.0447207298539105,True,True
3,8,6,2,2.4000000000000012,0.75,3.0,0.844174159508388,7.239159173824945,True,True
3,8,6,2,2.4000000000000012,1.0,3.0,0.8964305216085688,7.436902811724764,True,True
3,8,6,2,2.5000000000000013,0.0,3.0,0.6371819286661959,6.6961514046671375,True,True
3,8,6,2,2.5000000000000013,0.25,3.0,0.6970364607921238,6.886296872541209,True,True
3,8,6,2,2.5000000000000013,0.5,3.0,0.7532911839829484,7.080042149350385,True,True
3,8,6,2,2.5000000000000013,0.75,3.0,0.8061755481843766,7.2771577851489555,True,True
3,8,6,2,2.5000000000000013,1.0,3.0,0.855909787777624,7.477423545555708,True,True
3,8,6,2,2.6000000000000014,0.0,3.0,0.610217690832072,6.723115642501261,True,True
3,8,6,2,2.6000000000000014,0.25,3.0,0.6673505021713866,6.915982831161946,True,True
3,8,6,2,2.6000000000000014,0.5,3.0,0.7210332944581697,7.112300038875164,True,True
3,8,6,2,2.6000000000000014,0.75,3.0,0.771491777854326,7.311841555479006,True,True
3,8,6,2,2.6000000000000014,1.0,3.0,0.8189413258919847,7.514392007441348,True,True
3,8,6,2,2.700000000000002,0.0,3.0,0.5854611946973223,6.74787213863601,True,True
3,8,6,2,2.700000000000002,0.25,3.0,0.6401128171082191,6.943220516225114,True,True
3,8,6,2,2.700000000000002,0.5,3.0,0.6914525384513772,7.141880794881956,True,True
3,8,6,2,2.700000000000002,0.75,3.0,0.7397019971082006,7.3436313362251315,True,True
3,8,6,2,2.700000000000002,1.0,3.0,0.7850716014370658,7.548261731896266,True,True
3,8,6,2,2.8000000000000016,0.0,3.0,0.562649811860521,6.770683521472812,True,True
3,8,6,2,2.8000000000000016,0.25,3.0,0.6150297932741746,6.968303540059159,True,True
3,8,6,2,2.8000000000000016,0.5,3.0,0.6642255809784081,7.169107752354925,True,True
3,8,6,2,2.8000000000000016,0.75,3.0,0.7104545439778085,7.372878789355523,True,True
3,8,6,2,2.8000000000000016,1.0,3.0,0.7539221117921886,7.579411221541143,True,True
3,8,6,2,2.9000000000000017,0.0,3.0,0.5415613044581833,6.791772028875149,True,True
3,8,6,2,2.9000000000000017,0.25,3.0,0.5918533788905882,6.991479954442745,True,True
3,8,6,2,2.9000000000000017,0.5,3.0,0.6390796535802874,7.194253679753046,True,True
3,8,6,2,2.9000000000000017,0.75,3.0,0.6834531266908912,7.399880206642441,True,True
3,8,6,2,2.9000000000000017,1.0,3.0,0.7251742968072232,7.608159036526109,True,True
3,8,6,2,3.0000000000000018,0.0,3.0,0.522006289314465,6.811327044018868,True,True
3,8,6,2,3.0000000000000018,0.25,3.0,0.5703724995482533,7.01296083378508,True,True
3,8,6,2,3.0000000000000018,0.5,3.0,0.6157829466102731,7.21755038672306,True,True
3,8,6,2,3.0000000000000018,0.75,3.0,0.6584462252003473,7.424887108132985,True,True
3,8,6,2,3.0000000000000018,1.0,3.0,0.6985579922191976,7.634775341114135,True,True
3,8,6,3,1.1,0.0,3.0,2.596240681148283,8.403759318851717,True,True
3,8,6,3,1.1,0.25,3.0,2.7958196657624725,8.454180334237527,True,True
3,8,6,3,1.1,0.5,3.0,2.991747918435563,8.508252081564438,True,True
3,8,6,3,1.1,0.75,3.0,3.183736778523377,8.566263221476623,True,True
3,8,6,3,1.1,1.0,3.0,3.3714850373089154,8.628514962691085,True,True
3,8,6,3,1.2000000000000002,0.0,3.0,2.2984378812835757,8.701562118716424,True,True
3,8,6,3,1.2000000000000002,0.25,3.0,2.4668425730604664,8.783157426939534,True,True
3,8,6,3,1.2000000000000002,0.5,3.0,2.630838787964516,8.869161212035484,True,True
3,8,6,3,1.2000000000000002,0.75,3.0,2.790259330186733,8.959740669813268,True,True
3,8,6,3,1.2000000000000002,1.0,3.0,2.9449495366961065,9.055050463303893,True,True
3,8,6,3,1.3000000000000003,0.0,3.0,2.0665670913120286,8.933432908687971,True,True
3,8,6,3,1.3000000000000003,0.25,3.0,2.2131639840109543,9.036836015989046,True,True
3,8,6,3,1.3000000000000003,0.5,3.0,2.355292580863784,9.144707419136216,True,True
3,8,6,3,1.3000000000000003,0.75,3.0,2.4928849926300662,9.257115007369933,True,True
3,8,6,3,1.3000000000000003,1.0,3.0,2.6258904308521056,9.374109569147894,True,True
3,8,6,3,1.4000000000000004,0.0,3.0,1.879621172150232,9.120378827849768,True,True
3,8,6,3,1.4000000000000004,0.25,3.0,2.0098656416985783,9.240134358301422,True,True
3,8,6,3,1.4000000000000004,0.5,3.0,2.1357919262997593,9.36420807370024,True,True
3,8,6,3,1.4000000000000004,0.75,3.0,2.2573967089482334,9.492603291051767,True,True
3,8,6,3,1.4000000000000004,1.0,3.0,2.3746921313001366,9.625307868699863,True,True
3,8,6,3,1.5000000000000007,0.0,3.0,1.7250827823646242,9.274917217635377,True,True
3,8,6,3,1.5000000000000007,0.25,3.0,1.8425019277378771,9.407498072262122,True,True
3,8,6,3,1.5000000000000007,0.5,3.0,1.955815854055929,9.54418414594407,True,True
3,8,6,3,1.5000000000000007,0.75,3.0,2.0650623364679563,9.684937663532043,True,True
3,8,6,3,1.5000000000000007,1.0,3.0,2.1702915689746463,9.829708431025354,True,True
3,8,6,3,1.6000000000000005,0.0,3.0,1.5948751620466721,9.405124837953327,True,True
3,8,6,3,1.6000000000000005,0.25,3.0,1.7019112933811953,9.548088706618804,True,True
3,8,6,3,1.6000000000000005,0.5,3.0,1.8050665404851243,9.694933459514875,True,True
3,8,6,3,1.6000000000000005,0.75,3.0,1.9044049564328511,9.84559504356715,True,True
3,8,6,3,1.6000000000000005,1.0,3.0,1.9999999999999991,10.0,True,True
3,8,6,3,1.7000000000000006,0.0,3.0,1.4834899550509677,9.516510044949033,True,True
3,8,6,3,1.7000000000000006,0.25,3.0,1.581918581954949,9.668081418045052,True,True
3,8,6,3,1.7000000000000006,0.5,3.0,1.676682953082846,9.823317046917154,True,True
3,8,6,3,1.7000000000000006,0.75,3.0,1.7678639934291684,9.982136006570832,True,True
3,8,6,3,1.7000000000000006,1.0,3.0,1.8555494226332847,10.144450577366715,True,True
3,8,6,3,1.8000000000000005,0.0,3.0,1.3870124402489772,9.612987559751023,True,True
3,8,6,3,1.8000000000000005,0.25,3.0,1.4781722298176456,9.771827770182355,True,True
3,8,6,3,1.8000000000000005,0.5,3.0,1.565869929788935,9.934130070211065,True,True
3,8,6,3,1.8000000000000005,0.75,3.0,1.650197243262907,10.099802756737093,True,True
3,8,6,3,1.8000000000000005,1.0,3.0,1.7312505083780998,10.2687494916219,True,True
3,8,6,3,1.9000000000000008,0.0,3.0,1.3025697084249765,9.697430291575024,True,True
3,8,6,3,1.9000000000000008,0.25,3.0,1.387499029653891,9.862500970346108,True,True
3,8,6,3,1.9000000000000008,0.5,3.0,1.4691521990688745,10.030847800931125,True,True
3,8,6,3,1.9000000000000008,0.75,3.0,1.547627666147795,10.202372333852205,True,True
3,8,6,3,1.9000000000000008,1.0,3.0,1.6230267607806743,10.376973239219325,True,True
3,8,6,3,2.000000000000001,0.0,3.0,1.227998127341234,9.772001872658766,True,True
3,8,6,3,2.000000000000001,0.25,3.0,1.3075209902073635,9.942479009792637,True,True
3,8,6,3,2.000000000000001,0.5,3.0,1.3839377008567544,10.116062299143245,True,True
3,8,6,3,2.000000000000001,0.75,3.0,1.4573507382319262,10.292649261768073,True,True
3,8,6,3,2.000000000000001,1.0,3.0,1.5278640450004195,10.47213595499958,True,True
3,8,6,3,2.100000000000001,0.0,3.0,1.1616329602685092,9.83836703973149,True,True
3,8,6,3,2.100000000000001,0.25,3.0,1.236415647495468,10.013584352504532,True,True
3,8,6,3,2.100000000000001,0.5,3.0,1.3082473429211898,10.19175265707881,True,True
3,8,6,3,2.100000000000001,0.75,3.0,1.377232696738778,10.372767303261222,True,True
3,8,6,3,2.100000000000001,1.0,3.0,1.4434766804168806,10.55652331958312,True,True
3,8,6,3,2.200000000000001,0.0,3.0,1.1021699565684555,9.897830043431544,True,True
3,8,6,3,2.200000000000001,0.25,3.0,1.1727597569517672,10.077240243048234,True,True
3,8,6,3,2.200000000000001,0.5,3.0,1.2405402460242225,10.259459753975777,True,True
3,8,6,3,2.200000000000001,0.75,3.0,1.3056169602848602,10.44438303971514,True,True
3,8,6,3,2.200000000000001,1.0,3.0,1.3680948353247278,10.631905164675272,True,True
3,8,6,3,2.300000000000001,0.0,3.0,1.0485713089723259,9.951428691027674,True,True
3,8,6,3,2.300000000000001,0.25,3.0,1.1154238365548084,10.134576163445193,True,True
3,8,6,3,2.300000000000001,0.5,3.0,1.1795966308736219,10.320403369126378,True,True
3,8,6,3,2.300000000000001,0.75,3.0,1.2411952200022016,10.5088047799978,True,True
3,8,6,3,2.300000000000001,1.0,3.0,1.3003237854359435,10.699676214564057,True,True
3,8,6,3,2.4000000000000012,0.0,3.0,0.9999999999999991,10.0,True,True
3,8,6,3,2.4000000000000012,0.25,3.0,1.0634989678104123,10.186501032189588,True,True
3,8,6,3,2.4000000000000012,0.5,3.0,1.12443697120736,10.37556302879264,True,True
3,8,6,3,2.4000000000000012,0.75,3.0,1.1829189052191342,10.567081094780866,True,True
3,8,6,3,2.4000000000000012,1.0,3.0,1.2390477143047658,10.760952285695234,True,True
3,8,6,3,2.5000000000000013,0.0,3.0,0.9557728929992937,10.044227107000706,True,True
3,8,6,3,2.5000000000000013,0.25,3.0,1.0162447450531715,10.233755254946828,True,True
3,8,6,3,2.5000000000000013,0.5,3.0,1.0742647636975846,10.425735236302415,True,True
3,8,6,3,2.5000000000000013,0.75,3.0,1.1299367759744223,10.620063224025579,True,True
3,8,6,3,2.5000000000000013,1.0,3.0,1.1833621684830806,10.81663783151692,True,True
3,8,6,3,2.6000000000000014,0.0,3.0,0.9153265362481076,10.084673463751892,True,True
3,8,6,3,2.6000000000000014,0.25,3.0,0.9730514835179003,10.2769485164821,True,True
3,8,6,3,2.6000000000000014,0.5,3.0,1.0284251323558111,10.47157486764419,True,True
3,8,6,3,2.6000000000000014,0.75,3.0,1.0815499416872543,10.668450058312747,True,True
3,8,6,3,2.6000000000000014,1.0,3.0,1.1325255324441912,10.867474467555809,True,True
3,8,6,3,2.700000000000002,0.0,3.0,0.8781917920459836,10.121808207954016,True,True
3,8,6,3,2.700000000000002,0.25,3.0,0.9334122761723425,10.316587723827658,True,True
3,8,6,3,2.700000000000002,0.5,3.0,0.9863743189006087,10.513625681099391,True,True
3,8,6,3,2.700000000000002,0.75,3.0,1.0371788076770656,10.712821192322934,True,True
3,8,6,3,2.700000000000002,1.0,3.0,1.085923469445337,10.914076530554663,True,True
3,8,6,3,2.8000000000000016,0.0,3.0,0.8439747177907817,10.156025282209217,True,True
3,8,6,3,2.8000000000000016,0.25,3.0,0.8969019982358954,10.353098001764105,True,True
3,8,6,3,2.8000000000000016,0.5,3.0,0.9476568219253627,10.552343178074636,True,True
3,8,6,3,2.8000000000000016,0.75,3.0,0.996338371467612,10.753661628532388,True,True
3,8,6,3,2.8000000000000016,1.0,3.0,1.0430424077435791,10.95695759225642,True,True
3,8,6,3,2.9000000000000017,0.0,3.0,0.8123419566872752,10.187658043312725,True,True
3,8,6,3,2.9000000000000017,0.25,3.0,0.8631613048507516,10.386838695149248,True,True
3,8,6,3,2.9000000000000017,0.5,3.0,0.9118880142965988,10.588111985703401,True,True
3,8,6,3,2.9000000000000017,0.75,3.0,0.9586194803704311,10.79138051962957,True,True
3,8,6,3,2.9000000000000017,1.0,3.0,1.0034494657434596,10.99655053425654,True,True
3,8,6,3,3.0000000000000018,0.0,3.0,0.7830094339716975,10.216990566028302,True,True
3,8,6,3,3.0000000000000018,0.25,3.0,0.8318842770768269,10.418115722923172,True,True
3,8,6,3,3.0000000000000018,0.5,3.0,0.8787407514415051,10.621259248558495,True,True
3,8,6,3,3.0000000000000018,0.75,3.0,0.9236744199154092,10.82632558008459,True,True
3,8,6,3,3.0000000000000018,1.0,3.0,0.9667770431528329,11.033222956847167,True,True
3,8,7,1,1.1,0.0,2.0,0.8654135603827613,2.8012531062839052,True,True
3,8,7,1,1.1,0.25,2.0,1.0612455928411255,2.855421073825541,True,True
3,8,7,1,1.1,0.5,2.0,1.2443374207007738,2.9223292459658925,True,True
3,8,7,1,1.1,0.75,2.0,1.411896349833152,3.004770316833514,True,True
3,8,7,1,1.1,1.0,2.0,1.5613491392207883,3.1053175274458775,True,True
3,8,7,1,1.2000000000000002,0.0,2.0,0.7661459604278584,2.900520706238808,True,True
3,8,7,1,1.2000000000000002,0.25,2.0,0.9300864433955776,2.9865802232710887,True,True
3,8,7,1,1.2000000000000002,0.5,2.0,1.0798671184339754,3.0867995482326904,True,True
3,8,7,1,1.2000000000000002,0.75,2.0,1.2144282965102864,3.2022383701563797,True,True
3,8,7,1,1.2000000000000002,1.0,2.0,1.3333333333333335,3.3333333333333326,True,True
3,8,7,1,1.3000000000000003,0.0,2.0,0.6888556971040096,2.9778109695626567,True,True
3,8,7,1,1.3000000000000003,0.25,2.0,0.8309616642100219,3.0857050024566446,True,True
3,8,7,1,1.3000000000000003,0.5,2.0,0.9593428080820297,3.2073238585846364,True,True
3,8,7,1,1.3000000000000003,0.75,2.0,1.073876405386079,3.3427902612805873,True,True
3,8,7,1,1.3000000000000003,1.0,2.0,1.1749377437870236,3.491728922879642,True,True
3,8,7,1,1.4000000000000004,0.0,2.0,0.6265403907167442,3.0401262759499224,True,True
3,8,7,1,1.4000000000000004,0.25,2.0,0.7524655696494111,3.1642010970172554,True,True
3,8,7,1,1.4000000000000004,0.5,2.0,0.8654930644002845,3.3011736022663816,True,True
3,8,7,1,1.4000000000000004,0.75,2.0,0.9659957070103689,3.450670959656297,True,True
3,8,7,1,1.4000000000000004,1.0,2.0,1.054693182657376,3.6119734840092903,True,True
3,8,7,1,1.5000000000000007,0.0,2.0,0.5750275941215415,3.0916390725451253,True,True
3,8,7,1,1.5000000000000007,0.25,2.0,0.6883541121559855,3.2283125545106808,True,True
3,8,7,1,1.5000000000000007,0.5,2.0,0.7896521086449977,3.3770145580216684,True,True
3,8,7,1,1.5000000000000007,0.75,2.0,0.8795651067415018,3.5371015599251643,True,True
3,8,7,1,1.5000000000000007,1.0,2.0,0.9589647914607795,3.7077018752058866,True,True
3,8,7,1,1.6000000000000005,0.0,2.0,0.5316250540155574,3.135041612651109,True,True
3,8,7,1,1.6000000000000005,0.25,2.0,0.6348016521442839,3.2818650145223827,True,True
3,8,7,1,1.6000000000000005,0.5,2.0,0.7267649503250242,3.439901716341642,True,True
3,8,7,1,1.6000000000000005,0.75,2.0,0.8083085319657128,3.6083581347009535,True,True
3,8,7,1,1.6000000000000005,1.0,2.0,0.8803670188197754,3.7862996478468904,True,True
3,8,7,1,1.7000000000000006,0.0,2.0,0.494496651683656,3.1721700149830108,True,True
3,8,7,1,1.7000000000000006,0.25,2.0,0.589287997809723,3.3273786688569436,True,True
3,8,7,1,1.7000000000000006,0.5,2.0,0.6736040680816004,3.4930625985850656,True,True
3,8,7,1,1.7000000000000006,0.75,2.0,0.7483202950712,3.668346371595466,True,True
3,8,7,1,1.7000000000000006,1.0,2.0,0.8143897720106419,3.852276894656024,True,True
3,8,7,1,1.8000000000000005,0.0,2.0,0.46233748008299247,3.2043291865836743,True,True
3,8,7,1,1.8000000000000005,0.25,2.0,0.5500657477543025,3.366600918912364,True,True
3,8,7,1,1.8000000000000005,0.5,2.0,0.627979233618918,3.5386874330477482,True,True
3,8,7,1,1.8000000000000005,0.75,2.0,0.6969950129965137,3.7196716536701526,True,True
3,8,7,1,1.8000000000000005,1.0,2.0,0.7580614579157972,3.9086052087508687,True,True
3,8,7,1,1.9000000000000008,0.0,2.0,0.4341899028083256,3.232476763858341,True,True
3,8,7,1,1.9000000000000008,0.25,2.0,0.5158758887159316,3.4007907779507347,True,True
3,8,7,1,1.9000000000000008,0.5,2.0,0.588336804948387,3.578329861718279,True,True
3,8,7,1,1.9000000000000008,0.75,2.0,0.6525069419149594,3.764159724751707,True,True
3,8,7,1,1.9000000000000008,1.0,2.0,0.7093176620466317,3.9573490046200344,True,True
3,8,7,1,2.000000000000001,0.0,2.0,0.40933270911374464,3.257333957552922,True,True
3,8,7,1,2.000000000000001,0.25,2.0,0.485783579410642,3.4308830872560243,True,True
3,8,7,1,2.000000000000001,0.5,2.0,0.5535366874428482,3.613129979223818,True,True
3,8,7,1,2.000000000000001,0.75,2.0,0.6135283992496132,3.8031382674170526,True,True
3,8,7,1,2.000000000000001,1.0,2.0,0.6666666666666663,4.0,True,True
3,8,7,1,2.100000000000001,0.0,2.0,0.38721098675616994,3.2794556799104964,True,True
3,8,7,1,2.100000000000001,0.25,2.0,0.4590775655795929,3.4575891010870734,True,True
3,8,7,1,2.100000000000001,0.5,2.0,0.5227193922781237,3.6439472743885424,True,True
3,8,7,1,2.100000000000001,0.75,2.0,0.5790654336652372,3.837601233001429,True,True
3,8,7,1,2.100000000000001,1.0,2.0,0.6289971268406398,4.037669539826027,True,True
3,8,7,1,2.200000000000001,0.0,2.0,0.36738998552281865,3.299276681143848,True,True
3,8,7,1,2.200000000000001,0.25,2.0,0.43520565342828665,3.4814610132383796,True,True
3,8,7,1,2.200000000000001,0.5,2.0,0.4952225186872141,3.671444147979452,True,True
3,8,7,1,2.200000000000001,0.75,2.0,0.5483562280999537,3.8683104385667124,True,True
3,8,7,1,2.200000000000001,1.0,2.0,0.5954604898254947,4.071206176841171,True,True
3,8,7,1,2.300000000000001,0.0,2.0,0.34952376965744203,3.3171428970092247,True,True
3,8,7,1,2.300000000000001,0.25,2.0,0.4137317400007341,3.502934926665932,True,True
3,8,7,1,2.300000000000001,0.5,2.0,0.4705260469549606,3.6961406197117057,True,True
3,8,7,1,2.300000000000001,0.75,2.0,0.5208053768642456,3.8958612898024203,True,True
3,8,7,1,2.300000000000001,1.0,2.0,0.5653955898778971,4.101271076788769,True,True
3,8,7,1,2.4000000000000012,0.0,2.0,0.33333333333333326,3.333333333333333,True,True
3,8,7,1,2.4000000000000012,0.25,2.0,0.3943063017397115,3.5223603649269553,True,True
3,8,7,1,2.4000000000000012,0.5,2.0,0.4482152608042844,3.718451405862382,True,True
3,8,7,1,2.4000000000000012,0.75,2.0,0.4959397843304567,3.9207268823362096,True,True
3,8,7,1,2.4000000000000012,1.0,2.0,0.5382783976218317,4.128388269044835,True,True
3,8,7,1,2.5000000000000013,0.0,2.0,0.31859096433309797,3.3480757023335688,True,True
3,8,7,1,2.5000000000000013,0.25,2.0,0.3766455919914742,3.5400210746751926,True,True
3,8,7,1,2.5000000000000013,0.5,2.0,0.427954893888812,3.738711772777854,True,True
3,8,7,1,2.5000000000000013,0.75,2.0,0.4733781626028486,3.9432885040638173,True,True
3,8,7,1,2.5000000000000013,1.0,2.0,0.5136874581391757,4.152979208527491,True,True
3,8,7,1,2.6000000000000014,0.0,2.0,0.305108845416036,3.3615578212506305,True,True
3,8,7,1,2.6000000000000014,0.25,2.0,0.36051664722908483,3.556150019437582,True,True
3,8,7,1,2.6000000000000014,0.5,2.0,0.4094706629459923,3.757196003720674,True,True
3,8,7,1,2.6000000000000014,0.75,2.0,0.4528093898226453,3.9638572768440206,True,True
3,8,7,1,2.6000000000000014,1.0,2.0,0.4912794814705834,4.175387185196083,True,True
3,8,7,1,2.700000000000002,0.0,2.0,0.29273059734866114,3.373936069318005,True,True
3,8,7,1,2.700000000000002,0.25,2.0,0.3457262692256886,3.570940397440978,True,True
3,8,7,1,2.700000000000002,0.5,2.0,0.3925358007185329,3.774130865948133,True,True
3,8,7,1,2.700000000000002,0.75,2.0,0.4339768163439439,3.982689850322722,True,True
3,8,7,1,2.700000000000002,1.0,2.0,0.47077170952886527,4.195894957137801,True,True
3,8,7,1,2.8000000000000016,0.0,2.0,0.2813249059302605,3.385341760736406,True,True
3,8,7,1,2.8000000000000016,0.25,2.0,0.33211279048920406,3.5845538761774627,True,True
3,8,7,1,2.8000000000000016,0.5,2.0,0.3769610558960943,3.7897056107705716,True,True
3,8,7,1,2.8000000000000016,0.75,2.0,0.4166666666666665,3.9999999999999996,True,True
3,8,7,1,2.8000000000000016,1.0,2.0,0.4519289271296749,4.214737739536991,True,True
3,8,7,1,2.9000000000000017,0.0,2.0,0.27078065222909165,3.3958860144375747,True,True
3,8,7,1,2.9000000000000017,0.25,2.0,0.3195398267901437,3.597126839876523,True,True
3,8,7,1,2.9000000000000017,0.5,2.0,0.3625871484036116,3.8040795182630545,True,True
3,8,7,1,2.9000000000000017,0.75,2.0,0.40069932479834747,4.015967341868318,True,True
3,8,7,1,2.9000000000000017,1.0,2.0,0.43455372930491154,4.232112937361754,True,True
3,8,7,1,3.0000000000000018,0.0,2.0,0.2610031446572325,3.405663522009434,True,True
3,8,7,1,3.0000000000000018,0.25,2.0,0.30789147330513655,3.60877519336153,True,True
3,8,7,1,3.0000000000000018,0.5,2.0,0.3492789961095988,3.8173876705570673,True,True
3,8,7,1,3.0000000000000018,0.75,2.0,0.38592268928091333,4.030743977385753,True,True
3,8,7,1,3.0000000000000018,1.0,2.0,0.41847911782065705,4.248187548846009,True,True
3,8,7,2,1.1,0.0,2.0,1.7308271207655226,5.6025062125678105,True,True
3,8,7,2,1.1,0.25,2.0,1.9295052338096212,5.653828099523712,True,True
3,8,7,2,1.1,0.5,2.0,2.122491185682251,5.710842147651082,True,True
3,8,7,2,1.1,0.75,2.0,2.3091147594756847,5.774218573857647,True,True
3,8,7,2,1.1,1.0,2.0,2.4886748414015476,5.844658491931785,True,True
3,8,7,2,1.2000000000000002,0.0,2.0,1.5322919208557169,5.801041412477616,True,True
3,8,7,2,1.2000000000000002,0.25,2.0,1.699601631561134,5.883731701772199,True,True
3,8,7,2,1.2000000000000002,0.5,2.0,1.8601728867911551,5.9731604465421775,True,True
3,8,7,2,1.2000000000000002,0.75,2.0,2.0136510793936737,6.069682253939659,True,True
3,8,7,2,1.2000000000000002,1.0,2.0,2.159734236867951,6.173599096465381,True,True
3,8,7,2,1.3000000000000003,0.0,2.0,1.3777113942080192,5.955621939125313,True,True
3,8,7,2,1.3000000000000003,0.25,2.0,1.5231942995566143,6.060139033776719,True,True
3,8,7,2,1.3000000000000003,0.5,2.0,1.6619233284200439,6.171410004913289,True,True
3,8,7,2,1.3000000000000003,0.75,2.0,1.7937747292299129,6.289558604103419,True,True
3,8,7,2,1.3000000000000003,1.0,2.0,1.9186856161640593,6.414647717169273,True,True
3,8,7,2,1.4000000000000004,0.0,2.0,1.2530807814334883,6.080252551899845,True,True
3,8,7,2,1.4000000000000004,0.25,2.0,1.382246084932846,6.201087248400487,True,True
3,8,7,2,1.4000000000000004,0.5,2.0,1.5049311392988223,6.328402194034511,True,True
3,8,7,2,1.4000000000000004,0.75,2.0,1.6211545373324698,6.462178796000862,True,True
3,8,7,2,1.4000000000000004,1.0,2.0,1.730986128800569,6.602347204532763,True,True
3,8,7,2,1.5000000000000007,0.0,2.0,1.150055188243083,6.1832781450902505,True,True
3,8,7,2,1.5000000000000007,0.25,2.0,1.2664466542497061,6.316886679083627,True,True
3,8,7,2,1.5000000000000007,0.5,2.0,1.376708224311971,6.4566251090213616,True,True
3,8,7,2,1.5000000000000007,0.75,2.0,1.4809457395317573,6.602387593801575,True,True
3,8,7,2,1.5000000000000007,1.0,2.0,1.5793042172899954,6.754029116043337,True,True
3,8,7,2,1.6000000000000005,0.0,2.0,1.0632501080311147,6.270083225302218,True,True
3,8,7,2,1.6000000000000005,0.25,2.0,1.1693135037400721,6.414019829593261,True,True
3,8,7,2,1.6000000000000005,0.5,2.0,1.2696033042885677,6.563730029044765,True,True
3,8,7,2,1.6000000000000005,0.75,2.0,1.3642793622637757,6.719053971069556,True,True
3,8,7,2,1.6000000000000005,1.0,2.0,1.4535299006500484,6.879803432683284,True,True
3,8,7,2,1.7000000000000006,0.0,2.0,0.988993303367312,6.3443400299660215,True,True
3,8,7,2,1.7000000000000006,0.25,2.0,1.086502608481036,6.4968307248522965,True,True
3,8,7,2,1.7000000000000006,0.5,2.0,1.178575995619446,6.654757337713887,True,True
3,8,7,2,1.7000000000000006,0.75,2.0,1.2654068690158256,6.817926464317507,True,True
3,8,7,2,1.7000000000000006,1.0,2.0,1.347208136163201,6.986125197170131,True,True
3,8,7,2,1.8000000000000005,0.0,2.0,0.9246749601659849,6.4086583731673485,True,True
3,8,7,2,1.8000000000000005,0.25,2.0,1.0149654864089768,6.568367846924357,True,True
3,8,7,2,1.8000000000000005,0.5,2.0,1.100131495508605,6.733201837824728,True,True
3,8,7,2,1.8000000000000005,0.75,2.0,1.1803870060434174,6.902946327289914,True,True
3,8,7,2,1.8000000000000005,1.0,2.0,1.255958467237836,7.0773748660954965,True,True
3,8,7,2,1.9000000000000008,0.0,2.0,0.8683798056166512,6.464953527716682,True,True
3,8,7,2,1.9000000000000008,0.25,2.0,0.9524860388398801,6.630847294493453,True,True
3,8,7,2,1.9000000000000008,0.5,2.0,1.0317517774318632,6.801581555901469,True,True
3,8,7,2,1.9000000000000008,0.75,2.0,1.106403271529799,6.976930061803533,True,True
3,8,7,2,1.9000000000000008,1.0,2.0,1.176673609896774,7.156659723436558,True,True
3,8,7,2,2.000000000000001,0.0,2.0,0.8186654182274893,6.514667915105844,True,True
3,8,7,2,2.000000000000001,0.25,2.0,0.8974075021979568,6.685925831135377,True,True
3,8,7,2,2.000000000000001,0.5,2.0,0.971567158821284,6.861766174512049,True,True
3,8,7,2,2.000000000000001,0.75,2.0,1.0413773287675507,7.041956004565781,True,True
3,8,7,2,2.000000000000001,1.0,2.0,1.1070733748856965,7.226259958447636,True,True
3,8,7,2,2.100000000000001,0.0,2.0,0.7744219735123399,6.558911359820993,True,True
3,8,7,2,2.100000000000001,0.25,2.0,0.8484625628326494,6.734870770500684,True,True
3,8,7,2,2.100000000000001,0.5,2.0,0.9181551311591858,6.915178202174147,True,True
3,8,7,2,2.100000000000001,0.75,2.0,0.983735591524936,7.099597741808396,True,True
3,8,7,2,2.100000000000001,1.0,2.0,1.0454387845562474,7.287894548777085,True,True
3,8,7,2,2.200000000000001,0.0,2.0,0.7347799710456373,6.598553362287696,True,True
3,8,7,2,2.200000000000001,0.25,2.0,0.8046630415323315,6.778670291801001,True,True
3,8,7,2,2.200000000000001,0.5,2.0,0.8704113068565733,6.962922026476759,True,True
3,8,7,2,2.200000000000001,0.75,2.0,0.9322611321990606,7.151072201134271,True,True
3,8,7,2,2.200000000000001,1.0,2.0,0.9904450373744282,7.342888295958904,True,True
3,8,7,2,2.300000000000001,0.0,2.0,0.6990475393148841,6.634285794018449,True,True
3,8,7,2,2.300000000000001,0.25,2.0,0.7652257194874084,6.818107613845925,True,True
3,8,7,2,2.300000000000001,0.5,2.0,0.8274634800014682,7.005869853331864,True,True
3,8,7,2,2.300000000000001,0.75,2.0,0.8859959217628912,7.197337411570441,True,True
3,8,7,2,2.300000000000001,1.0,2.0,0.9410520939099212,7.392281239423411,True,True
3,8,7,2,2.4000000000000012,0.0,2.0,0.6666666666666665,6.666666666666666,True,True
3,8,7,2,2.4000000000000012,0.25,2.0,0.7295209955544784,6.853812337778855,True,True
3,8,7,2,2.4000000000000012,0.5,2.0,0.788612603479423,7.0447207298539105,True,True
3,8,7,2,2.4000000000000012,0.75,2.0,0.844174159508388,7.239159173824945,True,True
3,8,7,2,2.4000000000000012,1.0,2.0,0.8964305216085688,7.436902811724764,True,True
3,8,7,2,2.5000000000000013,0.0,2.0,0.6371819286661959,6.6961514046671375,True,True
3,8,7,2,2.5000000000000013,0.25,2.0,0.6970364607921238,6.886296872541209,True,True
3,8,7,2,2.5000000000000013,0.5,2.0,0.7532911839829484,7.080042149350385,True,True
3,8,7,2,2.5000000000000013,0.75,2.0,0.8061755481843766,7.2771577851489555,True,True
3,8,7,2,2.5000000000000013,1.0,2.0,0.855909787777624,7.477423545555708,True,True
3,8,7,2,2.6000000000000014,0.0,2.0,0.610217690832072,6.723115642501261,True,True
3,8,7,2,2.6000000000000014,0.25,2.0,0.6673505021713866,6.915982831161946,True,True
3,8,7,2,2.6000000000000014,0.5,2.0,0.7210332944581697,7.112300038875164,True,True
3,8,7,2,2.6000000000000014,0.75,2.0,0.771491777854326,7.311841555479006,True,True
3,8,7,2,2.6000000000000014,1.0,2.0,0.8189413258919847,7.514392007441348,True,True
3,8,7,2,2.700000000000002,0.0,2.0,0.5854611946973223,6.74787213863601,True,True
3,8,7,2,2.700000000000002,0.25,2.0,0.6401128171082191,6.943220516225114,True,True
3,8,7,2,2.700000000000002,0.5,2.0,0.6914525384513772,7.141880794881956,True,True
3,8,7,2,2.700000000000002,0.75,2.0,0.7397019971082006,7.3436313362251315,True,True
3,8,7,2,2.700000000000002,1.0,2.0,0.7850716014370658,7.548261731896266,True,True
3,8,7,2,2.8000000000000016,0.0,2.0,0.562649811860521,6.770683521472812,True,True
3,8,7,2,2.8000000000000016,0.25,2.0,0.6150297932741746,6.968303540059159,True,True
3,8,7,2,2.8000000000000016,0.5,2.0,0.6642255809784081,7.169107752354925,True,True
3,8,7,2,2.8000000000000016,0.75,2.0,0.7104545439778085,7.372878789355523,True,True
3,8,7,2,2.8000000000000016,1.0,2.0,0.7539221117921886,7.579411221541143,True,True
3,8,7,2,2.9000000000000017,0.0,2.0,0.5415613044581833,6.791772028875149,True,True
3,8,7,2,2.9000000000000017,0.25,2.0,0.5918533788905882,6.991479954442745,True,True
3,8,7,2,2.9000000000000017,0.5,2.0,0.6390796535802874,7.194253679753046,True,True
3,8,7,2,2.9000000000000017,0.75,2.0,0.6834531266908912,7.399880206642441,True,True
3,8,7,2,2.9000000000000017,1.0,2.0,0.7251742968072232,7.608159036526109,True,True
3,8,7,2,3.0000000000000018,0.0,2.0,0.522006289314465,6.811327044018868,True,True
3,8,7,2,3.0000000000000018,0.25,2.0,0.5703724995482533,7.01296083378508,True,True
3,8,7,2,3.0000000000000018,0.5,2.0,0.6157829466102731,7.21755038672306,True,True
3,8,7,2,3.0000000000000018,0.75,2.0,0.6584462252003473,7.424887108132985,True,True
3,8,7,2,3.0000000000000018,1.0,2.0,0.6985579922191976,7.634775341114135,True,True
3,8,7,3,1.1,0.0,2.0,2.596240681148283,8.403759318851717,True,True
3,8,7,3,1.1,0.25,2.0,2.7958196657624725,8.454180334237527,True,True
3,8,7,3,1.1,0.5,2.0,2.991747918435563,8.508252081564438,True,True
3,8,7,3,1.1,0.75,2.0,3.183736778523377,8.566263221476623,True,True
3,8,7,3,1.1,1.0,2.0,3.3714850373089154,8.628514962691085,True,True
3,8,7,3,1.2000000000000002,0.0,2.0,2.2984378812835757,8.701562118716424,True,True
3,8,7,3,1.2000000000000002,0.25,2.0,2.4668425730604664,8.783157426939534,True,True
3,8,7,3,1.2000000000000002,0.5,2.0,2.630838787964516,8.869161212035484,True,True
3,8,7,3,1.2000000000000002,0.75,2.0,2.790259330186733,8.959740669813268,True,True
3,8,7,3,1.2000000000000002,1.0,2.0,2.9449495366961065,9.055050463303893,True,True
3,8,7,3,1.3000000000000003,0.0,2.0,2.0665670913120286,8.933432908687971,True,True
3,8,7,3,1.3000000000000003,0.25,2.0,2.2131639840109543,9.036836015989046,True,True
3,8,7,3,1.3000000000000003,0.5,2.0,2.355292580863784,9.144707419136216,True,True
3,8,7,3,1.3000000000000003,0.75,2.0,2.4928849926300662,9.257115007369933,True,True
3,8,7,3,1.3000000000000003,1.0,2.0,2.6258904308521056,9.374109569147894,True,True
3,8,7,3,1.4000000000000004,0.0,2.0,1.879621172150232,9.120378827849768,True,True
3,8,7,3,1.4000000000000004,0.25,2.0,2.0098656416985783,9.240134358301422,True,True
3,8,7,3,1.4000000000000004,0.5,2.0,2.1357919262997593,9.36420807370024,True,True
3,8,7,3,1.4000000000000004,0.75,2.0,2.2573967089482334,9.492603291051767,True,True
3,8,7,3,1.4000000000000004,1.0,2.0,2.3746921313001366,9.625307868699863,True,True
3,8,7,3,1.5000000000000007,0.0,2.0,1.7250827823646242,9.274917217635377,True,True
3,8,7,3,1.5000000000000007,0.25,2.0,1.8425019277378771,9.407498072262122,True,True
3,8,7,3,1.5000000000000007,0.5,2.0,1.955815854055929,9.54418414594407,True,True
3,8,7,3,1.5000000000000007,0.75,2.0,2.0650623364679563,9.684937663532043,True,True
3,8,7,3,1.5000000000000007,1.0,2.0,2.1702915689746463,9.829708431025354,True,True
3,8,7,3,1.6000000000000005,0.0,2.0,1.5948751620466721,9.405124837953327,True,True
3,8,7,3,1.6000000000000005,0.25,2.0,1.7019112933811953,9.548088706618804,True,True
3,8,7,3,1.6000000000000005,0.5,2.0,1.8050665404851243,9.694933459514875,True,True
3,8,7,3,1.6000000000000005,0.75,2.0,1.9044049564328511,9.84559504356715,True,True
3,8,7,3,1.6000000000000005,1.0,2.0,1.9999999999999991,10.0,True,True
3,8,7,3,1.7000000000000006,0.0,2.0,1.4834899550509677,9.516510044949033,True,True
3,8,7,3,1.7000000000000006,0.25,2.0,1.581918581954949,9.668081418045052,True,True
3,8,7,3,1.7000000000000006,0.5,2.0,1.676682953082846,9.823317046917154,True,True
3,8,7,3,1.7000000000000006,0.75,2.0,1.7678639934291684,9.982136006570832,True,True
3,8,7,3,1.7000000000000006,1.0,2.0,1.8555494226332847,10.144450577366715,True,True
3,8,7,3,1.8000000000000005,0.0,2.0,1.3870124402489772,9.612987559751023,True,True
3,8,7,3,1.8000000000000005,0.25,2.0,1.4781722298176456,9.771827770182355,True,True
3,8,7,3,1.8000000000000005,0.5,2.0,1.565869929788935,9.934130070211065,True,True
3,8,7,3,1.8000000000000005,0.75,2.0,1.650197243262907,10.099802756737093,True,True
3,8,7,3,1.8000000000000005,1.0,2.0,1.7312505083780998,10.2687494916219,True,True
3,8,7,3,1.9000000000000008,0.0,2.0,1.3025697084249765,9.697430291575024,True,True
3,8,7,3,1.9000000000000008,0.25,2.0,1.387499029653891,9.862500970346108,True,True
3,8,7,3,1.9000000000000008,0.5,2.0,1.4691521990688745,10.030847800931125,True,True
3,8,7,3,1.9000000000000008,0.75,2.0,1.547627666147795,10.202372333852205,True,True
3,8,7,3,1.9000000000000008,1.0,2.0,1.6230267607806743,10.376973239219325,True,True
3,8,7,3,2.000000000000001,0.0,2.0,1.227998127341234,9.772001872658766,True,True
3,8,7,3,2.000000000000001,0.25,2.0,1.3075209902073635,9.942479009792637,True,True
3,8,7,3,2.000000000000001,0.5,2.0,1.3839377008567544,10.116062299143245,True,True
3,8,7,3,2.000000000000001,0.75,2.0,1.4573507382319262,10.292649261768073,True,True
3,8,7,3,2.000000000000001,1.0,2.0,1.5278640450004195,10.47213595499958,True,True
3,8,7,3,2.100000000000001,0.0,2.0,1.1616329602685092,9.83836703973149,True,True
3,8,7,3,2.100000000000001,0.25,2.0,1.236415647495468,10.013584352504532,True,True
3,8,7,3,2.100000000000001,0.5,2.0,1.3082473429211898,10.19175265707881,True,True
3,8,7,3,2.100000000000001,0.75,2.0,1.377232696738778,10.372767303261222,True,True
3,8,7,3,2.100000000000001,1.0,2.0,1.4434766804168806,10.55652331958312,True,True
3,8,7,3,2.200000000000001,0.0,2.0,1.1021699565684555,9.897830043431544,True,True
3,8,7,3,2.200000000000001,0.25,2.0,1.1727597569517672,10.077240243048234,True,True
3,8,7,3,2.200000000000001,0.5,2.0,1.2405402460242225,10.259459753975777,True,True
3,8,7,3,2.200000000000001,0.75,2.0,1.3056169602848602,10.44438303971514,True,True
3,8,7,3,2.200000000000001,1.0,2.0,1.3680948353247278,10.631905164675272,True,True
3,8,7,3,2.300000000000001,0.0,2.0,1.0485713089723259,9.951428691027674,True,True
3,8,7,3,2.300000000000001,0.25,2.0,1.1154238365548084,10.134576163445193,True,True
3,8,7,3,2.300000000000001,0.5,2.0,1.1795966308736219,10.320403369126378,True,True
3,8,7,3,2.300000000000001,0.75,2.0,1.2411952200022016,10.5088047799978,True,True
3,8,7,3,2.300000000000001,1.0,2.0,1.3003237854359435,10.699676214564057,True,True
3,8,7,3,2.4000000000000012,0.0,2.0,0.9999999999999991,10.0,True,True
3,8,7,3,2.4000000000000012,0.25,2.0,1.0634989678104123,10.186501032189588,True,True
3,8,7,3,2.4000000000000012,0.5,2.0,1.12443697120736,10.37556302879264,True,True
3,8,7,3,2.4000000000000012,0.75,2.0,1.1829189052191342,10.567081094780866,True,True
3,8,7,3,2.4000000000000012,1.0,2.0,1.2390477143047658,10.760952285695234,True,True
3,8,7,3,2.5000000000000013,0.0,2.0,0.9557728929992937,10.044227107000706,True,True
3,8,7,3,2.5000000000000013,0.25,2.0,1.0162447450531715,10.233755254946828,True,True
3,8,7,3,2.5000000000000013,0.5,2.0,1.0742647636975846,10.425735236302415,True,True
3,8,7,3,2.5000000000000013,0.75,2.0,1.1299367759744223,10.620063224025579,True,True
3,8,7,3,2.5000000000000013,1.0,2.0,1.1833621684830806,10.81663783151692,True,True
3,8,7,3,2.6000000000000014,0.0,2.0,0.9153265362481076,10.084673463751892,True,True
3,8,7,3,2.6000000000000014,0.25,2.0,0.9730514835179003,10.2769485164821,True,True
3,8,7,3,2.6000000000000014,0.5,2.0,1.0284251323558111,10.47157486764419,True,True
3,8,7,3,2.6000000000000014,0.75,2.0,1.0815499416872543,10.668450058312747,True,True
3,8,7,3,2.6000000000000014,1.0,2.0,1.1325255324441912,10.867474467555809,True,True
3,8,7,3,2.700000000000002,0.0,2.0,0.8781917920459836,10.121808207954016,True,True
3,8,7,3,2.700000000000002,0.25,2.0,0.9334122761723425,10.316587723827658,True,True
3,8,7,3,2.700000000000002,0.5,2.0,0.9863743189006087,10.513625681099391,True,True
3,8,7,3,2.700000000000002,0.75,2.0,1.0371788076770656,10.712821192322934,True,True
3,8,7,3,2.700000000000002,1.0,2.0,1.085923469445337,10.914076530554663,True,True
3,8,7,3,2.8000000000000016,0.0,2.0,0.8439747177907817,10.156025282209217,True,True
3,8,7,3,2.8000000000000016,0.25,2.0,0.8969019982358954,10.353098001764105,True,True
3,8,7,3,2.8000000000000016,0.5,2.0,0.9476568219253627,10.552343178074636,True,True
3,8,7,3,2.8000000000000016,0.75,2.0,0.996338371467612,10.753661628532388,True,True
3,8,7,3,2.8000000000000016,1.0,2.0,1.0430424077435791,10.95695759225642,True,True
3,8,7,3,2.9000000000000017,0.0,2.0,0.8123419566872752,10.187658043312725,True,True
3,8,7,3,2.9000000000000017,0.25,2.0,0.8631613048507516,10.386838695149248,True,True
3,8,7,3,2.9000000000000017,0.5,2.0,0.9118880142965988,10.588111985703401,True,True
3,8,7,3,2.9000000000000017,0.75,2.0,0.9586194803704311,10.79138051962957,True,True
3,8,7,3,2.9000000000000017,1.0,2.0,1.0034494657434596,10.99655053425654,True,True
3,8,7,3,3.0000000000000018,0.0,2.0,0.7830094339716975,10.216990566028302,True,True
3,8,7,3,3.0000000000000018,0.25,2.0,0.8318842770768269,10.418115722923172,True,True
3,8,7,3,3.0000000000000018,0.5,2.0,0.8787407514415051,10.621259248558495,True,True
3,8,7,3,3.0000000000000018,0.75,2.0,0.9236744199154092,10.82632558008459,True,True
3,8,7,3,3.0000000000000018,1.0,2.0,0.9667770431528329,11.033222956847167,True,True
3,10,4,1,1.1,0.0,5.0,0.8766506147737396,3.4566827185595943,True,False
3,10,4,1,1.1,0.25,5.0,1.081766950478451,3.501566382854883,True,False
3,10,4,1,1.1,0.5,5.0,1.2787636689013766,3.5545696644319573,True,False
3,10,4,1,1.1,0.75,5.0,1.4660091275706293,3.6173242057627046,True,False
3,10,4,1,1.1,1.0,5.0,1.6417251802855892,3.6916081530477447,True,False
3,10,4,1,1.2000000000000002,0.0,5.0,0.7822293561803206,3.551103977153013,True,False
3,10,4,1,1.2000000000000002,0.25,5.0,0.9576824505348229,3.625650882798511,True,False
3,10,4,1,1.2000000000000002,0.5,5.0,1.1229854419783307,3.710347891355003,True,False
3,10,4,1,1.2000000000000002,0.75,5.0,1.2771674245422064,3.8061659087911277,True,False
3,10,4,1,1.2000000000000002,1.0,5.0,1.4194475377420193,3.9138857955913147,True,False
3,10,4,1,1.3000000000000003,0.0,5.0,0.7070975931583654,3.6262357401749687,True,False
3,10,4,1,1.3000000000000003,0.25,5.0,0.8610696213800118,3.722263711953322,True,False
3,10,4,1,1.3000000000000003,0.5,5.0,1.0045321363814201,3.828801196951914,True,False
3,10,4,1,1.3000000000000003,0.75,5.0,1.1370706545461144,3.9462626787872193,True,False
3,10,4,1,1.3000000000000003,1.0,5.0,1.2585097212568217,4.0748236120765124,True,False
3,10,4,1,1.4000000000000004,0.0,5.0,0.6456498806014821,3.687683452731852,True,False
3,10,4,1,1.4000000000000004,0.25,5.0,0.7831754883959301,3.800157844937404,True,False
3,10,4,1,1.4000000000000004,0.5,5.0,0.9103967020357551,3.9229366312975786,True,False
3,10,4,1,1.4000000000000004,0.75,5.0,1.027268179551146,4.056065153782188,True,False
3,10,4,1,1.4000000000000004,1.0,5.0,1.1339545771970396,4.199378756136294,True,False
3,10,4,1,1.5000000000000007,0.0,5.0,0.5943364779905658,3.7389968553427684,True,False
3,10,4,1,1.5000000000000007,0.25,5.0,0.7187844926519267,3.8645488406814072,True,False
3,10,4,1,1.5000000000000007,0.5,5.0,0.8333333333333328,4.000000000000001,True,False
3,10,4,1,1.5000000000000007,0.75,5.0,0.9381765495921781,4.145156783741156,True,False
3,10,4,1,1.5000000000000007,1.0,5.0,1.033673504811214,4.29965982852212,True,False
3,10,4,1,1.6000000000000005,0.0,5.0,0.5507733808612234,3.7825599524721105,True,False
3,10,4,1,1.6000000000000005,0.25,5.0,0.6645313175194465,3.9188020158138874,True,False
3,10,4,1,1.6000000000000005,0.5,5.0,0.7688566722262338,4.064476661107101,True,False
3,10,4,1,1.6000000000000005,0.75,5.0,0.8640981550668834,4.219235178266451,True,False
3,10,4,1,1.6000000000000005,1.0,5.0,0.9507283098354995,4.382605023497835,True,False
3,10,4,1,1.7000000000000006,0.0,5.0,0.5132882675338621,3.820045065799472,True,False
3,10,4,1,1.7000000000000006,0.25,5.0,0.6181208146045698,3.965212518728764,True,False
3,10,4,1,1.7000000000000006,0.5,5.0,0.7139919158144836,4.11934141751885,True,False
3,10,4,1,1.7000000000000006,0.75,5.0,0.8013514953758922,4.281981837957442,True,False
3,10,4,1,1.7000000000000006,1.0,5.0,0.8807376412963603,4.452595692036974,True,False
3,10,4,1,1.8000000000000005,0.0,5.0,0.48066767716738656,3.8526656561659474,True,False
3,10,4,1,1.8000000000000005,0.25,5.0,0.5779218501037404,4.005411483229594,True,False
3,10,4,1,1.8000000000000005,0.5,5.0,0.6666666666666663,4.166666666666668,True,False
3,10,4,1,1.8000000000000005,0.75,5.0,0.7474178813239805,4.3359154520093535,True,False
3,10,4,1,1.8000000000000005,1.0,5.0,0.8207502526848718,4.512583080648462,True,False
3,10,4,1,1.9000000000000008,0.0,5.0,0.45200679382536046,3.8813265395079735,True,False
3,10,4,1,1.9000000000000008,0.25,5.0,0.542737378510407,4.040595954822927,True,False
3,10,4,1,1.9000000000000008,0.5,5.0,0.6253825377777407,4.207950795555593,True,False
3,10,4,1,1.9000000000000008,0.75,5.0,0.700500187000052,4.382833146333282,True,False
3,10,4,1,1.9000000000000008,1.0,5.0,0.7686837422738912,4.5646495910594425,True,False
3,10,4,1,2.000000000000001,0.0,5.0,0.42661558184824155,3.9067177514850924,True,False
3,10,4,1,2.000000000000001,0.25,5.0,0.5116658863921808,4.071667446941153,True,False
3,10,4,1,2.000000000000001,0.5,5.0,0.5890239833782238,4.24430934995511,True,False
3,10,4,1,2.000000000000001,0.75,5.0,0.6592738336539135,4.42405949967942,True,False
3,10,4,1,2.000000000000001,1.0,5.0,0.7230160350515662,4.6103172982817675,True,False
3,10,4,1,2.100000000000001,0.0,5.0,0.4039577124876572,3.9293756208456765,True,False
3,10,4,1,2.100000000000001,0.25,5.0,0.48401373344521215,4.099319599888122,True,False
3,10,4,1,2.100000000000001,0.5,5.0,0.5567404861892267,4.276592847144107,True,False
3,10,4,1,2.100000000000001,0.75,5.0,0.6227368433884239,4.46059648994491,True,False
3,10,4,1,2.100000000000001,1.0,5.0,0.6826031756190798,4.650730157714254,True,False
3,10,4,1,2.200000000000001,0.0,5.0,0.3836094804572816,3.949723852876052,True,False
3,10,4,1,2.200000000000001,0.25,5.0,0.4592374819035232,4.124095851429811,True,False
3,10,4,1,2.200000000000001,0.5,5.0,0.5278706202258376,4.305462713107496,True,False
3,10,4,1,2.200000000000001,0.75,5.0,0.5901149012939688,4.493218432039365,True,False
3,10,4,1,2.200000000000001,1.0,5.0,0.6465656590910349,4.686767674242299,True,False
3,10,4,1,2.300000000000001,0.0,5.0,0.3652313827539737,3.96810195057936,True,False
3,10,4,1,2.300000000000001,0.25,5.0,0.43690471207180237,4.146428621261531,True,False
3,10,4,1,2.300000000000001,0.5,5.0,0.5018912922951666,4.3314420410381675,True,False
3,10,4,1,2.300000000000001,0.75,5.0,0.5607987860682471,4.522534547265087,True,False
3,10,4,1,2.300000000000001,1.0,5.0,0.6142143806260312,4.719118952707303,True,False
3,10,4,1,2.4000000000000012,0.0,5.0,0.3485479808940475,3.984785352439286,True,False
3,10,4,1,2.4000000000000012,0.25,5.0,0.4166666666666663,4.166666666666668,True,False
3,10,4,1,2.4000000000000012,0.5,5.0,0.47838277506449844,4.354950558268835,True,False
3,10,4,1,2.4000000000000012,0.75,5.0,0.5343017549256821,4.549031578407652,True,False
3,10,4,1,2.4000000000000012,1.0,5.0,0.5850006672005335,4.7483326661328,True,False
3,10,4,1,2.5000000000000013,0.0,5.0,0.33333333333333304,4.000000000000001,True,False
3,10,4,1,2.5000000000000013,0.25,5.0,0.3982387054163725,4.185094627916961,True,False
3,10,4,1,2.5000000000000013,0.5,5.0,0.45700399728252505,4.376329336050809,True,False
3,10,4,1,2.5000000000000013,0.75,5.0,0.5102297094585153,4.573103623874818,True,False
3,10,4,1,2.5000000000000013,1.0,5.0,0.5584815598877468,4.774851773445587,True,False
3,10,4,1,2.6000000000000014,0.0,5.0,0.3194002640075475,4.013933069325787,True,False
3,10,4,1,2.6000000000000014,0.25,5.0,0.3813860567700449,4.201947276563289,True,False
3,10,4,1,2.6000000000000014,0.5,5.0,0.4374746965180265,4.395858636815308,True,False
3,10,4,1,2.6000000000000014,0.75,5.0,0.488259814419723,4.595073518913611,True,False
3,10,4,1,2.6000000000000014,1.0,5.0,0.5342950885854569,4.7990382447478765,True,False
3,10,4,1,2.700000000000002,0.0,5.0,0.30659232857964347,4.02674100475369,True,False
3,10,4,1,2.700000000000002,0.25,5.0,0.36591324668582637,4.217420086647508,True,False
3,10,4,1,2.700000000000002,0.5,5.0,0.4195622813312563,4.413771052002078,True,False
3,10,4,1,2.700000000000002,0.75,5.0,0.46812486161812794,4.615208471715206,True,False
3,10,4,1,2.700000000000002,1.0,5.0,0.5121422855927422,4.821191047740592,True,False
3,10,4,1,2.8000000000000016,0.0,5.0,0.29477771323800384,4.03855562009533,True,False
3,10,4,1,2.8000000000000016,0.25,5.0,0.35165613241282556,4.231677200920508,True,False
3,10,4,1,2.8000000000000016,0.5,5.0,0.4030719974088508,4.430261335924483,True,False
3,10,4,1,2.8000000000000016,0.75,5.0,0.4496016315611344,4.6337317017721995,True,False
3,10,4,1,2.8000000000000016,1.0,5.0,0.4917738577772881,4.841559475556046,True,False
3,10,4,1,2.9000000000000017,0.0,5.0,0.28384454095002765,4.049488792383306,True,False
3,10,4,1,2.9000000000000017,0.25,5.0,0.3384758152863645,4.244857518046969,True,False
3,10,4,1,2.9000000000000017,0.5,5.0,0.38783945698534517,4.445493876347989,True,False
3,10,4,1,2.9000000000000017,0.75,5.0,0.4325020947162268,4.650831238617107,True,False
3,10,4,1,2.9000000000000017,1.0,5.0,0.4729801493177388,4.860353184015596,True,False
3,10,4,1,3.0000000000000018,0.0,5.0,0.2736972180665753,4.059636115266759,True,False
3,10,4,1,3.0000000000000018,0.25,5.0,0.32625393082154064,4.257079402511794,True,False
3,10,4,1,3.0000000000000018,0.5,5.0,0.3737248879781223,4.459608445355212,True,False
3,10,4,1,3.0000000000000018,0.75,5.0,0.4166666666666665,4.666666666666668,True,False
3,10,4,1,3.0000000000000018,1.0,5.0,0.4555834730964001,4.877749860236934,True,False
3,10,4,2,1.1,0.0,5.0,1.7533012295474792,6.913365437119189,True,True
3,10,4,2,1.1,0.25,5.0,1.9602595804694434,6.956407086197224,True,True
3,10,4,2,1.1,0.5,5.0,2.163533900956902,7.003132765709766,True,True
3,10,4,2,1.1,0.75,5.0,2.3627553424937373,7.0539113241729305,True,True
3,10,4,2,1.1,1.0,5.0,2.557527337802753,7.109139328863915,True,True
3,10,4,2,1.2000000000000002,0.0,5.0,1.5644587123606413,7.102207954306026,True,True
3,10,4,2,1.2000000000000002,0.25,5.0,1.7423185853779555,7.174348081288713,True,True
3,10,4,2,1.2000000000000002,0.5,5.0,1.9153649010696459,7.251301765597022,True,True
3,10,4,2,1.2000000000000002,0.75,5.0,2.083333333333333,7.333333333333335,True,True
3,10,4,2,1.2000000000000002,1.0,5.0,2.2459708839566614,7.420695782710006,True,True
3,10,4,2,1.3000000000000003,0.0,5.0,1.4141951863167308,7.2524714803499375,True,True
3,10,4,2,1.3000000000000003,0.25,5.0,1.5707262664612527,7.345940400205415,True,True
3,10,4,2,1.3000000000000003,0.5,5.0,1.7221392427600235,7.444527423906644,True,True
3,10,4,2,1.3000000000000003,0.75,5.0,1.8682913133600936,7.548375353306574,True,True
3,10,4,2,1.3000000000000003,1.0,5.0,2.0090642727628403,7.657602393903828,True,True
3,10,4,2,1.4000000000000004,0.0,5.0,1.2912997612029642,7.375366905463704,True,True
3,10,4,2,1.4000000000000004,0.25,5.0,1.4313793533684245,7.485287313298244,True,True
3,10,4,2,1.4000000000000004,0.5,5.0,1.5663509767918602,7.600315689874808,True,True
3,10,4,2,1.4000000000000004,0.75,5.0,1.6961639020861994,7.720502764580468,True,True
3,10,4,2,1.4000000000000004,1.0,5.0,1.8207934040715101,7.845873262595157,True,True
3,10,4,2,1.5000000000000007,0.0,5.0,1.1886729559811315,7.477993710685537,True,True
3,10,4,2,1.5000000000000007,0.25,5.0,1.3156058378111526,7.601060828855515,True,True
3,10,4,2,1.5000000000000007,0.5,5.0,1.4375689853038534,7.7290976813628145,True,True
3,10,4,2,1.5000000000000007,0.75,5.0,1.554576754972289,7.862089911694379,True,True
3,10,4,2,1.5000000000000007,1.0,5.0,1.6666666666666656,8.000000000000002,True,True
3,10,4,2,1.6000000000000005,0.0,5.0,1.1015467617224468,7.565119904944221,True,True
3,10,4,2,1.6000000000000005,0.25,5.0,1.2176951074415387,7.698971559225129,True,True
3,10,4,2,1.6000000000000005,0.5,5.0,1.329062635038893,7.837604031627775,True,True
3,10,4,2,1.6000000000000005,0.75,5.0,1.4357090890235087,7.980957577643159,True,True
3,10,4,2,1.6000000000000005,1.0,5.0,1.5377133444524675,8.128953322214201,True,True
3,10,4,2,1.7000000000000006,0.0,5.0,1.0265765350677243,7.640090131598944,True,True
3,10,4,2,1.7000000000000006,0.25,5.0,1.133697007455507,7.782969659211161,True,True
3,10,4,2,1.7000000000000006,0.5,5.0,1.2362416292091396,7.930425037457528,True,True
3,10,4,2,1.7000000000000006,0.75,5.0,1.3343017608243288,8.08236490584234,True,True
3,10,4,2,1.7000000000000006,1.0,5.0,1.4279838316289672,8.2386828350377,True,True
3,10,4,2,1.8000000000000005,0.0,5.0,0.9613353543347731,7.705331312331895,True,True
3,10,4,2,1.8000000000000005,0.25,5.0,1.0607749780173008,7.855891688649367,True,True
3,10,4,2,1.8000000000000005,0.5,5.0,1.1558437002074808,8.010822966459187,True,True
3,10,4,2,1.8000000000000005,0.75,5.0,1.2466548975752403,8.170011769091428,True,True
3,10,4,2,1.8000000000000005,1.0,5.0,1.3333333333333326,8.333333333333336,True,True
3,10,4,2,1.9000000000000008,0.0,5.0,0.9040135876507209,7.762653079015947,True,True
3,10,4,2,1.9000000000000008,0.25,5.0,0.996830875006046,7.919835791660622,True,True
3,10,4,2,1.9000000000000008,0.5,5.0,1.085474757020814,8.081191909645854,True,True
3,10,4,2,1.9000000000000008,0.75,5.0,1.1700738783526448,8.246592788314024,True,True
3,10,4,2,1.9000000000000008,1.0,5.0,1.2507650755554813,8.415901591111187,True,True
3,10,4,2,2.000000000000001,0.0,5.0,0.8532311636964831,7.813435502970185,True,True
3,10,4,2,2.000000000000001,0.25,5.0,0.9402747620313834,7.9763919046352845,True,True
3,10,4,2,2.000000000000001,0.5,5.0,1.0233317727843616,8.143334893882306,True,True
3,10,4,2,2.000000000000001,0.75,5.0,1.102541310613344,8.314125356053324,True,True
3,10,4,2,2.000000000000001,1.0,5.0,1.1780479667564476,8.48861869991022,True,True
3,10,4,2,2.100000000000001,0.0,5.0,0.8079154249753144,7.858751241691353,True,True
3,10,4,2,2.100000000000001,0.25,5.0,0.8898772290420149,8.026789437624654,True,True
3,10,4,2,2.100000000000001,0.5,5.0,0.9680274668904243,8.198639199776244,True,True
3,10,4,2,2.100000000000001,0.75,5.0,1.042512272831464,8.374154393835203,True,True
3,10,4,2,2.100000000000001,1.0,5.0,1.1134809723784533,8.553185694288214,True,True
3,10,4,2,2.200000000000001,0.0,5.0,0.7672189609145632,7.899447705752104,True,True
3,10,4,2,2.200000000000001,0.25,5.0,0.8446711613906794,8.07199550527599,True,True
3,10,4,2,2.200000000000001,0.5,5.0,0.9184749638070464,8.248191702859621,True,True
3,10,4,2,2.200000000000001,0.75,5.0,0.9887810155880312,8.427885651078636,True,True
3,10,4,2,2.200000000000001,1.0,5.0,1.0557412404516753,8.610925426214992,True,True
3,10,4,2,2.300000000000001,0.0,5.0,0.7304627655079474,7.93620390115872,True,True
3,10,4,2,2.300000000000001,0.25,5.0,0.8038844035114465,8.112782263155221,True,True
3,10,4,2,2.300000000000001,0.5,5.0,0.8738094241436047,8.292857242523063,True,True
3,10,4,2,2.300000000000001,0.75,5.0,0.9403911515815806,8.476275515085087,True,True
3,10,4,2,2.300000000000001,1.0,5.0,1.0037825845903332,8.662884082076335,True,True
3,10,4,2,2.4000000000000012,0.0,5.0,0.697095961788095,7.969570704878572,True,True
3,10,4,2,2.4000000000000012,0.25,5.0,0.7668924072028451,8.149774259463822,True,True
3,10,4,2,2.4000000000000012,0.5,5.0,0.8333333333333326,8.333333333333336,True,True
3,10,4,2,2.4000000000000012,0.75,5.0,0.8965733869451964,8.520093279721472,True,True
3,10,4,2,2.4000000000000012,1.0,5.0,0.9567655501289969,8.70990111653767,True,True
3,10,4,2,2.5000000000000013,0.0,5.0,0.6666666666666661,8.000000000000002,True,True
3,10,4,2,2.5000000000000013,0.25,5.0,0.7331841938878911,8.183482472778778,True,True
3,10,4,2,2.5000000000000013,0.5,5.0,0.796477410832745,8.370189255833923,True,True
3,10,4,2,2.5000000000000013,0.75,5.0,0.8567012838711254,8.559965382795543,True,True
3,10,4,2,2.5000000000000013,1.0,5.0,0.9140079945650501,8.752658672101617,True,True
3,10,4,2,2.6000000000000014,0.0,5.0,0.638800528015095,8.027866138651573,True,True
3,10,4,2,2.6000000000000014,0.25,5.0,0.7023374145548869,8.214329252111781,True,True
3,10,4,2,2.6000000000000014,0.5,5.0,0.7627721135400898,8.403894553126579,True,True
3,10,4,2,2.6000000000000014,0.75,5.0,0.8202591665387069,8.596407500127961,True,True
3,10,4,2,2.6000000000000014,1.0,5.0,0.874949393036053,8.791717273630615,True,True
3,10,4,2,2.700000000000002,0.0,5.0,0.6131846571592869,8.05348200950738,True,True
3,10,4,2,2.700000000000002,0.25,5.0,0.6739997651134861,8.242666901553182,True,True
3,10,4,2,2.700000000000002,0.5,5.0,0.7318264933716527,8.434840173295015,True,True
3,10,4,2,2.700000000000002,0.75,5.0,0.7868184065495964,8.629848260117072,True,True
3,10,4,2,2.700000000000002,1.0,5.0,0.8391245626625126,8.827542104004156,True,True
3,10,4,2,2.8000000000000016,0.0,5.0,0.5895554264760077,8.07711124019066,True,True
3,10,4,2,2.8000000000000016,0.25,5.0,0.647874928630789,8.26879173803588,True,True
3,10,4,2,2.8000000000000016,0.5,5.0,0.7033122648256511,8.463354401841016,True,True
3,10,4,2,2.8000000000000016,0.75,5.0,0.7560196147428249,8.660647051923842,True,True
3,10,4,2,2.8000000000000016,1.0,5.0,0.8061439948177016,8.860522671848965,True,True
3,10,4,2,2.9000000000000017,0.0,5.0,0.5676890819000553,8.098977584766612,True,True
3,10,4,2,2.9000000000000017,0.25,5.0,0.6237117981609681,8.2929548685057,True,True
3,10,4,2,2.9000000000000017,0.5,5.0,0.676951630572729,8.489715036093939,True,True
3,10,4,2,2.9000000000000017,0.75,5.0,0.7275590748105003,8.689107591856168,True,True
3,10,4,2,2.9000000000000017,1.0,5.0,0.7756789139706903,8.890987752695978,True,True
3,10,4,2,3.0000000000000018,0.0,5.0,0.5473944361331506,8.119272230533518,True,True
3,10,4,2,3.0000000000000018,0.25,5.0,0.6012961140274169,8.315370552639251,True,True
3,10,4,2,3.0000000000000018,0.5,5.0,0.6525078616430813,8.514158805023587,True,True
3,10,4,2,3.0000000000000018,0.75,5.0,0.7011782743586163,8.715488392308052,True,True
3,10,4,2,3.0000000000000018,1.0,5.0,0.7474497759562446,8.919216890710423,True,True
3,10,4,3,1.1,0.0,5.0,2.6299518443212198,10.37004815567878,True,True
3,10,4,3,1.1,0.25,5.0,2.837498124812945,10.412501875187054,True,True
3,10,4,3,1.1,0.5,5.0,3.0426669718221717,10.457333028177828,True,True
3,10,4,3,1.1,0.75,5.0,3.2453008514353545,10.504699148564645,True,True
3,10,4,3,1.1,1.0,5.0,3.4452336734514266,10.554766326548574,True,True
3,10,4,3,1.2000000000000002,0.0,5.0,2.3466880685409626,10.653311931459037,True,True
3,10,4,3,1.2000000000000002,0.25,5.0,2.5253302978573178,10.724669702142682,True,True
3,10,4,3,1.2000000000000002,0.5,5.0,2.7008231289145526,10.799176871085447,True,True
3,10,4,3,1.2000000000000002,0.75,5.0,2.873047351604469,10.87695264839553,True,True
3,10,4,3,1.2000000000000002,1.0,5.0,3.0418859709873605,10.95811402901264,True,True
3,10,4,3,1.3000000000000003,0.0,5.0,2.1212927794750964,10.878707220524904,True,True
3,10,4,3,1.3000000000000003,0.25,5.0,2.2786653373215717,10.971334662678428,True,True
3,10,4,3,1.3000000000000003,0.5,5.0,2.432660185146056,11.067339814853945,True,True
3,10,4,3,1.3000000000000003,0.75,5.0,2.583208864140036,11.166791135859963,True,True
3,10,4,3,1.3000000000000003,1.0,5.0,2.7302495118837173,11.269750488116284,True,True
3,10,4,3,1.4000000000000004,0.0,5.0,1.9369496418044463,11.063050358195554,True,True
3,10,4,3,1.4000000000000004,0.25,5.0,2.07787571252838,11.17212428747162,True,True
3,10,4,3,1.4000000000000004,0.5,5.0,2.2154107131957366,11.284589286804263,True,True
3,10,4,3,1.4000000000000004,0.75,5.0,2.3495264651877905,11.40047353481221,True,True
3,10,4,3,1.4000000000000004,1.0,5.0,2.4802022801267496,11.51979771987325,True,True
3,10,4,3,1.5000000000000007,0.0,5.0,1.7830094339716975,11.216990566028302,True,True
3,10,4,3,1.5000000000000007,0.25,5.0,1.9107706532951392,11.339229346704862,True,True
3,10,4,3,1.5000000000000007,0.5,5.0,2.0352182800614536,11.464781719938546,True,True
3,10,4,3,1.5000000000000007,0.75,5.0,2.156353477955781,11.593646522044219,True,True
3,10,4,3,1.5000000000000007,1.0,5.0,2.2741843737473904,11.72581562625261,True,True
3,10,4,3,1.6000000000000005,0.0,5.0,1.6523201425836707,11.34767985741633,True,True
3,10,4,3,1.6000000000000005,0.25,5.0,1.7692688501112412,11.480731149888758,True,True
3,10,4,3,1.6000000000000005,0.5,5.0,1.8830194165170528,11.616980583482947,True,True
3,10,4,3,1.6000000000000005,0.75,5.0,1.9935939525583404,11.75640604744166,True,True
3,10,4,3,1.6000000000000005,1.0,5.0,2.1010205144336433,11.898979485566358,True,True
3,10,4,3,1.7000000000000006,0.0,5.0,1.5398648026015866,11.460135197398413,True,True
3,10,4,3,1.7000000000000006,0.25,5.0,1.6477539802440466,11.602246019755952,True,True
3,10,4,3,1.7000000000000006,0.5,5.0,1.7525741920582387,11.747425807941761,True,True
3,10,4,3,1.7000000000000006,0.75,5.0,1.8543624438137103,11.89563755618629,True,True
3,10,4,3,1.7000000000000006,1.0,5.0,1.953160569693729,12.046839430306271,True,True
3,10,4,3,1.8000000000000005,0.0,5.0,1.4420030315021597,11.55799696849784,True,True
3,10,4,3,1.8000000000000005,0.25,5.0,1.5421789875656202,11.70782101243438,True,True
3,10,4,3,1.8000000000000005,0.5,5.0,1.6394172978460118,11.860582702153987,True,True
3,10,4,3,1.8000000000000005,0.75,5.0,1.7337655503112215,12.016234449688778,True,True
3,10,4,3,1.8000000000000005,1.0,5.0,1.8252751012466577,12.174724898753343,True,True
3,10,4,3,1.9000000000000008,0.0,5.0,1.356020381476081,11.643979618523918,True,True
3,10,4,3,1.9000000000000008,0.25,5.0,1.4495423543318156,11.800457645668185,True,True
3,10,4,3,1.9000000000000008,0.5,5.0,1.5402545773885397,11.95974542261146,True,True
3,10,4,3,1.9000000000000008,0.75,5.0,1.6282121355312213,12.121787864468779,True,True
3,10,4,3,1.9000000000000008,1.0,5.0,1.7134729338579335,12.286527066142067,True,True
3,10,4,3,2.000000000000001,0.0,5.0,1.2798467455447247,11.720153254455276,True,True
3,10,4,3,2.000000000000001,0.25,5.0,1.3675647887967264,11.882435211203273,True,True
3,10,4,3,2.000000000000001,0.5,5.0,1.4525949748957263,12.047405025104274,True,True
3,10,4,3,2.000000000000001,0.75,5.0,1.5349976591765424,12.215002340823457,True,True
3,10,4,3,2.000000000000001,1.0,5.0,1.6148351928654954,12.385164807134505,True,True
3,10,4,3,2.100000000000001,0.0,5.0,1.2118731374629714,11.788126862537029,True,True
3,10,4,3,2.100000000000001,0.25,5.0,1.294480839185593,11.955519160814408,True,True
3,10,4,3,2.100000000000001,0.5,5.0,1.3745155257099535,12.125484474290047,True,True
3,10,4,3,2.100000000000001,0.75,5.0,1.4520412003356373,12.297958799664363,True,True
3,10,4,3,2.100000000000001,1.0,5.0,1.527123155745147,12.472876844254852,True,True
3,10,4,3,2.200000000000001,0.0,5.0,1.1508284413718446,11.849171558628155,True,True
3,10,4,3,2.200000000000001,0.25,5.0,1.2288997667507386,12.02110023324926,True,True
3,10,4,3,2.200000000000001,0.5,5.0,1.3045056155653691,12.195494384434632,True,True
3,10,4,3,2.200000000000001,0.75,5.0,1.3777124457105696,12.37228755428943,True,True
3,10,4,3,2.200000000000001,1.0,5.0,1.448587403355626,12.551412596644374,True,True
3,10,4,3,2.300000000000001,0.0,5.0,1.095694148261921,11.90430585173808,True,True
3,10,4,3,2.300000000000001,0.25,5.0,1.1697098869637275,12.080290113036273,True,True
3,10,4,3,2.300000000000001,0.5,5.0,1.2413605404190609,12.25863945958094,True,True
3,10,4,3,2.300000000000001,0.75,5.0,1.3107141362154078,12.439285863784592,True,True
3,10,4,3,2.300000000000001,1.0,5.0,1.3778388806283823,12.622161119371619,True,True
3,10,4,3,2.4000000000000012,0.0,5.0,1.0456439426821422,11.954356057317858,True,True
3,10,4,3,2.4000000000000012,0.25,5.0,1.1160111333082785,12.133988866691721,True,True
3,10,4,3,2.4000000000000012,0.5,5.0,1.1841068401678179,12.315893159832182,True,True
3,10,4,3,2.4000000000000012,0.75,5.0,1.2499999999999991,12.5,True,True
3,10,4,3,2.4000000000000012,1.0,5.0,1.3137592969226723,12.686240703077328,True,True
3,10,4,3,2.5000000000000013,0.0,5.0,0.9999999999999991,12.0,True,True
3,10,4,3,2.5000000000000013,0.25,5.0,1.067066481146072,12.182933518853929,True,True
3,10,4,3,2.5000000000000013,0.5,5.0,1.1319487364389413,12.368051263561059,True,True
3,10,4,3,2.5000000000000013,0.75,5.0,1.1947161162491167,12.555283883750883,True,True
3,10,4,3,2.5000000000000013,1.0,5.0,1.2554373534619705,12.744562646538029,True,True
3,10,4,3,2.6000000000000014,0.0,5.0,0.9582007920226427,12.041799207977357,True,True
3,10,4,3,2.6000000000000014,0.25,5.0,1.0222662922462566,12.227733707753742,True,True
3,10,4,3,2.6000000000000014,0.5,5.0,1.0842289546380766,12.415771045361923,True,True
3,10,4,3,2.6000000000000014,0.75,5.0,1.144158170310134,12.605841829689865,True,True
3,10,4,3,2.6000000000000014,1.0,5.0,1.2021224042426848,12.797877595757315,True,True
3,10,4,3,2.700000000000002,0.0,5.0,0.9197769857389302,12.080223014261069,True,True
3,10,4,3,2.700000000000002,0.25,5.0,0.9811017051187951,12.268898294881204,True,True
3,10,4,3,2.700000000000002,0.5,5.0,1.0403995729090596,12.45960042709094,True,True
3,10,4,3,2.700000000000002,0.75,5.0,1.097739740057479,12.652260259942521,True,True
3,10,4,3,2.700000000000002,1.0,5.0,1.1531901702565017,12.8468098297435,True,True
3,10,4,3,2.8000000000000016,0.0,5.0,0.8843331397140117,12.115666860285987,True,True
3,10,4,3,2.8000000000000016,0.25,5.0,0.94314448064216,12.306855519357839,True,True
3,10,4,3,2.8000000000000016,0.5,5.0,0.9999999999999991,12.5,True,True
3,10,4,3,2.8000000000000016,0.75,5.0,1.0549683972384774,12.695031602761523,True,True
3,10,4,3,2.8000000000000016,1.0,5.0,1.1081169636282047,12.891883036371794,True,True
3,10,4,3,2.9000000000000017,0.0,5.0,0.8515336228500825,12.148466377149918,True,True
3,10,4,3,2.9000000000000017,0.25,5.0,0.9080315333845093,12.34196846661549,True,True
3,10,4,3,2.9000000000000017,0.5,5.0,0.9626401111768912,12.537359888823108,True,True
3,10,4,3,2.9000000000000017,0.75,5.0,1.0154274458590935,12.734572554140907,True,True
3,10,4,3,2.9000000000000017,1.0,5.0,1.0664600320108955,12.933539967989105,True,True
3,10,4,3,3.0000000000000018,0.0,5.0,0.8210916541997255,12.178908345800274,True,True
3,10,4,3,3.0000000000000018,0.25,5.0,0.8754529163883982,12.374547083611603,True,True
3,10,4,3,3.0000000000000018,0.5,5.0,0.9279871750971429,12.572012824902856,True,True
3,10,4,3,3.0000000000000018,0.75,5.0,0.9787617924646224,12.771238207535378,True,True
3,10,4,3,3.0000000000000018,1.0,5.0,1.0278423776103605,12.97215762238964,True,True
3,10,5,1,1.1,0.0,4.0,0.8766506147737396,3.4566827185595943,True,False
3,10,5,1,1.1,0.25,4.0,1.081766950478451,3.501566382854883,True,False
3,10,5,1,1.1,0.5,4.0,1.2787636689013766,3.5545696644319573,True,False
3,10,5,1,1.1,0.75,4.0,1.4660091275706293,3.6173242057627046,True,False
3,10,5,1,1.1,1.0,4.0,1.6417251802855892,3.6916081530477447,True,False
3,10,5,1,1.2000000000000002,0.0,4.0,0.7822293561803206,3.551103977153013,True,False
3,10,5,1,1.2000000000000002,0.25,4.0,0.9576824505348229,3.625650882798511,True,False
3,10,5,1,1.2000000000000002,0.5,4.0,1.1229854419783307,3.710347891355003,True,False
3,10,5,1,1.2000000000000002,0.75,4.0,1.2771674245422064,3.8061659087911277,True,False
3,10,5,1,1.2000000000000002,1.0,4.0,1.4194475377420193,3.9138857955913147,True,False
3,10,5,1,1.3000000000000003,0.0,4.0,0.7070975931583654,3.6262357401749687,True,False
3,10,5,1,1.3000000000000003,0.25,4.0,0.8610696213800118,3.722263711953322,True,False
3,10,5,1,1.3000000000000003,0.5,4.0,1.0045321363814201,3.828801196951914,True,False
3,10,5,1,1.3000000000000003,0.75,4.0,1.1370706545461144,3.9462626787872193,True,False
3,10,5,1,1.3000000000000003,1.0,4.0,1.2585097212568217,4.0748236120765124,True,True
3,10,5,1,1.4000000000000004,0.0,4.0,0.6456498806014821,3.687683452731852,True,False
3,10,5,1,1.4000000000000004,0.25,4.0,0.7831754883959301,3.800157844937404,True,False
3,10,5,1,1.4000000000000004,0.5,4.0,0.9103967020357551,3.9229366312975786,True,False
3,10,5,1,1.4000000000000004,0.75,4.0,1.027268179551146,4.056065153782188,True,True
3,10,5,1,1.4000000000000004,1.0,4.0,1.1339545771970396,4.199378756136294,True,True
3,10,5,1,1.5000000000000007,0.0,4.0,0.5943364779905658,3.7389968553427684,True,False
3,10,5,1,1.5000000000000007,0.25,4.0,0.7187844926519267,3.8645488406814072,True,False
3,10,5,1,1.5000000000000007,0.5,4.0,0.8333333333333328,4.000000000000001,True,True
3,10,5,1,1.5000000000000007,0.75,4.0,0.9381765495921781,4.145156783741156,True,True
3,10,5,1,1.5000000000000007,1.0,4.0,1.033673504811214,4.29965982852212,True,True
3,10,5,1,1.6000000000000005,0.0,4.0,0.5507733808612234,3.7825599524721105,True,False
3,10,5,1,1.6000000000000005,0.25,4.0,0.6645313175194465,3.9188020158138874,True,False
3,10,5,1,1.6000000000000005,0.5,4.0,0.7688566722262338,4.064476661107101,True,True
3,10,5,1,1.6000000000000005,0.75,4.0,0.8640981550668834,4.219235178266451,True,True
3,10,5,1,1.6000000000000005,1.0,4.0,0.9507283098354995,4.382605023497835,True,True
3,10,5,1,1.7000000000000006,0.0,4.0,0.5132882675338621,3.820045065799472,True,False
3,10,5,1,1.7000000000000006,0.25,4.0,0.6181208146045698,3.965212518728764,True,False
3,10,5,1,1.7000000000000006,0.5,4.0,0.7139919158144836,4.11934141751885,True,True
3,10,5,1,1.7000000000000006,0.75,4.0,0.8013514953758922,4.281981837957442,True,True
3,10,5,1,1.7000000000000006,1.0,4.0,0.8807376412963603,4.452595692036974,True,True
3,10,5,1,1.8000000000000005,0.0,4.0,0.48066767716738656,3.8526656561659474,True,False
3,10,5,1,1.8000000000000005,0.25,4.0,0.5779218501037404,4.005411483229594,True,True
3,10,5,1,1.8000000000000005,0.5,4.0,0.6666666666666663,4.166666666666668,True,True
3,10,5,1,1.8000000000000005,0.75,4.0,0.7474178813239805,4.3359154520093535,True,True
3,10,5,1,1.8000000000000005,1.0,4.0,0.8207502526848718,4.512583080648462,True,True
3,10,5,1,1.9000000000000008,0.0,4.0,0.45200679382536046,3.8813265395079735,True,False
3,10,5,1,1.9000000000000008,0.25,4.0,0.542737378510407,4.040595954822927,True,True
3,10,5,1,1.9000000000000008,0.5,4.0,0.6253825377777407,4.207950795555593,True,True
3,10,5,1,1.9000000000000008,0.75,4.0,0.700500187000052,4.382833146333282,True,True
3,10,5,1,1.9000000000000008,1.0,4.0,0.7686837422738912,4.5646495910594425,True,True
3,10,5,1,2.000000000000001,0.0,4.0,0.42661558184824155,3.9067177514850924,True,False
3,10,5,1,2.000000000000001,0.25,4.0,0.5116658863921808,4.071667446941153,True,True
3,10,5,1,2.000000000000001,0.5,4.0,0.5890239833782238,4.24430934995511,True,True
3,10,5,1,2.000000000000001,0.75,4.0,0.6592738336539135,4.42405949967942,True,True
3,10,5,1,2.000000000000001,1.0,4.0,0.7230160350515662,4.6103172982817675,True,True
3,10,5,1,2.100000000000001,0.0,4.0,0.4039577124876572,3.9293756208456765,True,False
3,10,5,1,2.100000000000001,0.25,4.0,0.48401373344521215,4.099319599888122,True,True
3,10,5,1,2.100000000000001,0.5,4.0,0.5567404861892267,4.276592847144107,True,True
3,10,5,1,2.100000000000001,0.75,4.0,0.6227368433884239,4.46059648994491,True,True
3,10,5,1,2.100000000000001,1.0,4.0,0.6826031756190798,4.650730157714254,True,True
3,10,5,1,2.200000000000001,0.0,4.0,0.3836094804572816,3.949723852876052,True,False
3,10,5,1,2.200000000000001,0.25,4.0,0.4592374819035232,4.124095851429811,True,True
3,10,5,1,2.200000000000001,0.5,4.0,0.5278706202258376,4.305462713107496,True,True
3,10,5,1,2.200000000000001,0.75,4.0,0.5901149012939688,4.493218432039365,True,True
3,10,5,1,2.200000000000001,1.0,4.0,0.6465656590910349,4.686767674242299,True,True
3,10,5,1,2.300000000000001,0.0,4.0,0.3652313827539737,3.96810195057936,True,False
3,10,5,1,2.300000000000001,0.25,4.0,0.43690471207180237,4.146428621261531,True,True
3,10,5,1,2.300000000000001,0.5,4.0,0.5018912922951666,4.3314420410381675,True,True
3,10,5,1,2.300000000000001,0.75,4.0,0.5607987860682471,4.522534547265087,True,True
3,10,5,1,2.300000000000001,1.0,4.0,0.6142143806260312,4.719118952707303,True,True
3,10,5,1,2.4000000000000012,0.0,4.0,0.3485479808940475,3.984785352439286,True,False
3,10,5,1,2.4000000000000012,0.25,4.0,0.4166666666666663,4.166666666666668,True,True
3,10,5,1,2.4000000000000012,0.5,4.0,0.47838277506449844,4.354950558268835,True,True
3,10,5,1,2.4000000000000012,0.75,4.0,0.5343017549256821,4.549031578407652,True,True
3,10,5,1,2.4000000000000012,1.0,4.0,0.5850006672005335,4.7483326661328,True,True
3,10,5,1,2.5000000000000013,0.0,4.0,0.33333333333333304,4.000000000000001,True,True
3,10,5,1,2.5000000000000013,0.25,4.0,0.3982387054163725,4.185094627916961,True,True
3,10,5,1,2.5000000000000013,0.5,4.0,0.45700399728252505,4.376329336050809,True,True
3,10,5,1,2.5000000000000013,0.75,4.0,0.5102297094585153,4.573103623874818,True,True
3,10,5,1,2.5000000000000013,1.0,4.0,0.5584815598877468,4.774851773445587,True,True
3,10,5,1,2.6000000000000014,0.0,4.0,0.3194002640075475,4.013933069325787,True,True
3,10,5,1,2.6000000000000014,0.25,4.0,0.3813860567700449,4.201947276563289,True,True
3,10,5,1,2.6000000000000014,0.5,4.0,0.4374746965180265,4.395858636815308,True,True
3,10,5,1,2.6000000000000014,0.75,4.0,0.488259814419723,4.595073518913611,True,True
3,10,5,1,2.6000000000000014,1.0,4.0,0.5342950885854569,4.7990382447478765,True,True
3,10,5,1,2.700000000000002,0.0,4.0,0.30659232857964347,4.02674100475369,True,True
3,10,5,1,2.700000000000002,0.25,4.0,0.36591324668582637,4.217420086647508,True,True
3,10,5,1,2.700000000000002,0.5,4.0,0.4195622813312563,4.413771052002078,True,True
3,10,5,1,2.700000000000002,0.75,4.0,0.46812486161812794,4.615208471715206,True,True
3,10,5,1,2.700000000000002,1.0,4.0,0.5121422855927422,4.821191047740592,True,True
3,10,5,1,2.8000000000000016,0.0,4.0,0.29477771323800384,4.03855562009533,True,True
3,10,5,1,2.8000000000000016,0.25,4.0,0.35165613241282556,4.231677200920508,True,True
3,10,5,1,2.8000000000000016,0.5,4.0,0.4030719974088508,4.430261335924483,True,True
3,10,5,1,2.8000000000000016,0.75,4.0,0.4496016315611344,4.6337317017721995,True,True
3,10,5,1,2.8000000000000016,1.0,4.0,0.4917738577772881,4.841559475556046,True,True
3,10,5,1,2.9000000000000017,0.0,4.0,0.28384454095002765,4.049488792383306,True,True
3,10,5,1,2.9000000000000017,0.25,4.0,0.3384758152863645,4.244857518046969,True,True
3,10,5,1,2.9000000000000017,0.5,4.0,0.38783945698534517,4.445493876347989,True,True
3,10,5,1,2.9000000000000017,0.75,4.0,0.4325020947162268,4.650831238617107,True,True
3,10,5,1,2.9000000000000017,1.0,4.0,0.4729801493177388,4.860353184015596,True,True
3,10,5,1,3.0000000000000018,0.0,4.0,0.2736972180665753,4.059636115266759,True,True
3,10,5,1,3.0000000000000018,0.25,4.0,0.32625393082154064,4.257079402511794,True,True
3,10,5,1,3.0000000000000018,0.5,4.0,0.3737248879781223,4.459608445355212,True,True
3,10,5,1,3.0000000000000018,0.75,4.0,0.4166666666666665,4.666666666666668,True,True
3,10,5,1,3.0000000000000018,1.0,4.0,0.4555834730964001,4.877749860236934,True,True
3,10,5,2,1.1,0.0,4.0,1.7533012295474792,6.913365437119189,True,True
3,10,5,2,1.1,0.25,4.0,1.9602595804694434,6.956407086197224,True,True
3,10,5,2,1.1,0.5,4.0,2.163533900956902,7.003132765709766,True,True
3,10,5,2,1.1,0.75,4.0,2.3627553424937373,7.0539113241729305,True,True
3,10,5,2,1.1,1.0,4.0,2.557527337802753,7.109139328863915,True,True
3,10,5,2,1.2000000000000002,0.0,4.0,1.5644587123606413,7.102207954306026,True,True
3,10,5,2,1.2000000000000002,0.25,4.0,1.7423185853779555,7.174348081288713,True,True
3,10,5,2,1.2000000000000002,0.5,4.0,1.9153649010696459,7.251301765597022,True,True
3,10,5,2,1.2000000000000002,0.75,4.0,2.083333333333333,7.333333333333335,True,True
3,10,5,2,1.2000000000000002,1.0,4.0,2.2459708839566614,7.420695782710006,True,True
3,10,5,2,1.3000000000000003,0.0,4.0,1.4141951863167308,7.2524714803499375,True,True
3,10,5,2,1.3000000000000003,0.25,4.0,1.5707262664612527,7.345940400205415,True,True
3,10,5,2,1.3000000000000003,0.5,4.0,1.7221392427600235,7.444527423906644,True,True
3,10,5,2,1.3000000000000003,0.75,4.0,1.8682913133600936,7.548375353306574,True,True
3,10,5,2,1.3000000000000003,1.0,4.0,2.0090642727628403,7.657602393903828,True,True
3,10,5,2,1.4000000000000004,0.0,4.0,1.2912997612029642,7.375366905463704,True,True
3,10,5,2,1.4000000000000004,0.25,4.0,1.4313793533684245,7.485287313298244,True,True
3,10,5,2,1.4000000000000004,0.5,4.0,1.5663509767918602,7.600315689874808,True,True
3,10,5,2,1.4000000000000004,0.75,4.0,1.6961639020861994,7.720502764580468,True,True
3,10,5,2,1.4000000000000004,1.0,4.0,1.8207934040715101,7.845873262595157,True,True
3,10,5,2,1.5000000000000007,0.0,4.0,1.1886729559811315,7.477993710685537,True,True
3,10,5,2,1.5000000000000007,0.25,4.0,1.3156058378111526,7.601060828855515,True,True
3,10,5,2,1.5000000000000007,0.5,4.0,1.4375689853038534,7.7290976813628145,True,True
3,10,5,2,1.5000000000000007,0.75,4.0,1.554576754972289,7.862089911694379,True,True
3,10,5,2,1.5000000000000007,1.0,4.0,1.6666666666666656,8.000000000000002,True,True
3,10,5,2,1.6000000000000005,0.0,4.0,1.1015467617224468,7.565119904944221,True,True
3,10,5,2,1.6000000000000005,0.25,4.0,1.2176951074415387,7.698971559225129,True,True
3,10,5,2,1.6000000000000005,0.5,4.0,1.329062635038893,7.837604031627775,True,True
3,10,5,2,1.6000000000000005,0.75,4.0,1.4357090890235087,7.980957577643159,True,True
3,10,5,2,1.6000000000000005,1.0,4.0,1.5377133444524675,8.128953322214201,True,True
3,10,5,2,1.7000000000000006,0.0,4.0,1.0265765350677243,7.640090131598944,True,True
3,10,5,2,1.7000000000000006,0.25,4.0,1.133697007455507,7.782969659211161,True,True
3,10,5,2,1.7000000000000006,0.5,4.0,1.2362416292091396,7.930425037457528,True,True
3,10,5,2,1.7000000000000006,0.75,4.0,1.3343017608243288,8.08236490584234,True,True
3,10,5,2,1.7000000000000006,1.0,4.0,1.4279838316289672,8.2386828350377,True,True
3,10,5,2,1.8000000000000005,0.0,4.0,0.9613353543347731,7.705331312331895,True,True
3,10,5,2,1.8000000000000005,0.25,4.0,1.0607749780173008,7.855891688649367,True,True
3,10,5,2,1.8000000000000005,0.5,4.0,1.1558437002074808,8.010822966459187,True,True
3,10,5,2,1.8000000000000005,0.75,4.0,1.2466548975752403,8.170011769091428,True,True
3,10,5,2,1.8000000000000005,1.0,4.0,1.3333333333333326,8.333333333333336,True,True
3,10,5,2,1.9000000000000008,0.0,4.0,0.9040135876507209,7.762653079015947,True,True
3,10,5,2,1.9000000000000008,0.25,4.0,0.996830875006046,7.919835791660622,True,True
3,10,5,2,1.9000000000000008,0.5,4.0,1.085474757020814,8.081191909645854,True,True
3,10,5,2,1.9000000000000008,0.75,4.0,1.1700738783526448,8.246592788314024,True,True
3,10,5,2,1.9000000000000008,1.0,4.0,1.2507650755554813,8.415901591111187,True,True
3,10,5,2,2.000000000000001,0.0,4.0,0.8532311636964831,7.813435502970185,True,True
3,10,5,2,2.000000000000001,0.25,4.0,0.9402747620313834,7.9763919046352845,True,True
3,10,5,2,2.000000000000001,0.5,4.0,1.0233317727843616,8.143334893882306,True,True
3,10,5,2,2.000000000000001,0.75,4.0,1.102541310613344,8.314125356053324,True,True
3,10,5,2,2.000000000000001,1.0,4.0,1.1780479667564476,8.48861869991022,True,True
3,10,5,2,2.100000000000001,0.0,4.0,0.8079154249753144,7.858751241691353,True,True
3,10,5,2,2.100000000000001,0.25,4.0,0.8898772290420149,8.026789437624654,True,True
3,10,5,2,2.100000000000001,0.5,4.0,0.9680274668904243,8.198639199776244,True,True
3,10,5,2,2.100000000000001,0.75,4.0,1.042512272831464,8.374154393835203,True,True
3,10,5,2,2.100000000000001,1.0,4.0,1.1134809723784533,8.553185694288214,True,True
3,10,5,2,2.200000000000001,0.0,4.0,0.7672189609145632,7.899447705752104,True,True
3,10,5,2,2.200000000000001,0.25,4.0,0.8446711613906794,8.07199550527599,True,True
3,10,5,2,2.200000000000001,0.5,4.0,0.9184749638070464,8.248191702859621,True,True
3,10,5,2,2.200000000000001,0.75,4.0,0.9887810155880312,8.427885651078636,True,True
3,10,5,2,2.200000000000001,1.0,4.0,1.0557412404516753,8.610925426214992,True,True
3,10,5,2,2.300000000000001,0.0,4.0,0.7304627655079474,7.93620390115872,True,True
3,10,5,2,2.300000000000001,0.25,4.0,0.8038844035114465,8.112782263155221,True,True
3,10,5,2,2.300000000000001,0.5,4.0,0.8738094241436047,8.292857242523063,True,True
3,10,5,2,2.300000000000001,0.75,4.0,0.9403911515815806,8.476275515085087,True,True
3,10,5,2,2.300000000000001,1.0,4.0,1.0037825845903332,8.662884082076335,True,True
3,10,5,2,2.4000000000000012,0.0,4.0,0.697095961788095,7.969570704878572,True,True
3,10,5,2,2.4000000000000012,0.25,4.0,0.7668924072028451,8.149774259463822,True,True
3,10,5,2,2.4000000000000012,0.5,4.0,0.8333333333333326,8.333333333333336,True,True
3,10,5,2,2.4000000000000012,0.75,4.0,0.8965733869451964,8.520093279721472,True,True
3,10,5,2,2.4000000000000012,1.0,4.0,0.9567655501289969,8.70990111653767,True,True
3,10,5,2,2.5000000000000013,0.0,4.0,0.6666666666666661,8.000000000000002,True,True
3,10,5,2,2.5000000000000013,0.25,4.0,0.7331841938878911,8.183482472778778,True,True
3,10,5,2,2.5000000000000013,0.5,4.0,0.796477410832745,8.370189255833923,True,True
3,10,5,2,2.5000000000000013,0.75,4.0,0.8567012838711254,8.559965382795543,True,True
3,10,5,2,2.5000000000000013,1.0,4.0,0.9140079945650501,8.752658672101617,True,True
3,10,5,2,2.6000000000000014,0.0,4.0,0.638800528015095,8.027866138651573,True,True
3,10,5,2,2.6000000000000014,0.25,4.0,0.7023374145548869,8.214329252111781,True,True
3,10,5,2,2.6000000000000014,0.5,4.0,0.7627721135400898,8.403894553126579,True,True
3,10,5,2,2.6000000000000014,0.75,4.0,0.8202591665387069,8.596407500127961,True,True
3,10,5,2,2.6000000000000014,1.0,4.0,0.874949393036053,8.791717273630615,True,True
3,10,5,2,2.700000000000002,0.0,4.0,0.6131846571592869,8.05348200950738,True,True
3,10,5,2,2.700000000000002,0.25,4.0,0.6739997651134861,8.242666901553182,True,True
3,10,5,2,2.700000000000002,0.5,4.0,0.7318264933716527,8.434840173295015,True,True
3,10,5,2,2.700000000000002,0.75,4.0,0.7868184065495964,8.629848260117072,True,True
3,10,5,2,2.700000000000002,1.0,4.0,0.8391245626625126,8.827542104004156,True,True
3,10,5,2,2.8000000000000016,0.0,4.0,0.5895554264760077,8.07711124019066,True,True
3,10,5,2,2.8000000000000016,0.25,4.0,0.647874928630789,8.26879173803588,True,True
3,10,5,2,2.8000000000000016,0.5,4.0,0.7033122648256511,8.463354401841016,True,True
3,10,5,2,2.8000000000000016,0.75,4.0,0.7560196147428249,8.660647051923842,True,True
3,10,5,2,2.8000000000000016,1.0,4.0,0.8061439948177016,8.860522671848965,True,True
3,10,5,2,2.9000000000000017,0.0,4.0,0.5676890819000553,8.098977584766612,True,True
3,10,5,2,2.9000000000000017,0.25,4.0,0.6237117981609681,8.2929548685057,True,True
3,10,5,2,2.9000000000000017,0.5,4.0,0.676951630572729,8.489715036093939,True,True
3,10,5,2,2.9000000000000017,0.75,4.0,0.7275590748105003,8.689107591856168,True,True
3,10,5,2,2.9000000000000017,1.0,4.0,0.7756789139706903,8.890987752695978,True,True
3,10,5,2,3.0000000000000018,0.0,4.0,0.5473944361331506,8.119272230533518,True,True
3,10,5,2,3.0000000000000018,0.25,4.0,0.6012961140274169,8.315370552639251,True,True
3,10,5,2,3.0000000000000018,0.5,4.0,0.6525078616430813,8.514158805023587,True,True
3,10,5,2,3.0000000000000018,0.75,4.0,0.7011782743586163,8.715488392308052,True,True
3,10,5,2,3.0000000000000018,1.0,4.0,0.7474497759562446,8.919216890710423,True,True
3,10,5,3,1.1,0.0,4.0,2.6299518443212198,10.37004815567878,True,True
3,10,5,3,1.1,0.25,4.0,2.837498124812945,10.412501875187054,True,True
3,10,5,3,1.1,0.5,4.0,3.0426669718221717,10.457333028177828,True,True
3,10,5,3,1.1,0.75,4.0,3.2453008514353545,10.504699148564645,True,True
3,10,5,3,1.1,1.0,4.0,3.4452336734514266,10.554766326548574,True,True
3,10,5,3,1.2000000000000002,0.0,4.0,2.3466880685409626,10.653311931459037,True,True
3,10,5,3,1.2000000000000002,0.25,4.0,2.5253302978573178,10.724669702142682,True,True
3,10,5,3,1.2000000000000002,0.5,4.0,2.7008231289145526,10.799176871085447,True,True
3,10,5,3,1.2000000000000002,0.75,4.0,2.873047351604469,10.87695264839553,True,True
3,10,5,3,1.2000000000000002,1.0,4.0,3.0418859709873605,10.95811402901264,True,True
3,10,5,3,1.3000000000000003,0.0,4.0,2.1212927794750964,10.878707220524904,True,True
3,10,5,3,1.3000000000000003,0.25,4.0,2.2786653373215717,10.971334662678428,True,True
3,10,5,3,1.3000000000000003,0.5,4.0,2.432660185146056,11.067339814853945,True,True
3,10,5,3,1.3000000000000003,0.75,4.0,2.583208864140036,11.166791135859963,True,True
3,10,5,3,1.3000000000000003,1.0,4.0,2.7302495118837173,11.269750488116284,True,True
3,10,5,3,1.4000000000000004,0.0,4.0,1.9369496418044463,11.063050358195554,True,True
3,10,5,3,1.4000000000000004,0.25,4.0,2.07787571252838,11.17212428747162,True,True
3,10,5,3,1.4000000000000004,0.5,4.0,2.2154107131957366,11.284589286804263,True,True
3,10,5,3,1.4000000000000004,0.75,4.0,2.3495264651877905,11.40047353481221,True,True
3,10,5,3,1.4000000000000004,1.0,4.0,2.4802022801267496,11.51979771987325,True,True
3,10,5,3,1.5000000000000007,0.0,4.0,1.7830094339716975,11.216990566028302,True,True
3,10,5,3,1.5000000000000007,0.25,4.0,1.9107706532951392,11.339229346704862,True,True
3,10,5,3,1.5000000000000007,0.5,4.0,2.0352182800614536,11.464781719938546,True,True
3,10,5,3,1.5000000000000007,0.75,4.0,2.156353477955781,11.593646522044219,True,True
3,10,5,3,1.5000000000000007,1.0,4.0,2.2741843737473904,11.72581562625261,True,True
3,10,5,3,1.6000000000000005,0.0,4.0,1.6523201425836707,11.34767985741633,True,True
3,10,5,3,1.6000000000000005,0.25,4.0,1.7692688501112412,11.480731149888758,True,True
3,10,5,3,1.6000000000000005,0.5,4.0,1.8830194165170528,11.616980583482947,True,True
3,10,5,3,1.6000000000000005,0.75,4.0,1.9935939525583404,11.75640604744166,True,True
3,10,5,3,1.6000000000000005,1.0,4.0,2.1010205144336433,11.898979485566358,True,True
3,10,5,3,1.7000000000000006,0.0,4.0,1.5398648026015866,11.460135197398413,True,True
3,10,5,3,1.7000000000000006,0.25,4.0,1.6477539802440466,11.602246019755952,True,True
3,10,5,3,1.7000000000000006,0.5,4.0,1.7525741920582387,11.747425807941761,True,True
3,10,5,3,1.7000000000000006,0.75,4.0,1.8543624438137103,11.89563755618629,True,True
3,10,5,3,1.7000000000000006,1.0,4.0,1.953160569693729,12.046839430306271,True,True
3,10,5,3,1.8000000000000005,0.0,4.0,1.4420030315021597,11.55799696849784,True,True
3,10,5,3,1.8000000000000005,0.25,4.0,1.5421789875656202,11.70782101243438,True,True
3,10,5,3,1.8000000000000005,0.5,4.0,1.6394172978460118,11.860582702153987,True,True
3,10,5,3,1.8000000000000005,0.75,4.0,1.7337655503112215,12.016234449688778,True,True
3,10,5,3,1.8000000000000005,1.0,4.0,1.8252751012466577,12.174724898753343,True,True
3,10,5,3,1.9000000000000008,0.0,4.0,1.356020381476081,11.643979618523918,True,True
3,10,5,3,1.9000000000000008,0.25,4.0,1.4495423543318156,11.800457645668185,True,True
3,10,5,3,1.9000000000000008,0.5,4.0,1.5402545773885397,11.95974542261146,True,True
3,10,5,3,1.9000000000000008,0.75,4.0,1.6282121355312213,12.121787864468779,True,True
3,10,5,3,1.9000000000000008,1.0,4.0,1.7134729338579335,12.286527066142067,True,True
3,10,5,3,2.000000000000001,0.0,4.0,1.2798467455447247,11.720153254455276,True,True
3,10,5,3,2.000000000000001,0.25,4.0,1.3675647887967264,11.882435211203273,True,True
3,10,5,3,2.000000000000001,0.5,4.0,1.4525949748957263,12.047405025104274,True,True
3,10,5,3,2.000000000000001,0.75,4.0,1.5349976591765424,12.215002340823457,True,True
3,10,5,3,2.000000000000001,1.0,4.0,1.6148351928654954,12.385164807134505,True,True
3,10,5,3,2.100000000000001,0.0,4.0,1.2118731374629714,11.788126862537029,True,True
3,10,5,3,2.100000000000001,0.25,4.0,1.294480839185593,11.955519160814408,True,True
3,10,5,3,2.100000000000001,0.5,4.0,1.3745155257099535,12.125484474290047,True,True
3,10,5,3,2.100000000000001,0.75,4.0,1.4520412003356373,12.297958799664363,True,True
3,10,5,3,2.100000000000001,1.0,4.0,1.527123155745147,12.472876844254852,True,True
3,10,5,3,2.200000000000001,0.0,4.0,1.1508284413718446,11.849171558628155,True,True
3,10,5,3,2.200000000000001,0.25,4.0,1.2288997667507386,12.02110023324926,True,True
3,10,5,3,2.200000000000001,0.5,4.0,1.3045056155653691,12.195494384434632,True,True
3,10,5,3,2.200000000000001,0.75,4.0,1.3777124457105696,12.37228755428943,True,True
3,10,5,3,2.200000000000001,1.0,4.0,1.448587403355626,12.551412596644374,True,True
3,10,5,3,2.300000000000001,0.0,4.0,1.095694148261921,11.90430585173808,True,True
3,10,5,3,2.300000000000001,0.25,4.0,1.1697098869637275,12.080290113036273,True,True
3,10,5,3,2.300000000000001,0.5,4.0,1.2413605404190609,12.25863945958094,True,True
3,10,5,3,2.300000000000001,0.75,4.0,1.3107141362154078,12.439285863784592,True,True
3,10,5,3,2.300000000000001,1.0,4.0,1.3778388806283823,12.622161119371619,True,True
3,10,5,3,2.4000000000000012,0.0,4.0,1.0456439426821422,11.954356057317858,True,True
3,10,5,3,2.4000000000000012,0.25,4.0,1.1160111333082785,12.133988866691721,True,True
3,10,5,3,2.4000000000000012,0.5,4.0,1.1841068401678179,12.315893159832182,True,True
3,10,5,3,2.4000000000000012,0.75,4.0,1.2499999999999991,12.5,True,True
3,10,5,3,2.4000000000000012,1.0,4.0,1.3137592969226723,12.686240703077328,True,True
3,10,5,3,2.5000000000000013,0.0,4.0,0.9999999999999991,12.0,True,True
3,10,5,3,2.5000000000000013,0.25,4.0,1.067066481146072,12.182933518853929,True,True
3,10,5,3,2.5000000000000013,0.5,4.0,1.1319487364389413,12.368051263561059,True,True
3,10,5,3,2.5000000000000013,0.75,4.0,1.1947161162491167,12.555283883750883,True,True
3,10,5,3,2.5000000000000013,1.0,4.0,1.2554373534619705,12.744562646538029,True,True
3,10,5,3,2.6000000000000014,0.0,4.0,0.9582007920226427,12.041799207977357,True,True
3,10,5,3,2.6000000000000014,0.25,4.0,1.0222662922462566,12.227733707753742,True,True
3,10,5,3,2.6000000000000014,0.5,4.0,1.0842289546380766,12.415771045361923,True,True
3,10,5,3,2.6000000000000014,0.75,4.0,1.144158170310134,12.605841829689865,True,True
3,10,5,3,2.6000000000000014,1.0,4.0,1.2021224042426848,12.797877595757315,True,True
3,10,5,3,2.700000000000002,0.0,4.0,0.9197769857389302,12.080223014261069,True,True
3,10,5,3,2.700000000000002,0.25,4.0,0.9811017051187951,12.268898294881204,True,True
3,10,5,3,2.700000000000002,0.5,4.0,1.0403995729090596,12.45960042709094,True,True
3,10,5,3,2.700000000000002,0.75,4.0,1.097739740057479,12.652260259942521,True,True
3,10,5,3,2.700000000000002,1.0,4.0,1.1531901702565017,12.8468098297435,True,True
3,10,5,3,2.8000000000000016,0.0,4.0,0.8843331397140117,12.115666860285987,True,True
3,10,5,3,2.8000000000000016,0.25,4.0,0.94314448064216,12.306855519357839,True,True
3,10,5,3,2.8000000000000016,0.5,4.0,0.9999999999999991,12.5,True,True
3,10,5,3,2.8000000000000016,0.75,4.0,1.0549683972384774,12.695031602761523,True,True
3,10,5,3,2.8000000000000016,1.0,4.0,1.1081169636282047,12.891883036371794,True,True
3,10,5,3,2.9000000000000017,0.0,4.0,0.8515336228500825,12.148466377149918,True,True
3,10,5,3,2.9000000000000017,0.25,4.0,0.9080315333845093,12.34196846661549,True,True
3,10,5,3,2.9000000000000017,0.5,4.0,0.9626401111768912,12.537359888823108,True,True
3,10,5,3,2.9000000000000017,0.75,4.0,1.0154274458590935,12.734572554140907,True,True
3,10,5,3,2.9000000000000017,1.0,4.0,1.0664600320108955,12.933539967989105,True,True
3,10,5,3,3.0000000000000018,0.0,4.0,0.8210916541997255,12.178908345800274,True,True
3,10,5,3,3.0000000000000018,0.25,4.0,0.8754529163883982,12.374547083611603,True,True
3,10,5,3,3.0000000000000018,0.5,4.0,0.9279871750971429,12.572012824902856,True,True
3,10,5,3,3.0000000000000018,0.75,4.0,0.9787617924646224,12.771238207535378,True,True
3,10,5,3,3.0000000000000018,1.0,4.0,1.0278423776103605,12.97215762238964,True,True
3,10,6,1,1.1,0.0,3.0,0.8766506147737396,3.4566827185595943,True,True
3,10,6,1,1.1,0.25,3.0,1.081766950478451,3.501566382854883,True,True
3,10,6,1,1.1,0.5,3.0,1.2787636689013766,3.5545696644319573,True,True
3,10,6,1,1.1,0.75,3.0,1.4660091275706293,3.6173242057627046,True,True
3,10,6,1,1.1,1.0,3.0,1.6417251802855892,3.6916081530477447,True,True
3,10,6,1,1.2000000000000002,0.0,3.0,0.7822293561803206,3.551103977153013,True,True
3,10,6,1,1.2000000000000002,0.25,3.0,0.9576824505348229,3.625650882798511,True,True
3,10,6,1,1.2000000000000002,0.5,3.0,1.1229854419783307,3.710347891355003,True,True
3,10,6,1,1.2000000000000002,0.75,3.0,1.2771674245422064,3.8061659087911277,True,True
3,10,6,1,1.2000000000000002,1.0,3.0,1.4194475377420193,3.9138857955913147,True,True
3,10,6,1,1.3000000000000003,0.0,3.0,0.7070975931583654,3.6262357401749687,True,True
3,10,6,1,1.3000000000000003,0.25,3.0,0.8610696213800118,3.722263711953322,True,True
3,10,6,1,1.3000000000000003,0.5,3.0,1.0045321363814201,3.828801196951914,True,True
3,10,6,1,1.3000000000000003,0.75,3.0,1.1370706545461144,3.9462626787872193,True,True
3,10,6,1,1.3000000000000003,1.0,3.0,1.2585097212568217,4.0748236120765124,True,True
3,10,6,1,1.4000000000000004,0.0,3.0,0.6456498806014821,3.687683452731852,True,True
3,10,6,1,1.4000000000000004,0.25,3.0,0.7831754883959301,3.800157844937404,True,True
3,10,6,1,1.4000000000000004,0.5,3.0,0.9103967020357551,3.9229366312975786,True,True
3,10,6,1,1.4000000000000004,0.75,3.0,1.027268179551146,4.056065153782188,True,True
3,10,6,1,1.4000000000000004,1.0,3.0,1.1339545771970396,4.199378756136294,True,True
3,10,6,1,1.5000000000000007,0.0,3.0,0.5943364779905658,3.7389968553427684,True,True
3,10,6,1,1.5000000000000007,0.25,3.0,0.7187844926519267,3.8645488406814072,True,True
3,10,6,1,1.5000000000000007,0.5,3.0,0.8333333333333328,4.000000000000001,True,True
3,10,6,1,1.5000000000000007,0.75,3.0,0.9381765495921781,4.145156783741156,True,True
3,10,6,1,1.5000000000000007,1.0,3.0,1.033673504811214,4.29965982852212,True,True
3,10,6,1,1.6000000000000005,0.0,3.0,0.5507733808612234,3.7825599524721105,True,True
3,10,6,1,1.6000000000000005,0.25,3.0,0.6645313175194465,3.9188020158138874,True,True
3,10,6,1,1.6000000000000005,0.5,3.0,0.7688566722262338,4.064476661107101,True,True
3,10,6,1,1.6000000000000005,0.75,3.0,0.8640981550668834,4.219235178266451,True,True
3,10,6,1,1.6000000000000005,1.0,3.0,0.9507283098354995,4.382605023497835,True,True
3,10,6,1,1.7000000000000006,0.0,3.0,0.5132882675338621,3.820045065799472,True,True
3,10,6,1,1.7000000000000006,0.25,3.0,0.6181208146045698,3.965212518728764,True,True
3,10,6,1,1.7000000000000006,0.5,3.0,0.7139919158144836,4.11934141751885,True,True
3,10,6,1,1.7000000000000006,0.75,3.0,0.8013514953758922,4.281981837957442,True,True
3,10,6,1,1.7000000000000006,1.0,3.0,0.8807376412963603,4.452595692036974,True,True
3,10,6,1,1.8000000000000005,0.0,3.0,0.48066767716738656,3.8526656561659474,True,True
3,10,6,1,1.8000000000000005,0.25,3.0,0.5779218501037404,4.005411483229594,True,True
3,10,6,1,1.8000000000000005,0.5,3.0,0.6666666666666663,4.166666666666668,True,True
3,10,6,1,1.8000000000000005,0.75,3.0,0.7474178813239805,4.3359154520093535,True,True
3,10,6,1,1.8000000000000005,1.0,3.0,0.8207502526848718,4.512583080648462,True,True
3,10,6,1,1.9000000000000008,0.0,3.0,0.45200679382536046,3.8813265395079735,True,True
3,10,6,1,1.9000000000000008,0.25,3.0,0.542737378510407,4.040595954822927,True,True
3,10,6,1,1.9000000000000008,0.5,3.0,0.6253825377777407,4.207950795555593,True,True
3,10,6,1,1.9000000000000008,0.75,3.0,0.700500187000052,4.382833146333282,True,True
3,10,6,1,1.9000000000000008,1.0,3.0,0.7686837422738912,4.5646495910594425,True,True
3,10,6,1,2.000000000000001,0.0,3.0,0.42661558184824155,3.9067177514850924,True,True
3,10,6,1,2.000000000000001,0.25,3.0,0.5116658863921808,4.071667446941153,True,True
3,10,6,1,2.000000000000001,0.5,3.0,0.5890239833782238,4.24430934995511,True,True
3,10,6,1,2.000000000000001,0.75,3.0,0.6592738336539135,4.42405949967942,True,True
3,10,6,1,2.000000000000001,1.0,3.0,0.7230160350515662,4.6103172982817675,True,True
3,10,6,1,2.100000000000001,0.0,3.0,0.4039577124876572,3.9293756208456765,True,True
3,10,6,1,2.100000000000001,0.25,3.0,0.48401373344521215,4.099319599888122,True,True
3,10,6,1,2.100000000000001,0.5,3.0,0.5567404861892267,4.276592847144107,True,True
3,10,6,1,2.100000000000001,0.75,3.0,0.6227368433884239,4.46059648994491,True,True
3,10,6,1,2.100000000000001,1.0,3.0,0.6826031756190798,4.650730157714254,True,True
3,10,6,1,2.200000000000001,0.0,3.0,0.3836094804572816,3.949723852876052,True,True
3,10,6,1,2.200000000000001,0.25,3.0,0.4592374819035232,4.124095851429811,True,True
3,10,6,1,2.200000000000001,0.5,3.0,0.5278706202258376,4.305462713107496,True,True
3,10,6,1,2.200000000000001,0.75,3.0,0.5901149012939688,4.493218432039365,True,True
3,10,6,1,2.200000000000001,1.0,3.0,0.6465656590910349,4.686767674242299,True,True
3,10,6,1,2.300000000000001,0.0,3.0,0.3652313827539737,3.96810195057936,True,True
3,10,6,1,2.300000000000001,0.25,3.0,0.43690471207180237,4.146428621261531,True,True
3,10,6,1,2.300000000000001,0.5,3.0,0.5018912922951666,4.3314420410381675,True,True
3,10,6,1,2.300000000000001,0.75,3.0,0.5607987860682471,4.522534547265087,True,True
3,10,6,1,2.300000000000001,1.0,3.0,0.6142143806260312,4.719118952707303,True,True
3,10,6,1,2.4000000000000012,0.0,3.0,0.3485479808940475,3.984785352439286,True,True
3,10,6,1,2.4000000000000012,0.25,3.0,0.4166666666666663,4.166666666666668,True,True
3,10,6,1,2.4000000000000012,0.5,3.0,0.47838277506449844,4.354950558268835,True,True
3,10,6,1,2.4000000000000012,0.75,3.0,0.5343017549256821,4.549031578407652,True,True
3,10,6,1,2.4000000000000012,1.0,3.0,0.5850006672005335,4.7483326661328,True,True
3,10,6,1,2.5000000000000013,0.0,3.0,0.33333333333333304,4.000000000000001,True,True
3,10,6,1,2.5000000000000013,0.25,3.0,0.3982387054163725,4.185094627916961,True,True
3,10,6,1,2.5000000000000013,0.5,3.0,0.45700399728252505,4.376329336050809,True,True
3,10,6,1,2.5000000000000013,0.75,3.0,0.5102297094585153,4.573103623874818,True,True
3,10,6,1,2.5000000000000013,1.0,3.0,0.5584815598877468,4.774851773445587,True,True
3,10,6,1,2.6000000000000014,0.0,3.0,0.3194002640075475,4.013933069325787,True,True
3,10,6,1,2.6000000000000014,0.25,3.0,0.3813860567700449,4.201947276563289,True,True
3,10,6,1,2.6000000000000014,0.5,3.0,0.4374746965180265,4.395858636815308,True,True
3,10,6,1,2.6000000000000014,0.75,3.0,0.488259814419723,4.595073518913611,True,True
3,10,6,1,2.6000000000000014,1.0,3.0,0.5342950885854569,4.7990382447478765,True,True
3,10,6,1,2.700000000000002,0.0,3.0,0.30659232857964347,4.02674100475369,True,True
3,10,6,1,2.700000000000002,0.25,3.0,0.36591324668582637,4.217420086647508,True,True
3,10,6,1,2.700000000000002,0.5,3.0,0.4195622813312563,4.413771052002078,True,True
3,10,6,1,2.700000000000002,0.75,3.0,0.46812486161812794,4.615208471715206,True,True
3,10,6,1,2.700000000000002,1.0,3.0,0.5121422855927422,4.821191047740592,True,True
3,10,6,1,2.8000000000000016,0.0,3.0,0.29477771323800384,4.03855562009533,True,True
3,10,6,1,2.8000000000000016,0.25,3.0,0.35165613241282556,4.231677200920508,True,True
3,10,6,1,2.8000000000000016,0.5,3.0,0.4030719974088508,4.430261335924483,True,True
3,10,6,1,2.8000000000000016,0.75,3.0,0.4496016315611344,4.6337317017721995,True,True
3,10,6,1,2.8000000000000016,1.0,3.0,0.4917738577772881,4.841559475556046,True,True
3,10,6,1,2.9000000000000017,0.0,3.0,0.28384454095002765,4.049488792383306,True,True
3,10,6,1,2.9000000000000017,0.25,3.0,0.3384758152863645,4.244857518046969,True,True
3,10,6,1,2.9000000000000017,0.5,3.0,0.38783945698534517,4.445493876347989,True,True
3,10,6,1,2.9000000000000017,0.75,3.0,0.4325020947162268,4.650831238617107,True,True
3,10,6,1,2.9000000000000017,1.0,3.0,0.4729801493177388,4.860353184015596,True,True
3,10,6,1,3.0000000000000018,0.0,3.0,0.2736972180665753,4.059636115266759,True,True
3,10,6,1,3.0000000000000018,0.25,3.0,0.32625393082154064,4.257079402511794,True,True
3,10,6,1,3.0000000000000018,0.5,3.0,0.3737248879781223,4.459608445355212,True,True
3,10,6,1,3.0000000000000018,0.75,3.0,0.4166666666666665,4.666666666666668,True,True
3,10,6,1,3.0000000000000018,1.0,3.0,0.4555834730964001,4.877749860236934,True,True
3,10,6,2,1.1,0.0,3.0,1.7533012295474792,6.913365437119189,True,True
3,10,6,2,1.1,0.25,3.0,1.9602595804694434,6.956407086197224,True,True
3,10,6,2,1.1,0.5,3.0,2.163533900956902,7.003132765709766,True,True
3,10,6,2,1.1,0.75,3.0,2.3627553424937373,7.0539113241729305,True,True
3,10,6,2,1.1,1.0,3.0,2.557527337802753,7.109139328863915,True,True
3,10,6,2,1.2000000000000002,0.0,3.0,1.5644587123606413,7.102207954306026,True,True
3,10,6,2,1.2000000000000002,0.25,3.0,1.7423185853779555,7.174348081288713,True,True
3,10,6,2,1.2000000000000002,0.5,3.0,1.9153649010696459,7.251301765597022,True,True
3,10,6,2,1.2000000000000002,0.75,3.0,2.083333333333333,7.333333333333335,True,True
3,10,6,2,1.2000000000000002,1.0,3.0,2.2459708839566614,7.420695782710006,True,True
3,10,6,2,1.3000000000000003,0.0,3.0,1.4141951863167308,7.2524714803499375,True,True
3,10,6,2,1.3000000000000003,0.25,3.0,1.5707262664612527,7.345940400205415,True,True
3,10,6,2,1.3000000000000003,0.5,3.0,1.7221392427600235,7.444527423906644,True,True
3,10,6,2,1.3000000000000003,0.75,3.0,1.8682913133600936,7.548375353306574,True,True
3,10,6,2,1.3000000000000003,1.0,3.0,2.0090642727628403,7.657602393903828,True,True
3,10,6,2,1.4000000000000004,0.0,3.0,1.2912997612029642,7.375366905463704,True,True
3,10,6,2,1.4000000000000004,0.25,3.0,1.4313793533684245,7.485287313298244,True,True
3,10,6,2,1.4000000000000004,0.5,3.0,1.5663509767918602,7.600315689874808,True,True
3,10,6,2,1.4000000000000004,0.75,3.0,1.6961639020861994,7.720502764580468,True,True
3,10,6,2,1.4000000000000004,1.0,3.0,1.8207934040715101,7.845873262595157,True,True
3,10,6,2,1.5000000000000007,0.0,3.0,1.1886729559811315,7.477993710685537,True,True
3,10,6,2,1.5000000000000007,0.25,3.0,1.3156058378111526,7.601060828855515,True,True
3,10,6,2,1.5000000000000007,0.5,3.0,1.4375689853038534,7.7290976813628145,True,True
3,10,6,2,1.5000000000000007,0.75,3.0,1.554576754972289,7.862089911694379,True,True
3,10,6,2,1.5000000000000007,1.0,3.0,1.6666666666666656,8.000000000000002,True,True
3,10,6,2,1.6000000000000005,0.0,3.0,1.1015467617224468,7.565119904944221,True,True
3,10,6,2,1.6000000000000005,0.25,3.0,1.2176951074415387,7.698971559225129,True,True
3,10,6,2,1.6000000000000005,0.5,3.0,1.329062635038893,7.837604031627775,True,True
3,10,6,2,1.6000000000000005,0.75,3.0,1.4357090890235087,7.980957577643159,True,True
3,10,6,2,1.6000000000000005,1.0,3.0,1.5377133444524675,8.128953322214201,True,True
3,10,6,2,1.7000000000000006,0.0,3.0,1.0265765350677243,7.640090131598944,True,True
3,10,6,2,1.7000000000000006,0.25,3.0,1.133697007455507,7.782969659211161,True,True
3,10,6,2,1.7000000000000006,0.5,3.0,1.2362416292091396,7.930425037457528,True,True
3,10,6,2,1.7000000000000006,0.75,3.0,1.3343017608243288,8.08236490584234,True,True
3,10,6,2,1.7000000000000006,1.0,3.0,1.4279838316289672,8.2386828350377,True,True
3,10,6,2,1.8000000000000005,0.0,3.0,0.9613353543347731,7.705331312331895,True,True
3,10,6,2,1.8000000000000005,0.25,3.0,1.0607749780173008,7.855891688649367,True,True
3,10,6,2,1.8000000000000005,0.5,3.0,1.1558437002074808,8.010822966459187,True,True
3,10,6,2,1.8000000000000005,0.75,3.0,1.2466548975752403,8.170011769091428,True,True
3,10,6,2,1.8000000000000005,1.0,3.0,1.3333333333333326,8.333333333333336,True,True
3,10,6,2,1.9000000000000008,0.0,3.0,0.9040135876507209,7.762653079015947,True,True
3,10,6,2,1.9000000000000008,0.25,3.0,0.996830875006046,7.919835791660622,True,True
3,10,6,2,1.9000000000000008,0.5,3.0,1.085474757020814,8.081191909645854,True,True
3,10,6,2,1.9000000000000008,0.75,3.0,1.1700738783526448,8.246592788314024,True,True
3,10,6,2,1.9000000000000008,1.0,3.0,1.2507650755554813,8.415901591111187,True,True
3,10,6,2,2.000000000000001,0.0,3.0,0.8532311636964831,7.813435502970185,True,True
3,10,6,2,2.000000000000001,0.25,3.0,0.9402747620313834,7.9763919046352845,True,True
3,10,6,2,2.000000000000001,0.5,3.0,1.0233317727843616,8.143334893882306,True,True
3,10,6,2,2.000000000000001,0.75,3.0,1.102541310613344,8.314125356053324,True,True
3,10,6,2,2.000000000000001,1.0,3.0,1.1780479667564476,8.48861869991022,True,True
3,10,6,2,2.100000000000001,0.0,3.0,0.8079154249753144,7.858751241691353,True,True
3,10,6,2,2.100000000000001,0.25,3.0,0.8898772290420149,8.026789437624654,True,True
3,10,6,2,2.100000000000001,0.5,3.0,0.9680274668904243,8.198639199776244,True,True
3,10,6,2,2.100000000000001,0.75,3.0,1.042512272831464,8.374154393835203,True,True
3,10,6,2,2.100000000000001,1.0,3.0,1.1134809723784533,8.553185694288214,True,True
3,10,6,2,2.200000000000001,0.0,3.0,0.7672189609145632,7.899447705752104,True,True
3,10,6,2,2.200000000000001,0.25,3.0,0.8446711613906794,8.07199550527599,True,True
3,10,6,2,2.200000000000001,0.5,3.0,0.9184749638070464,8.248191702859621,True,True
3,10,6,2,2.200000000000001,0.75,3.0,0.9887810155880312,8.427885651078636,True,True
3,10,6,2,2.200000000000001,1.0,3.0,1.0557412404516753,8.610925426214992,True,True
3,10,6,2,2.300000000000001,0.0,3.0,0.7304627655079474,7.93620390115872,True,True
3,10,6,2,2.300000000000001,0.25,3.0,0.8038844035114465,8.112782263155221,True,True
3,10,6,2,2.300000000000001,0.5,3.0,0.8738094241436047,8.292857242523063,True,True
3,10,6,2,2.300000000000001,0.75,3.0,0.9403911515815806,8.476275515085087,True,True
3,10,6,2,2.300000000000001,1.0,3.0,1.0037825845903332,8.662884082076335,True,True
3,10,6,2,2.4000000000000012,0.0,3.0,0.697095961788095,7.969570704878572,True,True
3,10,6,2,2.4000000000000012,0.25,3.0,0.7668924072028451,8.149774259463822,True,True
3,10,6,2,2.4000000000000012,0.5,3.0,0.8333333333333326,8.333333333333336,True,True
3,10,6,2,2.4000000000000012,0.75,3.0,0.8965733869451964,8.520093279721472,True,True
3,10,6,2,2.4000000000000012,1.0,3.0,0.9567655501289969,8.70990111653767,True,True
3,10,6,2,2.5000000000000013,0.0,3.0,0.6666666666666661,8.000000000000002,True,True
3,10,6,2,2.5000000000000013,0.25,3.0,0.7331841938878911,8.183482472778778,True,True
3,10,6,2,2.5000000000000013,0.5,3.0,0.796477410832745,8.370189255833923,True,True
3,10,6,2,2.5000000000000013,0.75,3.0,0.8567012838711254,8.559965382795543,True,True
3,10,6,2,2.5000000000000013,1.0,3.0,0.9140079945650501,8.752658672101617,True,True
3,10,6,2,2.6000000000000014,0.0,3.0,0.638800528015095,8.027866138651573,True,True
3,10,6,2,2.6000000000000014,0.25,3.0,0.7023374145548869,8.214329252111781,True,True
3,10,6,2,2.6000000000000014,0.5,3.0,0.7627721135400898,8.403894553126579,True,True
3,10,6,2,2.6000000000000014,0.75,3.0,0.8202591665387069,8.596407500127961,True,True
3,10,6,2,2.6000000000000014,1.0,3.0,0.874949393036053,8.791717273630615,True,True
3,10,6,2,2.700000000000002,0.0,3.0,0.6131846571592869,8.05348200950738,True,True
3,10,6,2,2.700000000000002,0.25,3.0,0.6739997651134861,8.242666901553182,True,True
3,10,6,2,2.700000000000002,0.5,3.0,0.7318264933716527,8.434840173295015,True,True
3,10,6,2,2.700000000000002,0.75,3.0,0.7868184065495964,8.629848260117072,True,True
3,10,6,2,2.700000000000002,1.0,3.0,0.8391245626625126,8.827542104004156,True,True
3,10,6,2,2.8000000000000016,0.0,3.0,0.5895554264760077,8.07711124019066,True,True
3,10,6,2,2.8000000000000016,0.25,3.0,0.647874928630789,8.26879173803588,True,True
3,10,6,2,2.8000000000000016,0.5,3.0,0.7033122648256511,8.463354401841016,True,True
3,10,6,2,2.8000000000000016,0.75,3.0,0.7560196147428249,8.660647051923842,True,True
3,10,6,2,2.8000000000000016,1.0,3.0,0.8061439948177016,8.860522671848965,True,True
3,10,6,2,2.9000000000000017,0.0,3.0,0.5676890819000553,8.098977584766612,True,True
3,10,6,2,2.9000000000000017,0.25,3.0,0.6237117981609681,8.2929548685057,True,True
3,10,6,2,2.9000000000000017,0.5,3.0,0.676951630572729,8.489715036093939,True,True
3,10,6,2,2.9000000000000017,0.75,3.0,0.7275590748105003,8.689107591856168,True,True
3,10,6,2,2.9000000000000017,1.0,3.0,0.7756789139706903,8.890987752695978,True,True
3,10,6,2,3.0000000000000018,0.0,3.0,0.5473944361331506,8.119272230533518,True,True
3,10,6,2,3.0000000000000018,0.25,3.0,0.6012961140274169,8.315370552639251,True,True
3,10,6,2,3.0000000000000018,0.5,3.0,0.6525078616430813,8.514158805023587,True,True
3,10,6,2,3.0000000000000018,0.75,3.0,0.7011782743586163,8.715488392308052,True,True
3,10,6,2,3.0000000000000018,1.0,3.0,0.7474497759562446,8.919216890710423,True,True
3,10,6,3,1.1,0.0,3.0,2.6299518443212198,10.37004815567878,True,True
3,10,6,3,1.1,0.25,3.0,2.837498124812945,10.412501875187054,True,True
3,10,6,3,1.1,0.5,3.0,3.0426669718221717,10.457333028177828,True,True
3,10,6,3,1.1,0.75,3.0,3.2453008514353545,10.504699148564645,True,True
3,10,6,3,1.1,1.0,3.0,3.4452336734514266,10.554766326548574,True,True
3,10,6,3,1.2000000000000002,0.0,3.0,2.3466880685409626,10.653311931459037,True,True
3,10,6,3,1.2000000000000002,0.25,3.0,2.5253302978573178,10.724669702142682,True,True
3,10,6,3,1.2000000000000002,0.5,3.0,2.7008231289145526,10.799176871085447,True,True
3,10,6,3,1.2000000000000002,0.75,3.0,2.873047351604469,10.87695264839553,True,True
3,10,6,3,1.2000000000000002,1.0,3.0,3.0418859709873605,10.95811402901264,True,True
3,10,6,3,1.3000000000000003,0.0,3.0,2.1212927794750964,10.878707220524904,True,True
3,10,6,3,1.3000000000000003,0.25,3.0,2.2786653373215717,10.971334662678428,True,True
3,10,6,3,1.3000000000000003,0.5,3.0,2.432660185146056,11.067339814853945,True,True
3,10,6,3,1.3000000000000003,0.75,3.0,2.583208864140036,11.166791135859963,True,True
3,10,6,3,1.3000000000000003,1.0,3.0,2.7302495118837173,11.269750488116284,True,True
3,10,6,3,1.4000000000000004,0.0,3.0,1.9369496418044463,11.063050358195554,True,True
3,10,6,3,1.4000000000000004,0.25,3.0,2.07787571252838,11.17212428747162,True,True
3,10,6,3,1.4000000000000004,0.5,3.0,2.2154107131957366,11.284589286804263,True,True
3,10,6,3,1.4000000000000004,0.75,3.0,2.3495264651877905,11.40047353481221,True,True
3,10,6,3,1.4000000000000004,1.0,3.0,2.4802022801267496,11.51979771987325,True,True
3,10,6,3,1.5000000000000007,0.0,3.0,1.7830094339716975,11.216990566028302,True,True
3,10,6,3,1.5000000000000007,0.25,3.0,1.9107706532951392,11.339229346704862,True,True
3,10,6,3,1.5000000000000007,0.5,3.0,2.0352182800614536,11.464781719938546,True,True
3,10,6,3,1.5000000000000007,0.75,3.0,2.156353477955781,11.593646522044219,True,True
3,10,6,3,1.5000000000000007,1.0,3.0,2.2741843737473904,11.72581562625261,True,True
3,10,6,3,1.6000000000000005,0.0,3.0,1.6523201425836707,11.34767985741633,True,True
3,10,6,3,1.6000000000000005,0.25,3.0,1.7692688501112412,11.480731149888758,True,True
3,10,6,3,1.6000000000000005,0.5,3.0,1.8830194165170528,11.616980583482947,True,True
3,10,6,3,1.6000000000000005,0.75,3.0,1.9935939525583404,11.75640604744166,True,True
3,10,6,3,1.6000000000000005,1.0,3.0,2.1010205144336433,11.898979485566358,True,True
3,10,6,3,1.7000000000000006,0.0,3.0,1.5398648026015866,11.460135197398413,True,True
3,10,6,3,1.7000000000000006,0.25,3.0,1.6477539802440466,11.602246019755952,True,True
3,10,6,3,1.7000000000000006,0.5,3.0,1.7525741920582387,11.747425807941761,True,True
3,10,6,3,1.7000000000000006,0.75,3.0,1.8543624438137103,11.89563755618629,True,True
3,10,6,3,1.7000000000000006,1.0,3.0,1.953160569693729,12.046839430306271,True,True
3,10,6,3,1.8000000000000005,0.0,3.0,1.4420030315021597,11.55799696849784,True,True
3,10,6,3,1.8000000000000005,0.25,3.0,1.5421789875656202,11.70782101243438,True,True
3,10,6,3,1.8000000000000005,0.5,3.0,1.6394172978460118,11.860582702153987,True,True
3,10,6,3,1.8000000000000005,0.75,3.0,1.7337655503112215,12.016234449688778,True,True
3,10,6,3,1.8000000000000005,1.0,3.0,1.8252751012466577,12.174724898753343,True,True
3,10,6,3,1.9000000000000008,0.0,3.0,1.356020381476081,11.643979618523918,True,True
3,10,6,3,1.9000000000000008,0.25,3.0,1.4495423543318156,11.800457645668185,True,True
3,10,6,3,1.9000000000000008,0.5,3.0,1.5402545773885397,11.95974542261146,True,True
3,10,6,3,1.9000000000000008,0.75,3.0,1.6282121355312213,12.121787864468779,True,True
3,10,6,3,1.9000000000000008,1.0,3.0,1.7134729338579335,12.286527066142067,True,True
3,10,6,3,2.000000000000001,0.0,3.0,1.2798467455447247,11.720153254455276,True,True
3,10,6,3,2.000000000000001,0.25,3.0,1.3675647887967264,11.882435211203273,True,True
3,10,6,3,2.000000000000001,0.5,3.0,1.4525949748957263,12.047405025104274,True,True
3,10,6,3,2.000000000000001,0.75,3.0,1.5349976591765424,12.215002340823457,True,True
3,10,6,3,2.000000000000001,1.0,3.0,1.6148351928654954,12.385164807134505,True,True
3,10,6,3,2.100000000000001,0.0,3.0,1.2118731374629714,11.788126862537029,True,True
3,10,6,3,2.100000000000001,0.25,3.0,1.294480839185593,11.955519160814408,True,True
3,10,6,3,2.100000000000001,0.5,3.0,1.3745155257099535,12.125484474290047,True,True
3,10,6,3,2.100000000000001,0.75,3.0,1.4520412003356373,12.297958799664363,True,True
3,10,6,3,2.100000000000001,1.0,3.0,1.527123155745147,12.472876844254852,True,True
3,10,6,3,2.200000000000001,0.0,3.0,1.1508284413718446,11.849171558628155,True,True
3,10,6,3,2.200000000000001,0.25,3.0,1.2288997667507386,12.02110023324926,True,True
3,10,6,3,2.200000000000001,0.5,3.0,1.3045056155653691,12.195494384434632,True,True
3,10,6,3,2.200000000000001,0.75,3.0,1.3777124457105696,12.37228755428943,True,True
3,10,6,3,2.200000000000001,1.0,3.0,1.448587403355626,12.551412596644374,True,True
3,10,6,3,2.300000000000001,0.0,3.0,1.095694148261921,11.90430585173808,True,True
3,10,6,3,2.300000000000001,0.25,3.0,1.1697098869637275,12.080290113036273,True,True
3,10,6,3,2.300000000000001,0.5,3.0,1.2413605404190609,12.25863945958094,True,True
3,10,6,3,2.300000000000001,0.75,3.0,1.3107141362154078,12.439285863784592,True,True
3,10,6,3,2.300000000000001,1.0,3.0,1.3778388806283823,12.622161119371619,True,True
3,10,6,3,2.4000000000000012,0.0,3.0,1.0456439426821422,11.954356057317858,True,True
3,10,6,3,2.4000000000000012,0.25,3.0,1.1160111333082785,12.133988866691721,True,True
3,10,6,3,2.4000000000000012,0.5,3.0,1.1841068401678179,12.315893159832182,True,True
3,10,6,3,2.4000000000000012,0.75,3.0,1.2499999999999991,12.5,True,True
3,10,6,3,2.4000000000000012,1.0,3.0,1.3137592969226723,12.686240703077328,True,True
3,10,6,3,2.5000000000000013,0.0,3.0,0.9999999999999991,12.0,True,True
3,10,6,3,2.5000000000000013,0.25,3.0,1.067066481146072,12.182933518853929,True,True
3,10,6,3,2.5000000000000013,0.5,3.0,1.1319487364389413,12.368051263561059,True,True
3,10,6,3,2.5000000000000013,0.75,3.0,1.1947161162491167,12.555283883750883,True,True
3,10,6,3,2.5000000000000013,1.0,3.0,1.2554373534619705,12.744562646538029,True,True
3,10,6,3,2.6000000000000014,0.0,3.0,0.9582007920226427,12.041799207977357,True,True
3,10,6,3,2.6000000000000014,0.25,3.0,1.0222662922462566,12.227733707753742,True,True
3,10,6,3,2.6000000000000014,0.5,3.0,1.0842289546380766,12.415771045361923,True,True
3,10,6,3,2.6000000000000014,0.75,3.0,1.144158170310134,12.605841829689865,True,True
3,10,6,3,2.6000000000000014,1.0,3.0,1.2021224042426848,12.797877595757315,True,True
3,10,6,3,2.700000000000002,0.0,3.0,0.9197769857389302,12.080223014261069,True,True
3,10,6,3,2.700000000000002,0.25,3.0,0.9811017051187951,12.268898294881204,True,True
3,10,6,3,2.700000000000002,0.5,3.0,1.0403995729090596,12.45960042709094,True,True
3,10,6,3,2.700000000000002,0.75,3.0,1.097739740057479,12.652260259942521,True,True
3,10,6,3,2.700000000000002,1.0,3.0,1.1531901702565017,12.8468098297435,True,True
3,10,6,3,2.8000000000000016,0.0,3.0,0.8843331397140117,12.115666860285987,True,True
3,10,6,3,2.8000000000000016,0.25,3.0,0.94314448064216,12.306855519357839,True,True
3,10,6,3,2.8000000000000016,0.5,3.0,0.9999999999999991,12.5,True,True
3,10,6,3,2.8000000000000016,0.75,3.0,1.0549683972384774,12.695031602761523,True,True
3,10,6,3,2.8000000000000016,1.0,3.0,1.1081169636282047,12.891883036371794,True,True
3,10,6,3,2.9000000000000017,0.0,3.0,0.8515336228500825,12.148466377149918,True,True
3,10,6,3,2.9000000000000017,0.25,3.0,0.9080315333845093,12.34196846661549,True,True
3,10,6,3,2.9000000000000017,0.5,3.0,0.9626401111768912,12.537359888823108,True,True
3,10,6,3,2.9000000000000017,0.75,3.0,1.0154274458590935,12.734572554140907,True,True
3,10,6,3,2.9000000000000017,1.0,3.0,1.0664600320108955,12.933539967989105,True,True
3,10,6,3,3.0000000000000018,0.0,3.0,0.8210916541997255,12.178908345800274,True,True
3,10,6,3,3.0000000000000018,0.25,3.0,0.8754529163883982,12.374547083611603,True,True
3,10,6,3,3.0000000000000018,0.5,3.0,0.9279871750971429,12.572012824902856,True,True
3,10,6,3,3.0000000000000018,0.75,3.0,0.9787617924646224,12.771238207535378,True,True
3,10,6,3,3.0000000000000018,1.0,3.0,1.0278423776103605,12.97215762238964,True,True
3,10,7,1,1.1,0.0,2.0,0.8766506147737396,3.4566827185595943,True,True
3,10,7,1,1.1,0.25,2.0,1.081766950478451,3.501566382854883,True,True
3,10,7,1,1.1,0.5,2.0,1.2787636689013766,3.5545696644319573,True,True
3,10,7,1,1.1,0.75,2.0,1.4660091275706293,3.6173242057627046,True,True
3,10,7,1,1.1,1.0,2.0,1.6417251802855892,3.6916081530477447,True,True
3,10,7,1,1.2000000000000002,0.0,2.0,0.7822293561803206,3.551103977153013,True,True
3,10,7,1,1.2000000000000002,0.25,2.0,0.9576824505348229,3.625650882798511,True,True
3,10,7,1,1.2000000000000002,0.5,2.0,1.1229854419783307,3.710347891355003,True,True
3,10,7,1,1.2000000000000002,0.75,2.0,1.2771674245422064,3.8061659087911277,True,True
3,10,7,1,1.2000000000000002,1.0,2.0,1.4194475377420193,3.9138857955913147,True,True
3,10,7,1,1.3000000000000003,0.0,2.0,0.7070975931583654,3.6262357401749687,True,True
3,10,7,1,1.3000000000000003,0.25,2.0,0.8610696213800118,3.722263711953322,True,True
3,10,7,1,1.3000000000000003,0.5,2.0,1.0045321363814201,3.828801196951914,True,True
3,10,7,1,1.3000000000000003,0.75,2.0,1.1370706545461144,3.9462626787872193,True,True
3,10,7,1,1.3000000000000003,1.0,2.0,1.2585097212568217,4.0748236120765124,True,True
3,10,7,1,1.4000000000000004,0.0,2.0,0.6456498806014821,3.687683452731852,True,True
3,10,7,1,1.4000000000000004,0.25,2.0,0.7831754883959301,3.800157844937404,True,True
3,10,7,1,1.4000000000000004,0.5,2.0,0.9103967020357551,3.9229366312975786,True,True
3,10,7,1,1.4000000000000004,0.75,2.0,1.027268179551146,4.056065153782188,True,True
3,10,7,1,1.4000000000000004,1.0,2.0,1.1339545771970396,4.199378756136294,True,True
3,10,7,1,1.5000000000000007,0.0,2.0,0.5943364779905658,3.7389968553427684,True,True
3,10,7,1,1.5000000000000007,0.25,2.0,0.7187844926519267,3.8645488406814072,True,True
3,10,7,1,1.5000000000000007,0.5,2.0,0.8333333333333328,4.000000000000001,True,True
3,10,7,1,1.5000000000000007,0.75,2.0,0.9381765495921781,4.145156783741156,True,True
3,10,7,1,1.5000000000000007,1.0,2.0,1.033673504811214,4.29965982852212,True,True
3,10,7,1,1.6000000000000005,0.0,2.0,0.5507733808612234,3.7825599524721105,True,True
3,10,7,1,1.6000000000000005,0.25,2.0,0.6645313175194465,3.9188020158138874,True,True
3,10,7,1,1.6000000000000005,0.5,2.0,0.7688566722262338,4.064476661107101,True,True
3,10,7,1,1.6000000000000005,0.75,2.0,0.8640981550668834,4.219235178266451,True,True
3,10,7,1,1.6000000000000005,1.0,2.0,0.9507283098354995,4.382605023497835,True,True
3,10,7,1,1.7000000000000006,0.0,2.0,0.5132882675338621,3.820045065799472,True,True
3,10,7,1,1.7000000000000006,0.25,2.0,0.6181208146045698,3.965212518728764,True,True
3,10,7,1,1.7000000000000006,0.5,2.0,0.7139919158144836,4.11934141751885,True,True
3,10,7,1,1.7000000000000006,0.75,2.0,0.8013514953758922,4.281981837957442,True,True
3,10,7,1,1.7000000000000006,1.0,2.0,0.8807376412963603,4.452595692036974,True,True
3,10,7,1,1.8000000000000005,0.0,2.0,0.48066767716738656,3.8526656561659474,True,True
3,10,7,1,1.8000000000000005,0.25,2.0,0.5779218501037404,4.005411483229594,True,True
3,10,7,1,1.8000000000000005,0.5,2.0,0.6666666666666663,4.166666666666668,True,True
3,10,7,1,1.8000000000000005,0.75,2.0,0.7474178813239805,4.3359154520093535,True,True
3,10,7,1,1.8000000000000005,1.0,2.0,0.8207502526848718,4.512583080648462,True,True
3,10,7,1,1.9000000000000008,0.0,2.0,0.45200679382536046,3.8813265395079735,True,True
3,10,7,1,1.9000000000000008,0.25,2.0,0.542737378510407,4.040595954822927,True,True
3,10,7,1,1.9000000000000008,0.5,2.0,0.6253825377777407,4.207950795555593,True,True
3,10,7,1,1.9000000000000008,0.75,2.0,0.700500187000052,4.382833146333282,True,True
3,10,7,1,1.9000000000000008,1.0,2.0,0.7686837422738912,4.5646495910594425,True,True
3,10,7,1,2.000000000000001,0.0,2.0,0.42661558184824155,3.9067177514850924,True,True
3,10,7,1,2.000000000000001,0.25,2.0,0.5116658863921808,4.071667446941153,True,True
3,10,7,1,2.000000000000001,0.5,2.0,0.5890239833782238,4.24430934995511,True,True
3,10,7,1,2.000000000000001,0.75,2.0,0.6592738336539135,4.42405949967942,True,True
3,10,7,1,2.000000000000001,1.0,2.0,0.7230160350515662,4.6103172982817675,True,True
3,10,7,1,2.100000000000001,0.0,2.0,0.4039577124876572,3.9293756208456765,True,True
3,10,7,1,2.100000000000001,0.25,2.0,0.48401373344521215,4.099319599888122,True,True
3,10,7,1,2.100000000000001,0.5,2.0,0.5567404861892267,4.276592847144107,True,True
3,10,7,1,2.100000000000001,0.75,2.0,0.6227368433884239,4.46059648994491,True,True
3,10,7,1,2.100000000000001,1.0,2.0,0.6826031756190798,4.650730157714254,True,True
3,10,7,1,2.200000000000001,0.0,2.0,0.3836094804572816,3.949723852876052,True,True
3,10,7,1,2.200000000000001,0.25,2.0,0.4592374819035232,4.124095851429811,True,True
3,10,7,1,2.200000000000001,0.5,2.0,0.5278706202258376,4.305462713107496,True,True
3,10,7,1,2.200000000000001,0.75,2.0,0.5901149012939688,4.493218432039365,True,True
3,10,7,1,2.200000000000001,1.0,2.0,0.6465656590910349,4.686767674242299,True,True
3,10,7,1,2.300000000000001,0.0,2.0,0.3652313827539737,3.96810195057936,True,True
3,10,7,1,2.300000000000001,0.25,2.0,0.43690471207180237,4.146428621261531,True,True
3,10,7,1,2.300000000000001,0.5,2.0,0.5018912922951666,4.3314420410381675,True,True
3,10,7,1,2.300000000000001,0.75,2.0,0.5607987860682471,4.522534547265087,True,True
3,10,7,1,2.300000000000001,1.0,2.0,0.6142143806260312,4.719118952707303,True,True
3,10,7,1,2.4000000000000012,0.0,2.0,0.3485479808940475,3.984785352439286,True,True
3,10,7,1,2.4000000000000012,0.25,2.0,0.4166666666666663,4.166666666666668,True,True
3,10,7,1,2.4000000000000012,0.5,2.0,0.47838277506449844,4.354950558268835,True,True
3,10,7,1,2.4000000000000012,0.75,2.0,0.5343017549256821,4.549031578407652,True,True
3,10,7,1,2.4000000000000012,1.0,2.0,0.5850006672005335,4.7483326661328,True,True
3,10,7,1,2.5000000000000013,0.0,2.0,0.33333333333333304,4.000000000000001,True,True
3,10,7,1,2.5000000000000013,0.25,2.0,0.3982387054163725,4.185094627916961,True,True
3,10,7,1,2.5000000000000013,0.5,2.0,0.45700399728252505,4.376329336050809,True,True
3,10,7,1,2.5000000000000013,0.75,2.0,0.5102297094585153,4.573103623874818,True,True
3,10,7,1,2.5000000000000013,1.0,2.0,0.5584815598877468,4.774851773445587,True,True
3,10,7,1,2.6000000000000014,0.0,2.0,0.3194002640075475,4.013933069325787,True,True
3,10,7,1,2.6000000000000014,0.25,2.0,0.3813860567700449,4.201947276563289,True,True
3,10,7,1,2.6000000000000014,0.5,2.0,0.4374746965180265,4.395858636815308,True,True
3,10,7,1,2.6000000000000014,0.75,2.0,0.488259814419723,4.595073518913611,True,True
3,10,7,1,2.6000000000000014,1.0,2.0,0.5342950885854569,4.7990382447478765,True,True
3,10,7,1,2.700000000000002,0.0,2.0,0.30659232857964347,4.02674100475369,True,True
3,10,7,1,2.700000000000002,0.25,2.0,0.36591324668582637,4.217420086647508,True,True
3,10,7,1,2.700000000000002,0.5,2.0,0.4195622813312563,4.413771052002078,True,True
3,10,7,1,2.700000000000002,0.75,2.0,0.46812486161812794,4.615208471715206,True,True
3,10,7,1,2.700000000000002,1.0,2.0,0.5121422855927422,4.821191047740592,True,True
3,10,7,1,2.8000000000000016,0.0,2.0,0.29477771323800384,4.03855562009533,True,True
3,10,7,1,2.8000000000000016,0.25,2.0,0.35165613241282556,4.231677200920508,True,True
3,10,7,1,2.8000000000000016,0.5,2.0,0.4030719974088508,4.430261335924483,True,True
3,10,7,1,2.8000000000000016,0.75,2.0,0.4496016315611344,4.6337317017721995,True,True
3,10,7,1,2.8000000000000016,1.0,2.0,0.4917738577772881,4.841559475556046,True,True
3,10,7,1,2.9000000000000017,0.0,2.0,0.28384454095002765,4.049488792383306,True,True
3,10,7,1,2.9000000000000017,0.25,2.0,0.3384758152863645,4.244857518046969,True,True
3,10,7,1,2.9000000000000017,0.5,2.0,0.38783945698534517,4.445493876347989,True,True
3,10,7,1,2.9000000000000017,0.75,2.0,0.4325020947162268,4.650831238617107,True,True
3,10,7,1,2.9000000000000017,1.0,2.0,0.4729801493177388,4.860353184015596,True,True
3,10,7,1,3.0000000000000018,0.0,2.0,0.2736972180665753,4.059636115266759,True,True
3,10,7,1,3.0000000000000018,0.25,2.0,0.32625393082154064,4.257079402511794,True,True
3,10,7,1,3.0000000000000018,0.5,2.0,0.3737248879781223,4.459608445355212,True,True
3,10,7,1,3.0000000000000018,0.75,2.0,0.4166666666666665,4.666666666666668,True,True
3,10,7,1,3.0000000000000018,1.0,2.0,0.4555834730964001,4.877749860236934,True,True
3,10,7,2,1.1,0.0,2.0,1.7533012295474792,6.913365437119189,True,True
3,10,7,2,1.1,0.25,2.0,1.9602595804694434,6.956407086197224,True,True
3,10,7,2,1.1,0.5,2.0,2.163533900956902,7.003132765709766,True,True
3,10,7,2,1.1,0.75,2.0,2.3627553424937373,7.0539113241729305,True,True
3,10,7,2,1.1,1.0,2.0,2.557527337802753,7.109139328863915,True,True
3,10,7,2,1.2000000000000002,0.0,2.0,1.5644587123606413,7.102207954306026,True,True
3,10,7,2,1.2000000000000002,0.25,2.0,1.7423185853779555,7.174348081288713,True,True
3,10,7,2,1.2000000000000002,0.5,2.0,1.9153649010696459,7.251301765597022,True,True
3,10,7,2,1.2000000000000002,0.75,2.0,2.083333333333333,7.333333333333335,True,True
3,10,7,2,1.2000000000000002,1.0,2.0,2.2459708839566614,7.420695782710006,True,True
3,10,7,2,1.3000000000000003,0.0,2.0,1.4141951863167308,7.2524714803499375,True,True
3,10,7,2,1.3000000000000003,0.25,2.0,1.5707262664612527,7.345940400205415,True,True
3,10,7,2,1.3000000000000003,0.5,2.0,1.7221392427600235,7.444527423906644,True,True
3,10,7,2,1.3000000000000003,0.75,2.0,1.8682913133600936,7.548375353306574,True,True
3,10,7,2,1.3000000000000003,1.0,2.0,2.0090642727628403,7.657602393903828,True,True
3,10,7,2,1.4000000000000004,0.0,2.0,1.2912997612029642,7.375366905463704,True,True
3,10,7,2,1.4000000000000004,0.25,2.0,1.4313793533684245,7.485287313298244,True,True
3,10,7,2,1.4000000000000004,0.5,2.0,1.5663509767918602,7.600315689874808,True,True
3,10,7,2,1.4000000000000004,0.75,2.0,1.6961639020861994,7.720502764580468,True,True
3,10,7,2,1.4000000000000004,1.0,2.0,1.8207934040715101,7.845873262595157,True,True
3,10,7,2,1.5000000000000007,0.0,2.0,1.1886729559811315,7.477993710685537,True,True
3,10,7,2,1.5000000000000007,0.25,2.0,1.3156058378111526,7.601060828855515,True,True
3,10,7,2,1.5000000000000007,0.5,2.0,1.4375689853038534,7.7290976813628145,True,True
3,10,7,2,1.5000000000000007,0.75,2.0,1.554576754972289,7.862089911694379,True,True
3,10,7,2,1.5000000000000007,1.0,2.0,1.6666666666666656,8.000000000000002,True,True
3,10,7,2,1.6000000000000005,0.0,2.0,1.1015467617224468,7.565119904944221,True,True
3,10,7,2,1.6000000000000005,0.25,2.0,1.2176951074415387,7.698971559225129,True,True
3,10,7,2,1.6000000000000005,0.5,2.0,1.329062635038893,7.837604031627775,True,True
3,10,7,2,1.6000000000000005,0.75,2.0,1.4357090890235087,7.980957577643159,True,True
3,10,7,2,1.6000000000000005,1.0,2.0,1.5377133444524675,8.128953322214201,True,True
3,10,7,2,1.7000000000000006,0.0,2.0,1.0265765350677243,7.640090131598944,True,True
3,10,7,2,1.7000000000000006,0.25,2.0,1.133697007455507,7.782969659211161,True,True
3,10,7,2,1.7000000000000006,0.5,2.0,1.2362416292091396,7.930425037457528,True,True
3,10,7,2,1.7000000000000006,0.75,2.0,1.3343017608243288,8.08236490584234,True,True
3,10,7,2,1.7000000000000006,1.0,2.0,1.4279838316289672,8.2386828350377,True,True
3,10,7,2,1.8000000000000005,0.0,2.0,0.9613353543347731,7.705331312331895,True,True
3,10,7,2,1.8000000000000005,0.25,2.0,1.0607749780173008,7.855891688649367,True,True
3,10,7,2,1.8000000000000005,0.5,2.0,1.1558437002074808,8.010822966459187,True,True
3,10,7,2,1.8000000000000005,0.75,2.0,1.2466548975752403,8.170011769091428,True,True
3,10,7,2,1.8000000000000005,1.0,2.0,1.3333333333333326,8.333333333333336,True,True
3,10,7,2,1.9000000000000008,0.0,2.0,0.9040135876507209,7.762653079015947,True,True
3,10,7,2,1.9000000000000008,0.25,2.0,0.996830875006046,7.919835791660622,True,True
3,10,7,2,1.9000000000000008,0.5,2.0,1.085474757020814,8.081191909645854,True,True
3,10,7,2,1.9000000000000008,0.75,2.0,1.1700738783526448,8.246592788314024,True,True
3,10,7,2,1.9000000000000008,1.0,2.0,1.2507650755554813,8.415901591111187,True,True
3,10,7,2,2.000000000000001,0.0,2.0,0.8532311636964831,7.813435502970185,True,True
3,10,7,2,2.000000000000001,0.25,2.0,0.9402747620313834,7.9763919046352845,True,True
3,10,7,2,2.000000000000001,0.5,2.0,1.0233317727843616,8.143334893882306,True,True
3,10,7,2,2.000000000000001,0.75,2.0,1.102541310613344,8.314125356053324,True,True
3,10,7,2,2.000000000000001,1.0,2.0,1.1780479667564476,8.48861869991022,True,True
3,10,7,2,2.100000000000001,0.0,2.0,0.8079154249753144,7.858751241691353,True,True
3,10,7,2,2.100000000000001,0.25,2.0,0.8898772290420149,8.026789437624654,True,True
3,10,7,2,2.100000000000001,0.5,2.0,0.9680274668904243,8.198639199776244,True,True
3,10,7,2,2.100000000000001,0.75,2.0,1.042512272831464,8.374154393835203,True,True
3,10,7,2,2.100000000000001,1.0,2.0,1.1134809723784533,8.553185694288214,True,True
3,10,7,2,2.200000000000001,0.0,2.0,0.7672189609145632,7.899447705752104,True,True
3,10,7,2,2.200000000000001,0.25,2.0,0.8446711613906794,8.07199550527599,True,True
3,10,7,2,2.200000000000001,0.5,2.0,0.9184749638070464,8.248191702859621,True,True
3,10,7,2,2.200000000000001,0.75,2.0,0.9887810155880312,8.427885651078636,True,True
3,10,7,2,2.200000000000001,1.0,2.0,1.0557412404516753,8.610925426214992,True,True
3,10,7,2,2.300000000000001,0.0,2.0,0.7304627655079474,7.93620390115872,True,True
3,10,7,2,2.300000000000001,0.25,2.0,0.8038844035114465,8.112782263155221,True,True
3,10,7,2,2.300000000000001,0.5,2.0,0.8738094241436047,8.292857242523063,True,True
3,10,7,2,2.300000000000001,0.75,2.0,0.9403911515815806,8.476275515085087,True,True
3,10,7,2,2.300000000000001,1.0,2.0,1.0037825845903332,8.662884082076335,True,True
3,10,7,2,2.4000000000000012,0.0,2.0,0.697095961788095,7.969570704878572,True,True
3,10,7,2,2.4000000000000012,0.25,2.0,0.7668924072028451,8.149774259463822,True,True
3,10,7,2,2.4000000000000012,0.5,2.0,0.8333333333333326,8.333333333333336,True,True
3,10,7,2,2.4000000000000012,0.75,2.0,0.8965733869451964,8.520093279721472,True,True
3,10,7,2,2.4000000000000012,1.0,2.0,0.9567655501289969,8.70990111653767,True,True
3,10,7,2,2.5000000000000013,0.0,2.0,0.6666666666666661,8.000000000000002,True,True
3,10,7,2,2.5000000000000013,0.25,2.0,0.7331841938878911,8.183482472778778,True,True
3,10,7,2,2.5000000000000013,0.5,2.0,0.796477410832745,8.370189255833923,True,True
3,10,7,2,2.5000000000000013,0.75,2.0,0.8567012838711254,8.559965382795543,True,True
3,10,7,2,2.5000000000000013,1.0,2.0,0.9140079945650501,8.752658672101617,True,True
3,10,7,2,2.6000000000000014,0.0,2.0,0.638800528015095,8.027866138651573,True,True
3,10,7,2,2.6000000000000014,0.25,2.0,0.7023374145548869,8.214329252111781,True,True
3,10,7,2,2.6000000000000014,0.5,2.0,0.7627721135400898,8.403894553126579,True,True
3,10,7,2,2.6000000000000014,0.75,2.0,0.8202591665387069,8.596407500127961,True,True
3,10,7,2,2.6000000000000014,1.0,2.0,0.874949393036053,8.791717273630615,True,True
3,10,7,2,2.700000000000002,0.0,2.0,0.6131846571592869,8.05348200950738,True,True
3,10,7,2,2.700000000000002,0.25,2.0,0.6739997651134861,8.242666901553182,True,True
3,10,7,2,2.700000000000002,0.5,2.0,0.7318264933716527,8.434840173295015,True,True
3,10,7,2,2.700000000000002,0.75,2.0,0.7868184065495964,8.629848260117072,True,True
3,10,7,2,2.700000000000002,1.0,2.0,0.8391245626625126,8.827542104004156,True,True
3,10,7,2,2.8000000000000016,0.0,2.0,0.5895554264760077,8.07711124019066,True,True
3,10,7,2,2.8000000000000016,0.25,2.0,0.647874928630789,8.26879173803588,True,True
3,10,7,2,2.8000000000000016,0.5,2.0,0.7033122648256511,8.463354401841016,True,True
3,10,7,2,2.8000000000000016,0.75,2.0,0.7560196147428249,8.660647051923842,True,True
3,10,7,2,2.8000000000000016,1.0,2.0,0.8061439948177016,8.860522671848965,True,True
3,10,7,2,2.9000000000000017,0.0,2.0,0.5676890819000553,8.098977584766612,True,True
3,10,7,2,2.9000000000000017,0.25,2.0,0.6237117981609681,8.2929548685057,True,True
3,10,7,2,2.9000000000000017,0.5,2.0,0.676951630572729,8.489715036093939,True,True
3,10,7,2,2.9000000000000017,0.75,2.0,0.7275590748105003,8.689107591856168,True,True
3,10,7,2,2.9000000000000017,1.0,2.0,0.7756789139706903,8.890987752695978,True,True
3,10,7,2,3.0000000000000018,0.0,2.0,0.5473944361331506,8.119272230533518,True,True
3,10,7,2,3.0000000000000018,0.25,2.0,0.6012961140274169,8.315370552639251,True,True
3,10,7,2,3.0000000000000018,0.5,2.0,0.6525078616430813,8.514158805023587,True,True
3,10,7,2,3.0000000000000018,0.75,2.0,0.7011782743586163,8.715488392308052,True,True
3,10,7,2,3.0000000000000018,1.0,2.0,0.7474497759562446,8.919216890710423,True,True
3,10,7,3,1.1,0.0,2.0,2.6299518443212198,10.37004815567878,True,True
3,10,7,3,1.1,0.25,2.0,2.837498124812945,10.412501875187054,True,True
3,10,7,3,1.1,0.5,2.0,3.0426669718221717,10.457333028177828,True,True
3,10,7,3,1.1,0.75,2.0,3.2453008514353545,10.504699148564645,True,True
3,10,7,3,1.1,1.0,2.0,3.4452336734514266,10.554766326548574,True,True
3,10,7,3,1.2000000000000002,0.0,2.0,2.3466880685409626,10.653311931459037,True,True
3,10,7,3,1.2000000000000002,0.25,2.0,2.5253302978573178,10.724669702142682,True,True
3,10,7,3,1.2000000000000002,0.5,2.0,2.7008231289145526,10.799176871085447,True,True
3,10,7,3,1.2000000000000002,0.75,2.0,2.873047351604469,10.87695264839553,True,True
3,10,7,3,1.2000000000000002,1.0,2.0,3.0418859709873605,10.95811402901264,True,True
3,10,7,3,1.3000000000000003,0.0,2.0,2.1212927794750964,10.878707220524904,True,True
3,10,7,3,1.3000000000000003,0.25,2.0,2.2786653373215717,10.971334662678428,True,True
3,10,7,3,1.3000000000000003,0.5,2.0,2.432660185146056,11.067339814853945,True,True
3,10,7,3,1.3000000000000003,0.75,2.0,2.583208864140036,11.166791135859963,True,True
3,10,7,3,1.3000000000000003,1.0,2.0,2.7302495118837173,11.269750488116284,True,True
3,10,7,3,1.4000000000000004,0.0,2.0,1.9369496418044463,11.063050358195554,True,True
3,10,7,3,1.4000000000000004,0.25,2.0,2.07787571252838,11.17212428747162,True,True
3,10,7,3,1.4000000000000004,0.5,2.0,2.2154107131957366,11.284589286804263,True,True
3,10,7,3,1.4000000000000004,0.75,2.0,2.3495264651877905,11.40047353481221,True,True
3,10,7,3,1.4000000000000004,1.0,2.0,2.4802022801267496,11.51979771987325,True,True
3,10,7,3,1.5000000000000007,0.0,2.0,1.7830094339716975,11.216990566028302,True,True
3,10,7,3,1.5000000000000007,0.25,2.0,1.9107706532951392,11.339229346704862,True,True
3,10,7,3,1.5000000000000007,0.5,2.0,2.0352182800614536,11.464781719938546,True,True
3,10,7,3,1.5000000000000007,0.75,2.0,2.156353477955781,11.593646522044219,True,True
3,10,7,3,1.5000000000000007,1.0,2.0,2.2741843737473904,11.72581562625261,True,True
3,10,7,3,1.6000000000000005,0.0,2.0,1.6523201425836707,11.34767985741633,True,True
3,10,7,3,1.6000000000000005,0.25,2.0,1.7692688501112412,11.480731149888758,True,True
3,10,7,3,1.6000000000000005,0.5,2.0,1.8830194165170528,11.616980583482947,True,True
3,10,7,3,1.6000000000000005,0.75,2.0,1.9935939525583404,11.75640604744166,True,True
3,10,7,3,1.6000000000000005,1.0,2.0,2.1010205144336433,11.898979485566358,True,True
3,10,7,3,1.7000000000000006,0.0,2.0,1.5398648026015866,11.460135197398413,True,True
3,10,7,3,1.7000000000000006,0.25,2.0,1.6477539802440466,11.602246019755952,True,True
3,10,7,3,1.7000000000000006,0.5,2.0,1.7525741920582387,11.747425807941761,True,True
3,10,7,3,1.7000000000000006,0.75,2.0,1.8543624438137103,11.89563755618629,True,True
3,10,7,3,1.7000000000000006,1.0,2.0,1.953160569693729,12.046839430306271,True,True
3,10,7,3,1.8000000000000005,0.0,2.0,1.4420030315021597,11.55799696849784,True,True
3,10,7,3,1.8000000000000005,0.25,2.0,1.5421789875656202,11.70782101243438,True,True
3,10,7,3,1.8000000000000005,0.5,2.0,1.6394172978460118,11.860582702153987,True,True
3,10,7,3,1.8000000000000005,0.75,2.0,1.7337655503112215,12.016234449688778,True,True
3,10,7,3,1.8000000000000005,1.0,2.0,1.8252751012466577,12.174724898753343,True,True
3,10,7,3,1.9000000000000008,0.0,2.0,1.356020381476081,11.643979618523918,True,True
3,10,7,3,1.9000000000000008,0.25,2.0,1.4495423543318156,11.800457645668185,True,True
3,10,7,3,1.9000000000000008,0.5,2.0,1.5402545773885397,11.95974542261146,True,True
3,10,7,3,1.9000000000000008,0.75,2.0,1.6282121355312213,12.121787864468779,True,True
3,10,7,3,1.9000000000000008,1.0,2.0,1.7134729338579335,12.286527066142067,True,True
3,10,7,3,2.000000000000001,0.0,2.0,1.2798467455447247,11.720153254455276,True,True
3,10,7,3,2.000000000000001,0.25,2.0,1.3675647887967264,11.882435211203273,True,True
3,10,7,3,2.000000000000001,0.5,2.0,1.4525949748957263,12.047405025104274,True,True
3,10,7,3,2.000000000000001,0.75,2.0,1.5349976591765424,12.215002340823457,True,True
3,10,7,3,2.000000000000001,1.0,2.0,1.6148351928654954,12.385164807134505,True,True
3,10,7,3,2.100000000000001,0.0,2.0,1.2118731374629714,11.788126862537029,True,True
3,10,7,3,2.100000000000001,0.25,2.0,1.294480839185593,11.955519160814408,True,True
3,10,7,3,2.100000000000001,0.5,2.0,1.3745155257099535,12.125484474290047,True,True
3,10,7,3,2.100000000000001,0.75,2.0,1.4520412003356373,12.297958799664363,True,True
3,10,7,3,2.100000000000001,1.0,2.0,1.527123155745147,12.472876844254852,True,True
3,10,7,3,2.200000000000001,0.0,2.0,1.1508284413718446,11.849171558628155,True,True
3,10,7,3,2.200000000000001,0.25,2.0,1.2288997667507386,12.02110023324926,True,True
3,10,7,3,2.200000000000001,0.5,2.0,1.3045056155653691,12.195494384434632,True,True
3,10,7,3,2.200000000000001,0.75,2.0,1.3777124457105696,12.37228755428943,True,True
3,10,7,3,2.200000000000001,1.0,2.0,1.448587403355626,12.551412596644374,True,True
3,10,7,3,2.300000000000001,0.0,2.0,1.095694148261921,11.90430585173808,True,True
3,10,7,3,2.300000000000001,0.25,2.0,1.1697098869637275,12.080290113036273,True,True
3,10,7,3,2.300000000000001,0.5,2.0,1.2413605404190609,12.25863945958094,True,True
3,10,7,3,2.300000000000001,0.75,2.0,1.3107141362154078,12.439285863784592,True,True
3,10,7,3,2.300000000000001,1.0,2.0,1.3778388806283823,12.622161119371619,True,True
3,10,7,3,2.4000000000000012,0.0,2.0,1.0456439426821422,11.954356057317858,True,True
3,10,7,3,2.4000000000000012,0.25,2.0,1.1160111333082785,12.133988866691721,True,True
3,10,7,3,2.4000000000000012,0.5,2.0,1.1841068401678179,12.315893159832182,True,True
3,10,7,3,2.4000000000000012,0.75,2.0,1.2499999999999991,12.5,True,True
3,10,7,3,2.4000000000000012,1.0,2.0,1.3137592969226723,12.686240703077328,True,True
3,10,7,3,2.5000000000000013,0.0,2.0,0.9999999999999991,12.0,True,True
3,10,7,3,2.5000000000000013,0.25,2.0,1.067066481146072,12.182933518853929,True,True
3,10,7,3,2.5000000000000013,0.5,2.0,1.1319487364389413,12.368051263561059,True,True
3,10,7,3,2.5000000000000013,0.75,2.0,1.1947161162491167,12.555283883750883,True,True
3,10,7,3,2.5000000000000013,1.0,2.0,1.2554373534619705,12.744562646538029,True,True
3,10,7,3,2.6000000000000014,0.0,2.0,0.9582007920226427,12.041799207977357,True,True
3,10,7,3,2.6000000000000014,0.25,2.0,1.0222662922462566,12.227733707753742,True,True
3,10,7,3,2.6000000000000014,0.5,2.0,1.0842289546380766,12.415771045361923,True,True
3,10,7,3,2.6000000000000014,0.75,2.0,1.144158170310134,12.605841829689865,True,True
3,10,7,3,2.6000000000000014,1.0,2.0,1.2021224042426848,12.797877595757315,True,True
3,10,7,3,2.700000000000002,0.0,2.0,0.9197769857389302,12.080223014261069,True,True
3,10,7,3,2.700000000000002,0.25,2.0,0.9811017051187951,12.268898294881204,True,True
3,10,7,3,2.700000000000002,0.5,2.0,1.0403995729090596,12.45960042709094,True,True
3,10,7,3,2.700000000000002,0.75,2.0,1.097739740057479,12.652260259942521,True,True
3,10,7,3,2.700000000000002,1.0,2.0,1.1531901702565017,12.8468098297435,True,True
3,10,7,3,2.8000000000000016,0.0,2.0,0.8843331397140117,12.115666860285987,True,True
3,10,7,3,2.8000000000000016,0.25,2.0,0.94314448064216,12.306855519357839,True,True
3,10,7,3,2.8000000000000016,0.5,2.0,0.9999999999999991,12.5,True,True
3,10,7,3,2.8000000000000016,0.75,2.0,1.0549683972384774,12.695031602761523,True,True
3,10,7,3,2.8000000000000016,1.0,2.0,1.1081169636282047,12.891883036371794,True,True
3,10,7,3,2.9000000000000017,0.0,2.0,0.8515336228500825,12.148466377149918,True,True
3,10,7,3,2.9000000000000017,0.25,2.0,0.9080315333845093,12.34196846661549,True,True
3,10,7,3,2.9000000000000017,0.5,2.0,0.9626401111768912,12.537359888823108,True,True
3,10,7,3,2.9000000000000017,0.75,2.0,1.0154274458590935,12.734572554140907,True,True
3,10,7,3,2.9000000000000017,1.0,2.0,1.0664600320108955,12.933539967989105,True,True
3,10,7,3,3.0000000000000018,0.0,2.0,0.8210916541997255,12.178908345800274,True,True
3,10,7,3,3.0000000000000018,0.25,2.0,0.8754529163883982,12.374547083611603,True,True
3,10,7,3,3.0000000000000018,0.5,2.0,0.9279871750971429,12.572012824902856,True,True
3,10,7,3,3.0000000000000018,0.75,2.0,0.9787617924646224,12.771238207535378,True,True
3,10,7,3,3.0000000000000018,1.0,2.0,1.0278423776103605,12.97215762238964,True,True
